resort_name,local_name,country,region,ski_area,type,opening_date_2026_27,opening_date_status,max_elevation_m,piste_km,ticket_price_min,ticket_price_max,currency,price_status,driving_distance_km_from_milan,driving_time_h_from_milan,road_head,freeride_score_0_5,ski_touring_score_0_5,score_notes,webcam_url,comments,sources,confidence
Orelle,,FR,Savoie,3 Vallées,Glacier + non-glacier,2026-11-21,confirmed_2026_27,3230,150,73.5,73.5,EUR,published_2026_27,252,3.03,,3.5,3.0,"Orelle side (Bouchet, Rosael, Peyron) has long north-facing off-piste vallons under the 3230 m Pointe du Bouchet chair; touring in the Maurienne side valleys is modest.",https://orelle.net/station-ski/webcams,"Maurienne-side gateway: gondola from Francoz hamlet (D1006; A43/Frejus route from Italy, no winter pass closure) reaches 2300 m in 13 min; 1093 parking spaces at gondola; 2026/27 Orelle-Val Thorens day 73.50 EUR (19 Dec-2 May), 66.10 EUR early season; 10% discount buying online at ski.orelle.net; type follows shared VT-Orelle area (Peclet glacier); 22 Nov 2025 gondola opening = official season date, not separately confirmed",https://orelle.net/station-ski/domaine-skiable | https://ski.orelle.net/tarifs/ | https://orelle.net/station-ski/forfaits-de-ski | https://www.les3vallees.com/en/live/lifts-and-trails-opening | https://www.valthorens.com/en/ski/forfaits/forfait-journee/ | https://www.skiresort.com/en/ski-resort/les-3-vallees-val-thorens-les-menuires-meribel-courchevel/ | https://orelle.net/station-ski/webcams,medium
Tignes,,FR,Savoie,Tignes–Val d'Isère (Espace Killy),Glacier + non-glacier,2026-11-21,confirmed_2026_27,3456,300,78.0,78.0,EUR,published_2026_27,416,5.25,,4.5,4.5,"Rubric benchmark: Grande Motte/Grande Balme/Toviere off-piste, huge guiding scene and freeride-event history; touring 4.5 with Vanoise classics (Col du Palet, Pointe de la Sana, Grande Motte) and reliable snow.",https://en.tignes.net/webcams,"Grande Motte glacier: winter 22 Nov 2025-3 May 2026, no autumn glacier product before the November opening (summer skiing 20 Jun-19 Jul 2026); 2026/27 public rates 12 Dec 2026-23 Apr 2027: joint pass 78 EUR, Tignes-only 70 EUR, lower avant-premiere rates 21 Nov-11 Dec; link to Val d'Isere from 28 Nov 2026; Col de l'Iseran and Petit-Saint-Bernard closed in winter - access via Bourg-Saint-Maurice; base = Tignes-le-Lac (Grande Motte funicular at Val Claret 1.5 km) Milan route forced via Albertville to avoid closed Petit Saint-Bernard.",https://en.tignes.net/resort-opening-dates | https://travmedia.com/showPRPreview/100114942 | https://public.tignes.net/TIGNES.NET/TARIFS/TARIFS_FORFAITS_HIVER.pdf | https://en.tignes.net/skiing/ski-pass-you-need | https://en.tignes.net/skiing/winter-ski-area | https://www.france-montagnes.com/experiences/dates-douverture-des-domaines-skiables-saison-25-26/ | https://www.skiresort.com/en/ski-resort/tignes-val-disere/ | https://en.tignes.net/webcams,high
Val Thorens,,FR,Savoie,3 Vallées,Glacier + non-glacier,2026-11-21,confirmed_2026_27,3230,150,73.5,73.5,EUR,published_2026_27,392,4.78,,4.0,3.5,"FWT Val Thorens Pro stop (2026), Peclet/Thorens glacier and Lac du Lou off-piste above 3000 m; touring via Cime Caron-Col de Thorens and Vanoise access is snow-sure but of limited variety.",https://www.valthorens.com/en/webcams/,"Opened 22 Nov 2025 with 18 lifts (Grande Premiere); 2026/27 adult day 73.50 EUR from 19 Dec 2026 (66.10 EUR 21 Nov-18 Dec); Belleville valley pass 79 EUR, 3 Vallees 84.20 EUR (2026/27); Peclet glacier lift-served; highest point Pointe du Bouchet 3230 m (skiresort)",https://www.mon-sejour-en-montagne.com/actualites/neige-soleil-et-15-000-skieurs-une-ouverture-reussie-a-val-thorens-pour-la-saison-2025-2026/ | https://www.valthorens.com/en/ski/forfaits/forfait-journee/ | https://ski.orelle.net/tarifs/ | https://www.les3vallees.com/en/live/lifts-and-trails-opening | https://orelle.net/station-ski/domaine-skiable | https://www.skiresort.com/en/ski-resort/les-3-vallees-val-thorens-les-menuires-meribel-courchevel/ | https://www.valthorens.com/en/webcams/,high
Les 7 Laux,,FR,Isère,Les 7 Laux,Non-glacier,2026-11-26,estimated_from_2025_26,2400,120,45.0,45.0,EUR,published_2026_27,365,4.33,,3.5,3.5,"Marked but ungroomed 'Freeski' itineraries (Vallons du Pra, Combe de Bedina couloirs) and self-described largest freeride area around Grenoble; Belledonne touring (Refuge de la Pra, marked ascent route Les Fanges) with many documented day tours but modest altitude.",https://www.les7laux.com/hiver/ski-alpin-nordique-autres-glisses/ski/webcams/,"Dynamic pricing online (0-10% off day and 4-hour passes); 2026/27 grid: high season (weekends, holidays, school breaks) adult day 45, low season Mon-Fri 42; base = Prapoutel (Gresivaudan side), Le Pleynet (Haut-Breda via Allevard) is an alternative base; 2025/26: 2 lifts at Pipay from 27 Nov 2025 then weekend openings, full season from 20 Dec 2025; top elevation from skiresort (official site gives no figure); official 26/27 dates not yet online. Aggregator/press lists a provisional 2026/27 opening of 2026-12-19, not confirmed by the operator; date shown is the 2025/26 opening shifted.",https://www.skipass.com/news/ouverture-des-7-laux-jeudi-27-novembre.html | https://www.les7laux.com/hiver/ski-alpin-nordique-autres-glisses/ski/forfaits-tarifs/ | https://www.les7laux.com/hiver/ski-alpin-nordique-autres-glisses/glisse/ski-freeride/ | https://www.les7laux.com/hiver/ | https://www.parcsetloisirs.fr/actualite/saison-de-ski-2026-2027-les-dates-douverture-de-toutes-les-stations-des-alpes-departement-par-departement | https://www.skiresort.com/en/ski-resort/les-7-laux-prapoutel-le-pleynet-pipay/,medium
Chamonix,,FR,Haute-Savoie,"Chamonix Mont-Blanc (Brévent-Flégère, Grands Montets, Balme, Aiguille du Midi)",Glacier + non-glacier,2026-11-28,estimated_from_2025_26,3842,110,74.0,74.0,EUR,estimated_from_2025_26,243,3.09,,5.0,5.0,"Former FWT venue; Vallée Blanche, Grands Montets and Brévent couloirs; Haute Route start with Compagnie des Guides/ENSA make it a world touring hub.",https://www.chamonix.com/webcams,"Via Mont Blanc tunnel (no extended closure in 2026, only autumn night closures); Col des Montets may close for avalanche risk. Aiguille du Midi 3842 m = lift-served glacier off-piste (Vallée Blanche, Mont Blanc Unlimited pass), cable car closed 2 Nov-18 Dec 2026; marked pistes top out at 2765 m (Bochard) while Grands Montets summit 3275 m stays closed until Dec 2027 (new Argentière-Lognan gondola due summer 2026, Plan Joran gondola reopens 5 Dec 2026). 2025/26 opened 29 Nov (Grands Montets Plan Joran/Bochard/Tabé + Flégère), Brévent and Balme 13 Dec, Les Houches 6 Dec. Dynamic online pricing from 47 EUR off-peak; 74 EUR = peak ticket-office price 20 Dec-27 Mar; Mont Blanc Unlimited 1 day 100 EUR. skiresort.com sums valley areas incl. Les Houches to about 169 km. Aggregator/press lists a provisional 2026/27 opening of 2026-11-28, not confirmed by the operator; date shown is the 2025/26 opening shifted.",https://domaineschamonix.montblancnaturalresort.com/en/ticketing/chamonix-lepass | https://domaineschamonix.montblancnaturalresort.com/en/area/grands-montets | https://www.actumontagne.com/sports/ski/chamonix-les-grands-montets-et-la-flegere-ouvrent-des-ce-samedi-29-novembre/ | https://www.mon-sejour-en-montagne.com/actualites/forfaits-de-ski-a-chamonix-on-connait-deja-les-prix-pour-la-saison-2025-2026/ | https://sallanches.info/actualites/calendrier-ouverture-telepherique-grands-montets-chamonix-2026/ | https://www.chamonix.com/informations-remontees-mecaniques-en-temps-reel | https://www.alti-mag.com/dates-douverture-stations-ski | https://www.skiresort.com/en/ski-resort/aiguille-du-midi-chamonix/ | https://www.skiresort.com/en/ski-resort/grands-montets-argentiere-chamonix/ | https://nosalpes.eu/fr/2026/08/31/cette-annee-aucune-fermeture-prolongee-pour-le-tunnel-du-mont-blanc/,medium
Chamrousse,,FR,Isère,Chamrousse,Non-glacier,2026-11-28,estimated_from_2025_26,2250,90,43.5,43.5,EUR,estimated_from_2025_26,398,4.77,,3.0,3.0,"Mainly on-piste Grenoble day-trip resort with limited off-piste (Casserousse, Lacs Robert sector); very popular local Belledonne touring with marked ascent routes but little variety or altitude.",https://www.chamrousse.com/webcams.html,"2025/26: pre-opening weekend 29-30 Nov 2025 then continuous opening 6 Dec 2025-12 Apr 2026 (official); official 26/27 dates not yet online, skiresort shows 28 Nov 2026 while Parcs & Loisirs gives 5 Dec 2026; base = Recoin 1650/1750 (Croix de Chamrousse gondola); day-pass discount for online purchase; 2026/27 day price not yet published (ticketing SPA). Aggregator/press lists a provisional 2026/27 opening of 2026-12-05, not confirmed by the operator; date shown is the 2025/26 opening shifted.",https://www.franceinfo.fr/economie/tourisme/chamrousse-en-isere-ouverture-anticipee-pour-la-station-de-ski_7643129.html | https://www.chamrousse.com/ouverture-alpin-piste-remontee.html | https://www.chamrousse.com/remontees-mecaniques.html | https://ski.chamrousse.com/ | https://www.skiresort.com/en/ski-resort/chamrousse/ | https://www.parcsetloisirs.fr/actualite/saison-de-ski-2026-2027-les-dates-douverture-de-toutes-les-stations-des-alpes-departement-par-departement,medium
La Clusaz,,FR,Haute-Savoie,La Clusaz–Manigod,Non-glacier,2026-11-28,estimated_from_2025_26,2485,125,49.9,56.5,EUR,estimated_from_2025_26,317,4.13,,4.0,4.0,"Balme sector hosted FWQ freeride events; Combe de Borderan/Fernuy off-piste; Aravis touring classics (Pointe Percée, Trou de la Mouche, Combe des Aravis).",https://www.laclusaz.com/webcams/,"Base = Bossonnet lift and car park in the village. From Italy via Mont Blanc tunnel-Sallanches-Col des Aravis (normally kept open, may close in heavy snow) or A41 Annecy. Dynamic pricing: Prem's online 29.90-49.90 EUR (49.90 = max, bought 2+ days ahead) vs 56.50 EUR window price (2025/26 tariff still displayed; 2026/27 not yet online). 2025/26 pre-openings 29-30 Nov (Balme) and 6-7 Dec; continuous 13 Dec 2025-26 Apr 2026. Elevation: skiresort.com 2485 m; official/aggregators quote 2500-2600 m. Manigod on same pass.",https://forfait.laclusaz.com/fr/tarifs-forfait-la-clusaz | https://www.bergfex.com/la-clusaz/ | https://www.visiter-laclusaz.com/activite/44-remontees-mecaniques-hiver | https://www.skiinfo.fr/alpes-du-nord/la-clusaz/station-de-ski | https://www.skiresort.com/en/ski-resort/la-clusaz-manigod/ | https://www.laclusaz.com/,medium
Les 2 Alpes,,FR,Isère,Les 2 Alpes,Glacier + non-glacier,2026-11-28,confirmed_2026_27,3600,220,68.0,68.0,EUR,published_2026_27,309,4.28,,4.0,4.0,"Strong lift-served off-piste (Vallons de la Selle, Vallons du Diable, Chalance, Dome de la Lauze descent towards La Grave with a guide) and a big guide scene; the brief's rubric names Les 2 Alpes as a 4.0 touring example (Ecrins access, Vallon de la Selle, Pied Moutet).",https://www.les2alpes.com/hiver/live/webcams/,"No autumn glacier opening since 2023, winter now starts late November; 2025/26 planned opening 29 Nov 2025 not independently confirmed as operated; official 'Hiver 2027' skipass page lists SKIPASS JOURNEE adult 68.00 (skiresort shows 66 for 2025/26); official top 3600 m is a marketing figure, skiresort gives 3523 m; family/tribe passes use period tiers (avant saison, saison 19 Dec-9 Apr, fin de saison); Supernova pass adds Alpe d'Huez and La Grave; glacier skiing continues to early July.",https://www.les2alpes.com/hiver/ | https://www.les2alpes.com/hiver/skier-aux-2-alpes/domaine-skiable/ | https://www.les2alpes.com/hiver/skier-aux-2-alpes/preparer-sa-journee-de-ski/acheter-mon-ski-pass/ | https://www.france-montagnes.com/experiences/dates-douverture-des-domaines-skiables-saison-25-26/ | https://passion2alpes.com/infos/dates | https://www.alti-mag.com/alti-actus/ou-skier-cet-automne | https://www.skiresort.com/en/ski-resort/les-2-alpes/,medium
Montgenèvre,,FR,Hautes-Alpes,Via Lattea (Vialattea) – Montgenèvre sector,Non-glacier,2026-11-28,confirmed_2026_27,2648,95,56.0,56.0,EUR,published_2026_27,236,3.00,,3.5,3.5,"Good but less-known off-piste (Gondrans bowls, Rocher de l'Aigle, Chalvet north side) inside the 400 km Vialattea; solid local touring (Chaberton, Gondrans) with the renowned Claree valley (Nevache) 20 min away.",https://montgenevre.com/hiver/en-direct/webcams-montgenevre,"2026/27 peak price 19 Dec 2026-11 Apr 2027 (shoulder 45.50); Montgenèvre + Monts de la Lune pass 58.50; Voie Lactee international pass valid 19 Dec 2026-11 Apr 2027; 2025/26 day pass was 52 EUR; resort sits on Col de Montgenevre (N94/SS24), open all year from Italy; local top lift point 2648 m (Via Lattea max 2823 m).",https://montgenevre.com/ | https://skipass.montgenevre.com/fr/tarifs-guichet | https://www.envie-de-brianconnais.com/agenda/ouverture-station-montgenevre-hiver-2026-2027/ | https://france3-regions.franceinfo.fr/provence-alpes-cote-d-azur/alpes-maritimes/carte-saison-d-hiver-2025-2026-voici-toutes-les-dates-d-ouverture-des-stations-de-ski-des-alpes-du-sud-3229196.html | https://www.skiinfo.fr/alpes-du-sud/montgenevre/forfaits-de-ski | https://www.skiresort.com/en/ski-resort/via-lattea-sestriere-sauze-doulx-san-sicario-claviere-montgenevre/,high
Val d'Isère,,FR,Savoie,Tignes–Val d'Isère (Espace Killy),Glacier + non-glacier,2026-11-28,confirmed_2026_27,3456,300,78.0,78.0,EUR,published_2026_27,418,5.35,,5.0,4.5,"Rubric benchmark 5.0: world-famous off-piste (Tour du Charvet, Banane, Col Pers, Fornet/Pissaillas), deep guiding scene and FWT/FWQ history; touring 4.5 with Vanoise high-alpine classics.",https://www.valdisere.com/live/webcams/,"Pissaillas glacier lift-served (Le Fornet); Val d'Isere side reaches 'over 3400 m', 3456 m is the Grande Motte top of the shared area; joint-pass price from Tignes 2026/27 public-rates PDF (Val d'Isere shop is interactive; a Val d'Isere-only pass exists, price not extracted; skiinfo shows 75 EUR joint pass 2025/26); Col de l'Iseran closed in winter Milan route forced via Albertville to avoid closed Iseran, Mont Cenis.",https://www.valdisere.com/en/ | https://www.france-montagnes.com/experiences/dates-douverture-des-domaines-skiables-saison-25-26/ | https://www.valdisere.com/en/val-disere-in-winter/skiing-winter-fun/ski-area-french-alps/ | https://public.tignes.net/TIGNES.NET/TARIFS/TARIFS_FORFAITS_HIVER.pdf | https://www.valdisere.ski/en/skipass-prices | https://www.skiinfo.fr/tignes-val-disere/forfaits-de-ski | https://www.skiresort.com/en/ski-resort/tignes-val-disere/ | https://www.valdisere.com/live/webcams/,medium
Courchevel,,FR,Savoie,3 Vallées,Non-glacier,2026-12-04,confirmed_2026_27,2738,150,77.0,77.0,EUR,published_2026_27,378,4.56,,3.5,3.0,Grand Couloir and Saulire/Creux Noirs couloirs give real off-piste but the resort is on-piste/luxury oriented with no FWT history; little touring culture beyond the Vanoise fringe.,https://courchevel.com/en/livecams/webcam/,"Villages 1850/1650/1550/Le Praz/La Tania = one row; 2026/27 high-season (19 Dec-9 Apr) adult day 77 EUR, low season cheaper; 3 Vallees day pass 84.20 EUR 2026/27; Courchevel valley km not stated on official pages fetched (3 Vallees 600 km); Saulire 2738 m from Wikipedia cross-check",https://www.les3vallees.com/en/live/lifts-and-trails-opening | https://www.france-montagnes.com/experiences/dates-douverture-des-domaines-skiables-saison-25-26/ | https://www.skipasscourchevel.com/en/courchevel-skipass-prices | https://courchevel.com/en/le-domaine-skiable-des-3-vallees/ | https://en.wikipedia.org/wiki/Courchevel | https://www.skiresort.com/en/ski-resort/les-3-vallees-val-thorens-les-menuires-meribel-courchevel/ | https://courchevel.com/en/livecams/webcam/ | https://courchevel.com/en/forfaits-de-ski/,medium
Alpe d'Huez,,FR,Isère,Alpe d'Huez Grand Domaine,Glacier + non-glacier,2026-12-05,confirmed_2026_27,3330,250,66.0,66.0,EUR,estimated_from_2025_26,326,4.58,,4.0,3.5,"Rubric 4.0 example: big lift-served off-piste (Sarenne/Pic Blanc glacier, Combe du Loup, Grand Sablat, Vaujany and Oz couloirs) with an established guide scene; Grandes Rousses touring (Etendard, Col de la Pyramide, Pic Blanc) is documented but the resort is not a touring hub.",https://www.alpedhuez.com/en/webcams/,"2025/26 pass grid uses period tiers, high season 20 Dec 2025-10 Apr 2026 adult day 66.00 (progressive pricing by period, not dynamic); 2026/27 day price not yet visible (JS ticketing site); a snow-dependent early weekend 29-30 Nov 2025 was floated but no confirmation found, official opening 6 Dec 2025; from Italy either Frejus tunnel-Grenoble or Montgenevre-Briancon-Col du Lautaret (kept open in winter, storm closures possible).",https://skipass.alpedhuez.com/hiver/en/ | https://skipass.alpedhuez.com/hiver/en/all-news/ | https://www.agencehenry.com/alpe-dhuez-2025-2026-ouverture-du-domaine-tarifs-promos-et-bons-plans-pour-skier-moins-cher.html | https://www.parenthese-vacances.com/evenements/ouverture-saison-hiver-2025/2026-alpe-dhuez-grand-domaine-ski-47 | https://www.skiresort.com/en/ski-resort/alpe-dhuez/ | https://www.alpedhuez.com/en/webcams/ | https://www.skiinfo.fr/alpe-dhuez-grand-domaine-ski/dates-ouverture-stations,medium
Auron,,FR,Alpes-Maritimes,Auron (Stations du Mercantour),Non-glacier,2026-12-05,confirmed_2026_27,2450,135,44.0,44.0,EUR,estimated_from_2025_26,408,5.25,,3.0,3.0,Mainly on-piste with some off-piste under Las Donnas and no freeride events; Mercantour/Tinee touring is decent but modest.,https://www.stationsnicecotedazur.com/fr/webcam/auron/,"Official day-price page shows 44 EUR but without a season label (skiinfo: 44 EUR for 2025/26, +2 EUR card; 2026/27 price not confirmed); Col de la Lombarde closed in winter, so from Italy via Ventimiglia-Nice-Tinee valley (M2205) or the Col de Tende tunnel; base = Auron village (Las Donnas cable car). Milan route forced via Nice to avoid closed Lombarde.",https://hiver.auron.com/ | https://hiver.auron.com/forfaits/tarifs-journee-1-2-journee/ | https://www.stationsnicecotedazur.com/fr/le-domaine | https://www.monaco-tribune.com/2025/12/isola-2000-auron-on-connait-la-date-douverture-des-stations-de-ski-du-mercantour/ | https://www.skiinfo.fr/alpes-du-sud/auron/forfaits-de-ski | https://www.skiresort.com/en/ski-resort/auron-saint-etienne-de-tinee/,medium
Châtel,,FR,Haute-Savoie,Portes du Soleil,Non-glacier,2026-12-05,confirmed_2026_27,2200,120,55.0,55.0,EUR,published_2026_27,305,4.38,,3.0,3.0,Linga north faces and Cornebois off-piste; valley touring to Mont de Grange/Cornettes de Bise.,https://www.chatel.com/en/webcams/,"Base = Linga gondola car park (Route de Pré-la-Joux); Super-Châtel gondola in the village; La Chapelle-d'Abondance is a linked village on the same pass. From Italy via Grand-Saint-Bernard/Martigny-Monthey-Pas de Morgins (open in winter). 2025/26: partial from 6 Dec (Avoriaz pre-opening with Châtel link; bergfex), 13 Dec partial, 20 Dec total, closed 19 Apr 2026. 2026/27: partial 5-6 Dec and 12-18 Dec, total 19 Dec 2026-18 Apr 2027. Espace Liberté 55 EUR high season (47 off-peak/late season); Portes du Soleil 69 EUR; online rates lower than desk. Top 2200 m per skiinfo; bergfex quotes 2466 m (summit).",https://www.chatel.com/skier/dates-douverture-du-domaine-skiable/ | https://www.skipass-chatel.com/en/tarifs-hiver | https://www.chatel.com/skier/domaines-skiables/ | https://www.avoriaz.com/en/winter/pre-opening/ski-area/ | https://www.bergfex.com/chatel/ | https://www.skiinfo.fr/alpes-du-nord/chatel/station-de-ski | https://www.skiresort.com/en/ski-resort/les-portes-du-soleil-morzine-avoriaz-les-gets-chatel-morgins-champery/,medium
Flaine,,FR,Haute-Savoie,Le Grand Massif,Non-glacier,2026-12-05,confirmed_2026_27,2500,265,63.0,63.0,EUR,published_2026_27,300,4.07,,3.5,3.0,"Gers bowl, Désert de Platé and Grandes Platières off-piste are well known; touring mostly Platé plateau/Tête Pelouse day tours.",https://www.flaine.com/en/webcams/,"Base = Flaine Forum/Front de Neige car parks (via Cluses, A40; from Italy via Mont Blanc tunnel). 2025/26 pre-opening 29-30 Nov 2025 (Aup de Véran sector), official 6 Dec 2025-19 Apr 2026. 2026/27: 5 Dec 2026-18 Apr 2027 (5-18 Dec subject to snow). Local Flaine-only pass 60.70 EUR (2026/27); Grand Massif 63 EUR (+2 EUR keycard). Top: official 2500 m (Grandes Platières), skiresort.com 2480 m.",https://www.flaine.com/en/winter-openings-27/ | https://www.flaine.com/en/flaine-ski-resort-opening-2025-early-season-deals/ | https://www.grand-massif.com/en/grand-massif-opening/ | https://www.grand-massif.com/en/ski-offers/package-rates/ | https://www.flaine.com/domaine-skiable/ | https://www.skiresort.com/en/ski-resort/le-grand-massif-flaine-les-carroz-morillon-samoens-sixt/,high
Isola 2000,,FR,Alpes-Maritimes,Isola 2000 (Stations du Mercantour),Non-glacier,2026-12-05,confirmed_2026_27,2610,120,44.0,44.0,EUR,estimated_from_2025_26,406,5.19,,3.0,3.0,"Snow-sure Mercantour bowls with some off-piste (Pelevos, Sistron) but no FWQ pedigree; touring toward Col de la Lombarde/Mercantour is decent but limited.",https://www.stationsnicecotedazur.com/fr/webcam/isola/,"Continuous opening 6 Dec 2025-19 Apr 2026 after the 29-30 Nov pre-opening; official 2025/26 day price 44 EUR (card extra, insurance 3.50), 2026/27 price not published; Col de la Lombarde (from Vinadio) closed in winter, so from Italy via Ventimiglia-Nice-Tinee valley or the Col de Tende tunnel. Milan route forced via Nice to avoid closed Lombarde.",https://isola2000.com/forfaits-ski/ | https://isola2000.com/hiver/ | https://www.stationsnicecotedazur.com/fr/le-domaine | https://www.nicecotedazur.org/actualites/preouverture-a-isola-2000-les-29-et-30-novembre-2025/ | https://www.monaco-tribune.com/2025/12/isola-2000-auron-on-connait-la-date-douverture-des-stations-de-ski-du-mercantour/ | https://www.skiinfo.fr/alpes-du-sud/isola-2000/forfaits-de-ski | https://www.skiresort.com/en/ski-resort/isola-2000/,medium
Le Grand-Bornand,,FR,Haute-Savoie,Le Grand-Bornand,Non-glacier,2026-12-05,estimated_from_2025_26,2100,90,52.0,52.0,EUR,published_2026_27,384,4.79,,3.0,3.5,"Lachat/Almet off-piste is limited; good Aravis touring access (Pointe Percée north side, Col des Annes, Pointe d'Almet).",https://www.legrandbornand.com/webcams/,"Base = Le Chinaillon (1300 m) ski-village car parks; village gondola (Rosay) lower. Col de la Colombière closed in winter (approach via Thônes/Saint-Jean-de-Sixt). 2025/26 dates (6-7 Dec weekend, continuous 13 Dec 2025-10 Apr 2026) are planned dates from aggregators, not separately verified. 2026/27: 12 Dec 2026-11 Apr 2027; day pass 52 EUR (official 2026/27 tariff). Aggregator/press lists a provisional 2026/27 opening of 2026-12-12, not confirmed by the operator; date shown is the 2025/26 opening shifted. Milan route forced via Albertville to avoid closed Colombière.",https://pass.legrandbornand.com/fr/tarifs | https://www.alti-mag.com/domaines-skiables/le-grand-bornand-alpin | https://www.legrandbornand.com/ | https://www.bergfex.com/le-grand-bornand/ | https://www.skiresort.com/en/ski-resort/le-grand-bornand/ | https://www.alti-mag.com/dates-douverture-stations-ski,medium
Les Contamines-Montjoie,,FR,Haute-Savoie,Les Contamines-Hauteluce (Evasion Mont-Blanc pass),Non-glacier,2026-12-05,confirmed_2026_27,2487,120,55.8,55.8,EUR,published_2026_27,272,3.65,,3.5,4.0,"Good lift-served off-piste (Col du Joly, Aiguille Croche, Nant Rouge); strong touring (Dômes de Miage, Tré-la-Tête, Col de la Fenêtre) inside the nature reserve with an active guide office.",https://www.lescontamines.com/hiver/webcams,"Base = Télécabine du Lay (main car park); Télécabine de la Gorge is the second base (works summer 2026). 2025/26: partial 6-7 Dec and 13-19 Dec, general 20 Dec 2025-12 Apr 2026. 2026/27: partial 5-6 Dec and 12-18 Dec, general 19 Dec 2026-10 Apr 2027. Elevation: lift-co states 1164-2500 m, bergfex 2487 m, skiresort.com 2437 m. Also on the Evasion Mont-Blanc pass (65 EUR 2026/27). Route via Mont Blanc tunnel-Saint-Gervais.",https://skipass.lescontamines.net/fr/forfait-contamines | https://www.lescontamines.com/hiver/actualites | https://www.bergfex.com/les-contamines-montjoie/ | https://www.skiresort.com/en/ski-resort/les-contamines-hauteluce/ | https://www.alti-mag.com/dates-douverture-stations-ski,high
Les Menuires,,FR,Savoie,3 Vallées,Non-glacier,2026-12-05,confirmed_2026_27,2804,160,67.0,67.0,EUR,estimated_from_2025_26,384,4.76,,3.5,3.0,"La Masse sector (Vallon du Lou, Lac du Lou) offers good north-facing off-piste; no FWT history; touring limited to Belleville valley routes.",https://lesmenuires.com/en/webcams,"2025/26 Les Menuires/Saint-Martin adult day 67 EUR (20 Dec 2025-10 Apr 2026, official PDF; Belleville valley pass 77, 3 Vallees 81.80); 2026/27 day price not yet online (sales open early Oct 2026; 3 Vallees 84.20, Belleville valley 79); Pointe de la Masse gondola top altitude not verified on fetched sources (Sevabel map shows 3 Marches 2704 m)",https://lesmenuires.com/en/resort-opening | https://assets.ctfassets.net/4a1jxa5u6hbl/6CmYw4WjvB79AgqrJGGOfB/ee8f9cd466fa8c606c3909d4c437cb82/GUIDEDESTARIFS_25-26-V3.pdf | https://www.skipass-lesmenuires.com/en/menuires-stmartin-winter | https://www.skipass-lesmenuires.com/en/ | https://www.les3vallees.com/en/live/lifts-and-trails-opening | https://www.skiresort.com/en/ski-resort/les-3-vallees-val-thorens-les-menuires-meribel-courchevel/ | https://lesmenuires.com/en/webcams | https://lesmenuires.com/en/pointe-de-la-masse-winter,medium
Les Orres,,FR,Hautes-Alpes,Les Orres,Non-glacier,2026-12-05,confirmed_2026_27,2720,100,43.2,45.5,EUR,published_2026_27,312,4.35,,3.0,3.0,"Sunny, mostly groomed Serre-Poncon resort with modest off-piste (Pousterle, Boussolenc) and no FWQ history; limited touring around the Parpaillon massif.",https://www.lesorres.com/en/webcams,"2026/27 high season 19 Dec 2026-19 Mar 2027: window 45.50, online 48 h ahead 43.20 (mid season 38.50, low 34.00); 2025/26 day pass 42-44.50 per aggregators; base = Les Orres 1650 centre (Bois Mean 1800 is a second front de neige); access via Embrun (D40).",https://www.lesorres.com/en/skiing-in-les-orres/the-ski-area | https://forfait.lesorres.com/fr/forfaits-ski | https://www.lesorres.com/en | https://www.envie-de-serre-poncon.com/event/ouverture-les-orres-hiver-2025-2026 | https://mesinfos.fr/provence-alpes-cote-d-azur/ouverture-des-stations-de-ski-la-saison-20252026-dans-les-hautes-alpes-233012.html | https://france3-regions.franceinfo.fr/provence-alpes-cote-d-azur/alpes-maritimes/carte-saison-d-hiver-2025-2026-voici-toutes-les-dates-d-ouverture-des-stations-de-ski-des-alpes-du-sud-3229196.html | https://www.skiresort.com/en/ski-resort/les-orres/,high
Megève,,FR,Haute-Savoie,Evasion Mont-Blanc,Non-glacier,2026-12-05,confirmed_2026_27,2353,400,65.0,65.0,EUR,published_2026_27,273,3.60,,3.0,3.0,"Mainly groomed-piste resort; limited off-piste at Cote 2000/Mont Joly; modest local touring (Mont Joly, Aiguille Croche).",https://www.megeve-tourisme.fr/en/informations-pratiques/infos-live/webcams/,"Base = Rochebrune cable car and car park. Route via Mont Blanc tunnel-Sallanches. 2025/26: exceptional Cote 2000 opening 29-30 Nov 2025 (25 EUR day), Mont d'Arbois 8-12 Dec, general 20 Dec 2025-6 Apr 2026. 2026/27: partial 5-6 Dec (Cote 2000, Mont d'Arbois), general 19 Dec 2026-4 Apr 2027. Price = Evasion Mont-Blanc 1-day haute saison 2026/27 (65 EUR; 12-18 Dec 52 EUR) as published by the Saint-Gervais and Portes du Mont-Blanc lift-co sites; Megève 2025/26 PDF was 63.50. Top 2353 m = Mont Joly (Saint-Gervais sector), Megève's own sectors are lower; bergfex quotes 1113-2350 m and Evasion 445 km.",https://forfait.megeve.com/hiver/en/ski-area-opening-information/ | https://forfait.megeve.com/hiver/wp-content/uploads/sites/7/2025/07/2025-2026-tarifs-Evasion-FR.pdf | https://www.ski-saintgervais.com/fr/tarifs-evasion-mont-blanc | https://www.lesportesdumontblanc.fr/hiver/tarifs-hiver-ski-portes-du-mont-blanc-et-evasion/ | https://www.skiresort.com/en/ski-resort/megeve-saint-gervais/ | https://www.bergfex.com/megeve/ | https://www.alti-mag.com/dates-douverture-stations-ski,medium
Méribel,,FR,Savoie,3 Vallées,Non-glacier,2026-12-05,confirmed_2026_27,2952,150,71.2,71.2,EUR,published_2026_27,372,4.44,,3.5,3.0,"Mont Vallon and Gebroulaz glacier itineraries plus Roc de Fer/Col du Fruit off-piste, but a mainly on-piste family resort; touring limited to the Vanoise fringe (Refuge du Saut).",https://www.meribel.net/en/practical-information/webcams/,"Incl. Meribel-Mottaret; Meribel valley day price not shown in static HTML of the official shops (2026/27 high season 19 Dec-2 Apr: 2-day 142.40 EUR, 6-day 356 EUR; 3 Vallees day 84.20 EUR) - left blank; valley km not stated on official pages fetched; Mont Vallon 2952 m from Wikipedia cross-check",https://www.meribel.net/informations-pratiques/ouverture-plan-pistes-3-vallees/ | https://www.les3vallees.com/en/live/lifts-and-trails-opening | https://www.skipassmeribelmottaret.com/en/meribel-skipass-prices | https://www.meribel.net/forfaits-de-ski-meribel-et-3-vallees/ | https://www.meribel.net/en/ski-area/ | https://en.wikipedia.org/wiki/M%C3%A9ribel | https://www.skiresort.com/en/ski-resort/les-3-vallees-val-thorens-les-menuires-meribel-courchevel/ | https://www.meribel.net/en/practical-information/webcams/ | https://www.meribel.net/forfaits-de-ski-meribel-et-3-vallees/ | https://www.skipassmeribelmottaret.com/en/meribel-skipass-prices,low
Oz-en-Oisans,,FR,Isère,Alpe d'Huez Grand Domaine,Glacier + non-glacier,2026-12-05,confirmed_2026_27,3330,250,66.0,66.0,EUR,estimated_from_2025_26,333,4.75,,3.5,3.0,"Oz's Poutran gondolas give direct access to Grand Domaine off-piste (Vaujany couloirs, Alpette, Sarenne) but the resort itself is small and family-focused; local touring options are limited.",https://www.oz-en-oisans.com/ete/infos-pratiques/infos-live/webcams/,"Purpose-built Oz station at 1350 m (marketed as Oz 3300), gondolas to L'Alpette and Alpe d'Huez; type reflects glacier terrain reached via the linked Grand Domaine; Grand Domaine pass is the standard product and sector passes were not verified; webcam page sits under the summer path but is the live multi-cam page; 2026/27 day price not yet published. Milan route forced via Bourg-d'Oisans to avoid closed Glandon.",https://skipass.alpedhuez.com/hiver/en/ | https://www.skiinfo.fr/alpe-dhuez-grand-domaine-ski/dates-ouverture-stations | https://www.agencehenry.com/alpe-dhuez-2025-2026-ouverture-du-domaine-tarifs-promos-et-bons-plans-pour-skier-moins-cher.html | https://www.skiresort.com/en/ski-resort/alpe-dhuez/ | https://www.oz-en-oisans.com/ete/infos-pratiques/infos-live/webcams/,medium
Risoul,,FR,Hautes-Alpes,La Forêt Blanche (Vars–Risoul),Non-glacier,2026-12-05,confirmed_2026_27,2750,185,58.0,58.0,EUR,published_2026_27,294,4.05,,3.0,3.0,"Family resort, mostly on-piste; tree skiing and Foret Blanche off-piste shared with Vars but little freeride profile; limited local touring (Pointe de Razis, Col de Valbelle).",https://www.risoul.com/webcams.html,"2026/27: reduced-domain pre-opening 5-11 Dec 2026 then full opening 12 Dec 2026-11 Apr 2027 (official); Labellemontagne operator, card 2 EUR, web-only promos (e.g. Saturday pass 46.50 instead of 58 in 2025/26); no Risoul-only day pass found in shop; access from Guillestre (D902/D186).",https://www.risoul.com/le-domaine-skiable-de-risoul-la-foret-blanche.html | https://www.risoul.com/achat-tarifs-forfaits.html | https://risoul.labellemontagne.com/fr/ | https://france3-regions.franceinfo.fr/provence-alpes-cote-d-azur/alpes-maritimes/carte-saison-d-hiver-2025-2026-voici-toutes-les-dates-d-ouverture-des-stations-de-ski-des-alpes-du-sud-3229196.html | https://mesinfos.fr/provence-alpes-cote-d-azur/ouverture-des-stations-de-ski-la-saison-20252026-dans-les-hautes-alpes-233012.html | https://www.skiresort.com/en/ski-resort/vars-risoul-la-foret-blanche/,medium
Serre Chevalier,,FR,Hautes-Alpes,Serre Chevalier Vallée,Non-glacier,2026-12-05,confirmed_2026_27,2800,250,65.5,65.5,EUR,estimated_from_2025_26,253,3.30,,4.0,4.0,"Renowned off-piste in the Monetier/Yret, Cucumelle and Tabuc sectors with a strong guide-bureau scene; the adjacent Col du Lautaret-Cerces-Ecrins zone is one of France's densest day-touring areas (Camptocamp).",https://www.serre-chevalier.com/en/ski-area/webcam-live-serre-chevalier-briancon,"2025/26 peak price valid 20 Dec 2025-27 Mar 2026 (early season 52.50); 2026/27 prices not yet official (forum reports 68 EUR day pass); Briancon sector opened one week later (13 Dec 2025); from Italy via Col de Montgenevre (open all year); base = Chantemerle (Saint-Chaffrey) cable-car village, OSM hamlet point ~300 m from lift.",https://www.serre-chevalier.com/fr/blog/savoir-hiver-2025-2026-serre-chevalier | https://www.serrechevalier-pass.com/en/price-list | https://www.brianconnais.info/glisse/forfaits-ski-alpin/forfaits-ski-serre-chevalier/ | https://www.serreche-ski.net/topic/2599-saison-20252026/page/2/ | https://www.serreche-ski.net/topic/2598-tarifs-20252026/ | https://mesinfos.fr/provence-alpes-cote-d-azur/ouverture-des-stations-de-ski-la-saison-20252026-dans-les-hautes-alpes-233012.html | https://www.skiresort.com/en/ski-resort/serre-chevalier-briancon-chantemerle-villeneuve-la-salle-le-monetier-les-bains/,medium
Val d'Allos–La Foux,,FR,Alpes-de-Haute-Provence,Espace Lumière,Non-glacier,2026-12-05,confirmed_2026_27,2600,180,51.0,51.0,EUR,published_2026_27,453,6.21,,3.0,3.0,Wide sunny bowls with modest off-piste and no competition history; Haut-Verdon/Mercantour touring is decent but limited in variety.,https://www.valdallos.com/webcams.html,"Partial pre-opening 6-7 Dec 2025 announced by Allos town hall, not independently confirmed as held (continuous 13 Dec 2025); 2026/27 day pass 51 EUR (+3 EUR card); top 2600 m = Espace Lumiere high point at La Foux (alti-mag says 2570 m); Col d'Allos (D908) and Col de la Cayolle closed in winter, so no direct road from Barcelonnette/Italy - access via Digne-les-Bains/Colmars (long detour); Espace Lumiere link can stay shut early season. Milan route forced via Nice to avoid closed Allos.",https://www.valdallos.com/les-stations-de-ski-du-val-d-allos.html | https://www.valdallos.com/skipass.html | https://mesinfos.fr/04260-allos/alpes-de-haute-provence-ouvertures-partielles-anticipees-pour-les-stations-du-val-d-allos-235341.html | https://www.alti-mag.com/stations/val-dallos-la-foux | https://www.praloup.com/100-neige/domaine-skiable/ | https://france3-regions.franceinfo.fr/provence-alpes-cote-d-azur/alpes-maritimes/carte-saison-d-hiver-2025-2026-voici-toutes-les-dates-d-ouverture-des-stations-de-ski-des-alpes-du-sud-3229196.html | https://www.skiresort.com/en/ski-resort/espace-lumiere-pra-loup-val-dallos/,medium
Valloire,,FR,Savoie,Galibier-Thabor,Non-glacier,2026-12-05,confirmed_2026_27,2750,160,54.9,54.9,EUR,published_2026_27,276,3.44,,3.0,3.5,"Some lift-served off-piste (Crey du Quart and Setaz combes, Thabor side) but no freeride competition pedigree; well-known spring touring base for Galibier, Cerces and Aiguilles d'Arves classics (Grand Galibier, Pointe des Cerces).",https://www.valloire.net/en/webcams-valloire/,"Col du Galibier closed in winter (access via Saint-Michel-de-Maurienne and Col du Telegraphe, kept open); 2025/26 first lifts = planned pre-opening weekend 6-7 Dec 2025 on one massif at 20 EUR, operation not independently confirmed, Valloire-only 13-19 Dec then full Galibier-Thabor 20 Dec 2025; 2026/27 pattern identical (5-6 Dec pre-opening, Valloire-only 12-18 Dec, full domain 19 Dec 2026-9 Apr 2027); 2025/26 adult day 53.60; cheaper Valloire-only pass exists only in the early-season week.",https://www.mairie-valloire.fr/InfoliveDocuments/galibier_thabor-tarifs_publics_hiver_2025-26.pdf | https://www.valloire.net/en/profiter-de-valloire/le-ski/sur-les-pistes/ouverture-des-pistes/ | https://skipass.valloire.com/fr/tous-les-tarifs | https://www.skipass-valmeinier.com/media/download/valmeinierb2c/cms/media/GT%20TP%202627%20fr.pdf | https://www.skipass-valmeinier.com/fr/ | https://www.skiresort.com/en/ski-resort/galibier-thabor-valmeinier-valloire/ | https://www.france-montagnes.com/experiences/dates-douverture-des-domaines-skiables-saison-25-26/,medium
Vars,,FR,Hautes-Alpes,La Forêt Blanche (Vars–Risoul),Non-glacier,2026-12-05,confirmed_2026_27,2750,185,58.0,58.0,EUR,published_2026_27,297,4.10,,3.5,3.5,"Regular FWQ/Vars freeride events and Eyssina-Chabrieres off-piste give a real but not world-famous scene; good local touring toward Col de Vars, Parpaillon and the Queyras edge.",https://www.vars.com/winter/infolive/webcams/,58 EUR quoted on the Vars OT 2026/27 pass page (Friday web offer 46.40) and as base price in the Risoul 2025/26 shop; official 26/27 tariff PDF is image-only; 6 Dec 2025 pre-opening was weather-dependent and not independently confirmed (full domain 12-13 Dec 2025); Col de Vars (D902) normally open in winter: from Italy via Col de Larche-Barcelonnette-Col de Vars or via Briancon-Guillestre; main base Les Claux (Sainte-Marie is the first village from Guillestre).,https://www.vars.com/winter/ | https://www.vars.com/winter/on-site-activities/skiing-and-snowboarding/the-ski-area/ | https://www.vars.com/winter/on-site-activities/skiing-and-snowboarding/the-ski-area/buy-my-package/ | https://risoul.labellemontagne.com/fr/ | https://france3-regions.franceinfo.fr/provence-alpes-cote-d-azur/alpes-maritimes/carte-saison-d-hiver-2025-2026-voici-toutes-les-dates-d-ouverture-des-stations-de-ski-des-alpes-du-sud-3229196.html | https://mesinfos.fr/provence-alpes-cote-d-azur/ouverture-des-stations-de-ski-la-saison-20252026-dans-les-hautes-alpes-233012.html | https://www.skiresort.com/en/ski-resort/vars-risoul-la-foret-blanche/,medium
Vaujany,,FR,Isère,Alpe d'Huez Grand Domaine,Glacier + non-glacier,2026-12-05,confirmed_2026_27,3330,250,66.0,66.0,EUR,estimated_from_2025_26,332,4.71,,3.5,3.5,"Vaujany sector (Dome des Rousses 2800 m, Montfrais) offers steep, less-tracked off-piste inside the Grand Domaine; touring towards the Grandes Rousses, Etendard and Col du Sabot is documented and the village is quieter than Alpe d'Huez.",https://www.vaujany.com/en/live/webcams/,"Village at 1250 m with a large cable car to L'Alpette/Dome des Rousses (base = cable-car station in the village); type reflects glacier terrain reached via the linked Grand Domaine (Sarenne), none in the Vaujany sector itself; Grand Domaine pass is the standard product and sector-only passes were not verified; 2026/27 day price not yet published. Milan route forced via Bourg-d'Oisans to avoid closed Glandon.",https://skipass.alpedhuez.com/hiver/en/ | https://www.france-montagnes.com/experiences/dates-douverture-des-domaines-skiables-saison-25-26/ | https://www.skiinfo.fr/alpe-dhuez-grand-domaine-ski/dates-ouverture-stations | https://www.agencehenry.com/alpe-dhuez-2025-2026-ouverture-du-domaine-tarifs-promos-et-bons-plans-pour-skier-moins-cher.html | https://www.skiresort.com/en/ski-resort/alpe-dhuez/ | https://www.vaujany.com/en/live/webcams/,medium
Avoriaz,,FR,Haute-Savoie,Portes du Soleil,Non-glacier,2026-12-11,confirmed_2026_27,2254,600,69.0,73.0,EUR,published_2026_27,319,4.35,Avoriaz entrance car parks (1800 m),3.5,2.5,"Hauts Forts, Fornet and the Swiss Wall/Chavanette give strong lift-served off-piste; touring limited (resort-based).",https://www.avoriaz.com/en/webcam/,"Car-free resort: drive to the paid entrance car parks at 1800 m (coordinates given) or park at Les Prodains (46.18893, 6.75595) and take the Prodains Express cable car. 2025/26: pre-opening 29-30 Nov and 6-7 Dec 2025, official 12 Dec 2025-19 Apr 2026. 2026/27: 11 Dec 2026-18 Apr 2027. Avoriaz-only pass 43-55 EUR (dynamic, 2026/27), km not published; Portes du Soleil 69 EUR online/73 desk until 19 Mar 2027 (+3 EUR card). Top: skiresort.com Portes du Soleil lift-served 2254 m; marketing quotes 2466 m (Hauts Forts summit). Access from Italy via Pas de Morgins or Geneva-Thonon.",https://www.skipass-avoriaz.com/en/winter/pricing | https://www.avoriaz.com/en/discover/discover/ski-area-and-maps/ | https://www.avoriaz.com/en/winter/pre-opening/ski-area/ | https://www.mon-sejour-en-montagne.com/actualites/du-ski-ce-week-end-a-avoriaz-une-ouverture-anticipee-de-deux-semaines/ | https://www.alda-avoriaz.eu/news/362/pre-ouverture-du-domaine-skiable-le-week-end-du-29-et-30-novembre-2025.html | https://www.skiresort.com/en/ski-resort/les-portes-du-soleil-morzine-avoriaz-les-gets-chatel-morgins-champery/,medium
La Plagne,,FR,Savoie,Paradiski,Non-glacier,2026-12-12,confirmed_2026_27,3080,225,70.0,70.0,EUR,estimated_from_2025_26,388,4.71,,3.5,3.5,"Bellecote north face, Friolin and Cul du Nant itineraries are serious but less known and no FWT history; Champagny-en-Vanoise is a gateway to Vanoise touring.",https://en.la-plagne.com/discover/ski-area/webcams,"Partial pre-opening (5 lifts, altitude sector, 25 EUR) was scheduled 6-7 Dec 2025 but not verified as run, so the 13 Dec 2025 full opening is used; Bellecote/Chiaupe glacier lifts closed Apr 2023 and dismantled, new Glaciers gondola (Dec 2023) tops at 3080 m on rock - no lift-served glacier skiing (type differs from brief's example; skiresort still lists 3167 m); 2025/26 La Plagne adult day 70 EUR, Paradiski 76 EUR, -15% early/late season; 2026/27 prices not yet published (sales open Sept 2026) Milan route uses OSRM alternative avoiding closed Petit Saint-Bernard.",https://www.skipass-laplagne.com/fr/ouverture | https://www.presse-laplagne.com/en/key-information/lagenda-automne-hiver-2025-2026/ | https://assets.ctfassets.net/4a1jxa5u6hbl/1cr6mh9Th70UGcDFTreMTP/3c78f8ac1f25d078d7165d0a5348a439/Document_tarifaire_hiver_2025.2026VDEF.pdf | https://www.skipass-laplagne.com/en/public-prices | https://en.la-plagne.com/discover/our-opening-information | https://www.mon-sejour-en-montagne.com/actualites/glacier-la-plagne-enleve-ses-remontees-et-rend-55-hectares-a-la-nature/ | https://www.mon-sejour-en-montagne.com/actualites/a-la-plagne-une-nouvelle-telecabine-pour-monter-a-3080-metres/ | https://www.skiresort.com/en/ski-resort/la-plagne-paradiski/ | https://en.la-plagne.com/discover/ski-area/webcams,medium
La Rosière,,FR,Savoie,Espace San Bernardo,Non-glacier,2026-12-12,confirmed_2026_27,2800,156,58.0,58.0,EUR,estimated_from_2025_26,408,5.13,,3.5,3.5,Mont Valaisan sector (2800 m) and the La Thuile side offer good off-piste plus heliskiing from Italy; touring around Petit-Saint-Bernard/Col de la Traversette is decent but not a hub.,https://www.larosiere.net/en/webcams/,"Linked to La Thuile (IT); Petit-Saint-Bernard road closed in winter, so from Italy drive via Mont Blanc tunnel-Bourg-Saint-Maurice; day price: official 2026/27 grid is JS-only, 58 EUR = skiresort main-season day ticket (skipass.com 57 EUR for 2024/25), 'Je skie au soleil' web promo 35 EUR in low season; a La Rosiere France-only pass is also sold Milan route forced via Albertville to avoid closed Petit Saint-Bernard.",https://www.larosiere.net/en/blog/la-rosiere-winter-opening-from-13-december-2025-to-18-april-2026/ | https://www.larosiere.net/en/resort-opening/ | https://www.larosiere.net/en/the-ski-area/ | https://www.larosiere.ski/en/pricing | https://www.skipass.com/stations/forfait-la-rosiere.html | https://www.skiresort.com/en/ski-resort/espace-san-bernardo-la-rosiere-la-thuile/ | https://www.larosiere.net/en/webcams/,medium
La Toussuire,,FR,Savoie,Les Sybelles,Non-glacier,2026-12-12,confirmed_2026_27,2620,275,60.5,60.5,EUR,published_2026_27,288,3.59,,2.5,3.0,"Sunny plateau resort of the Sybelles, mostly groomed intermediate terrain with a few freeride zones and no competition history; touring limited to local summits (Tete de Bellard, Ouillon) with better classics reached from Saint-Sorlin.",https://www.sybelles.ski/en/discover-les-sybelles/la-toussuire/webcam-la-toussuire/,"Same Sybelles pass and dates as Le Corbier; single fixed day price (59.30 in 2025/26, 60.50 in 2026/27); skiresort km used as no official km figure found; access from Italy via Frejus tunnel and A43.",https://www.sybelles.ski/en/temps-fort/opening/ | https://www.sybelles.ski/app/uploads/2025/09/a1-rm-tarifs-publics-sybelles-2025-2026-v16-04-2025.pdf | https://www.sja73.com/forfait-domaine-les-sybelles.html | https://www.alternativemedia.fr/les-sybelles-devoilent-leur-dossier-de-presse-2026-2027-cap-sur-une-domaine-inoubliable | https://la-toussuire.com/info-live/webcams/ | https://www.skiresort.com/en/ski-resort/les-sybelles-le-corbier-la-toussuire-les-bottieres-st-sorlin-st-jean-darves/,medium
Le Corbier,,FR,Savoie,Les Sybelles,Non-glacier,2026-12-12,confirmed_2026_27,2620,275,60.5,60.5,EUR,published_2026_27,289,3.60,,2.5,3.0,"Family-oriented linked domain with marked freeride zones but no FWT/FWQ history or documented off-piste classics; touring interest lies on the Saint-Sorlin side (Aiguilles d'Arves), little from Le Corbier itself.",https://www.sybelles.ski/en/discover-les-sybelles/le-corbier/webcam-le-corbier/,"Single fixed day price all season (59.30 in 2025/26, 60.50 in 2026/27) plus 30 EUR Saturday web promo and -10% from 21 Mar; no official km figure found so skiresort 275 km used (resort markets a higher figure); 2026/27 season 12 Dec 2026-9 Apr 2027; access from Italy via Frejus tunnel and A43, no pass.",https://www.sybelles.ski/en/temps-fort/opening/ | https://www.sybelles.ski/app/uploads/2025/09/a1-rm-tarifs-publics-sybelles-2025-2026-v16-04-2025.pdf | https://www.sja73.com/forfait-domaine-les-sybelles.html | https://www.alternativemedia.fr/les-sybelles-devoilent-leur-dossier-de-presse-2026-2027-cap-sur-une-domaine-inoubliable | https://www.sybelles.ski/en/discover-les-sybelles/ | https://www.skiresort.com/en/ski-resort/les-sybelles-le-corbier-la-toussuire-les-bottieres-st-sorlin-st-jean-darves/ | https://www.parcsetloisirs.fr/actualite/saison-de-ski-2026-2027-les-dates-douverture-de-toutes-les-stations-des-alpes-departement-par-departement,medium
Le Dévoluy,,FR,Hautes-Alpes,Le Dévoluy (Superdévoluy–La Joue du Loup),Non-glacier,2026-12-12,confirmed_2026_27,2500,100,44.0,44.0,EUR,estimated_from_2025_26,384,5.59,,3.0,3.5,"Gentle plateau resort with limited lift-served off-piste; the Devoluy massif (Obiou, Pic de Bure, Grand Ferrand) has many classic day tours documented on Camptocamp.",https://www.ledevoluy.com/hiver/en-live/webcams/,"Price from skiinfo 2025/26 (adult 18-69, +2 EUR card, updated Oct 2025) cross-checked with skiresort; official shop (ledevoluy.skiperformance.com) is a JS app not readable; two bases marketed as one destination, Superdevoluy village used as base; access via Gap or Col du Festre (D937, kept open in winter). Milan route forced via Gap to avoid closed Noyer.",https://www.ledevoluy.com/winter/skiing-and-snowboarding/the-alpine-domain/ | https://www.skiinfo.fr/alpes-du-sud/superdevoluy-la-joue-du-loup/forfaits-de-ski | https://mesinfos.fr/provence-alpes-cote-d-azur/ouverture-des-stations-de-ski-la-saison-20252026-dans-les-hautes-alpes-233012.html | https://france3-regions.franceinfo.fr/provence-alpes-cote-d-azur/alpes-maritimes/carte-saison-d-hiver-2025-2026-voici-toutes-les-dates-d-ouverture-des-stations-de-ski-des-alpes-du-sud-3229196.html | https://www.skiresort.com/en/ski-resort/devoluy-superdevoluy-la-joue-du-loup/,medium
Les Arcs,,FR,Savoie,Paradiski,Non-glacier,2026-12-12,confirmed_2026_27,3226,200,71.0,71.0,EUR,published_2026_27,395,4.91,,4.0,3.5,"Rubric 4.0: FWQ event history, Aiguille Rouge/Grand Col/Villaroger north-face itineraries and Arc 2000 couloirs; touring moderate (Vanoise via Peisey/Rosuel).",https://www.lesarcs.com/en/webcams,"Base = Arc 1800 (largest station); alternative car end-point is the Bourg-Saint-Maurice funicular (45.61381, 6.77303); 2026/27 Classic Pass 71 EUR valid 19 Dec 2026-16 Apr 2027, -15% opening/closing weeks and Saturday/Sunday web promos (dynamic pricing); Varet glacier remnant under Aiguille Rouge (skiresort flags glacier) but no glacier ski product Milan route forced via Albertville to avoid closed Petit Saint-Bernard.",https://www.lesarcs-peiseyvallandry.com/en/lifts-opening-slopes-status | https://www.lesarcs.com/en/practical-guide-les-arcs/ski-resorts-and-ski-lifts | https://www.lesarcs-peiseyvallandry.com/en/pass-classique | https://www.france-montagnes.com/experiences/dates-douverture-des-domaines-skiables-saison-25-26/ | https://www.skiresort.com/en/ski-resort/les-arcs-peisey-vallandry-paradiski/ | https://www.lesarcs.com/en/webcams,high
Les Carroz,Les Carroz d'Arâches,FR,Haute-Savoie,Le Grand Massif,Non-glacier,2026-12-12,confirmed_2026_27,2500,265,63.0,63.0,EUR,published_2026_27,285,3.75,,3.0,3.0,Tree-lined intermediate area with some off-piste towards Gers/Tête des Saix; modest local touring.,https://www.lescarroz.com/en/webcams/,"Base = Kédeuze gondola in the village. 2025/26 planned opening 13 Dec 2025 (Grand Massif general opening) to 12 Apr 2026; actual first day not separately verified. 2026/27: 12 Dec 2026 (official). Villages pass (Carroz/Morillon/Samoëns/Sixt) 58.50 EUR 2026/27, km not published; 2500 m top is in Flaine (Grandes Platières).",https://www.lescarroz.com/en/ | https://www.flaine.com/en/flaine-ski-resort-opening-2025-early-season-deals/ | https://www.grand-massif.com/en/ski-offers/package-rates/ | https://www.annecy-ville.fr/2025/10/dates-ouverture-fermeture-stations-ski-haute-savoie-savoie-saison-2025-2026/ | https://www.skiresort.com/en/ski-resort/le-grand-massif-flaine-les-carroz-morillon-samoens-sixt/,medium
Les Gets,,FR,Haute-Savoie,Portes du Soleil,Non-glacier,2026-12-12,confirmed_2026_27,2002,120,50.0,56.0,EUR,published_2026_27,300,3.94,,2.5,2.5,"Family/intermediate area (Mont Chéry, Chavannes); little serious off-piste or touring.",https://www.lesgets.com/en/webcams/,"Base = Chavannes lifts/front de neige (underground Chavannes car park). Pre-opening 13-19 Dec 2025 was possible but not confirmed; official 20 Dec 2025-12 Apr 2026. 2026/27: partial 12 Dec, general 19 Dec 2026, closing 11 Apr 2027. Prices web 50/desk 56 EUR (Saturdays 40); Portes du Soleil 69/73. Top 2002 m per bergfex/skiinfo (Les Gets side); Morzine side 2019 m. Access from Italy via Pas de Morgins-Morzine or Geneva-Cluses-Taninges.",https://pass.lesgets.com/en/winter-opening-dates-hours/ | https://pass.lesgets.com/en/skipass-prices/ | https://pass.lesgets.com/en/ski-area/ | https://www.bergfex.com/les-gets/ | https://www.skiinfo.fr/alpes-du-nord/les-gets/station-de-ski | https://www.morzine-avoriaz.com/dates-douverture-du-domaine-skiable-2025-2026-a-morzine-avoriaz/,medium
Les Saisies,,FR,Savoie,Espace Diamant,Non-glacier,2026-12-12,estimated_from_2025_26,1941,77,46.0,46.0,EUR,published_2026_27,295,4.02,,2.5,3.0,"Rolling nordic-oriented plateau with limited off-piste (Bisanne, Legette); Beaufortain touring nearby (Cret du Rey, Mont Clocher) but the resort is not a hub.",https://en.lessaisies.com/webcams/,"Pre-opening 6-7 Dec 2025 with 4 lifts was planned, snow-dependent, not verified; Espace Diamant link opened 19-20 Dec 2025; 2026/27: Les Saisies day 46 EUR, Espace Diamant 52 EUR (official OT tariff, updated 22 Sep 2026); 2026/27 opening date not yet on official site (skiinfo lists 5 Dec 2026, unconfirmed); Crest-Voland/Cohennoz and Flumet are villages, not rows",https://www.lessaisies.org/203-ouverture-domaine-skiable-saison-2025-2026 | https://www.lessaisies.org/meteo-neige-pistes/ouverture-des-pistes-espace-diamant | https://www.lessaisies.org/les-domaines-skiables/espace-diamant | https://www.lessaisies.com/reserver-mon-sejour/les-forfaits/ | https://www.skiinfo.fr/alpes-du-nord/les-saisies/forfaits-de-ski | https://www.skiresort.com/en/ski-resort/espace-diamant-les-saisies-notre-dame-de-bellecombe-praz-sur-arly-flumet-crest-voland/ | https://en.lessaisies.com/webcams/,medium
Orcières Merlette,,FR,Hautes-Alpes,Orcières Merlette 1850,Non-glacier,2026-12-12,confirmed_2026_27,2725,100,46.0,46.0,EUR,estimated_from_2025_26,359,5.13,,3.0,3.5,"Family-oriented with some off-piste on Drouvet/Rocherousse but no freeride pedigree; the Champsaur-Ecrins south side (Vieux Chaillol, Prelles, upper Drac huts) offers many documented day tours.",https://www.orcieres.com/live/webcams/,"Dynamic pricing (Propuls' pass) with online discounts; 46 EUR is the skiresort main-season 2025/26 figure, forfait2ski lists 48.50 EUR (indicative) for 2026/27, official day price not shown on pass.orcieres.com; official km not stated on site; day parkings P4 Drapeaux / P6 Queyrelet at Merlette 1850; access via Gap-Champsaur (D944).",https://www.orcieres.com/en/activities/winter/ski/ski-area/ | https://www.orcieres.com/en/faq/ | https://pass.orcieres.com/fr | https://www.forfait2ski.com/orcieres-1850/ | https://mesinfos.fr/provence-alpes-cote-d-azur/ouverture-des-stations-de-ski-la-saison-20252026-dans-les-hautes-alpes-233012.html | https://france3-regions.franceinfo.fr/provence-alpes-cote-d-azur/alpes-maritimes/carte-saison-d-hiver-2025-2026-voici-toutes-les-dates-d-ouverture-des-stations-de-ski-des-alpes-du-sud-3229196.html | https://www.skiresort.com/en/ski-resort/orcieres-merlette-1850/,medium
Peisey-Vallandry,,FR,Savoie,Paradiski,Non-glacier,2026-12-12,confirmed_2026_27,3226,200,71.0,71.0,EUR,published_2026_27,392,4.78,,3.5,3.5,"Same Les Arcs area from the quieter Peisey side; Peisey-Nancroix/Rosuel is a Vanoise touring gateway (Mont Pourri, Col du Palet).",https://en.peisey-vallandry.com/webcams-live.html,Base = Plan-Peisey (Vanoise Express station towards La Plagne); Vallandry lifts 1 km north; same pass and prices as Les Arcs Milan route forced via Albertville to avoid closed Petit Saint-Bernard.,https://en.peisey-vallandry.com/les-arcs-peisey-vallandry-mountain-area.html | https://www.lesarcs-peiseyvallandry.com/en/pass-classique | https://www.lesarcs.com/en/practical-guide-les-arcs/ski-resorts-and-ski-lifts | https://www.skiinfo.fr/haute-tarentaise/dates-ouverture-stations | https://www.skiresort.com/en/ski-resort/les-arcs-peisey-vallandry-paradiski/ | https://en.peisey-vallandry.com/webcams-live.html,high
Pra Loup,,FR,Alpes-de-Haute-Provence,Espace Lumière,Non-glacier,2026-12-12,confirmed_2026_27,2503,100,51.0,51.0,EUR,published_2026_27,330,4.50,,3.0,3.0,"Sunny bowls with some off-piste (Costebelle, Peguieou) but no freeride events; Ubaye touring is pleasant but less extensive than Queyras or Ecrins.",https://www.praloup.com/webcams/,"Pre-opening 6-7 Dec 2025 (Clappe telemix, Peguieou chair, 9 runs) was announced with 60 cm fresh snow but not independently confirmed as held; 2026/27 PraLoup Flex day pass 51 EUR non-dated (early-bird online 'Prems' from 35.70, dynamic; card 3 EUR); Espace Lumiere top 2600 m at La Foux, Pra Loup top 2503 m official (alti-mag 2570); link to La Foux weather-dependent; from Italy via Col de Larche/Maddalena (SS21/D900, usually open) to Barcelonnette.",https://www.praloup.ski/fr/tarif | https://www.praloup.ski/fr/domaine | https://www.praloup.ski/fr/ouverture-du-domaine-skiable-Praloup | https://www.praloup.com/100-neige/domaine-skiable/ | https://presseagence.fr/pra-loup-la-station-lance-sa-saison-avec-une-pre-ouverture-du-domaine-skiable-les-6-et-7-decembre/ | https://france3-regions.franceinfo.fr/provence-alpes-cote-d-azur/alpes-maritimes/carte-saison-d-hiver-2025-2026-voici-toutes-les-dates-d-ouverture-des-stations-de-ski-des-alpes-du-sud-3229196.html | https://www.skiresort.com/en/ski-resort/espace-lumiere-pra-loup-val-dallos/,high
Puy-Saint-Vincent,,FR,Hautes-Alpes,Puy-Saint-Vincent,Non-glacier,2026-12-12,confirmed_2026_27,2750,75,44.0,44.0,EUR,published_2026_27,273,3.72,,3.0,3.5,"Mostly on-piste with some steep off-piste under Pendine and no competition history; Vallouise-Ecrins (Pelvoux, Ailefroide, Glacier Blanc approaches) is a major touring base 15 min away.",https://www.puysaintvincent.com/webcams,"Pre-opening weekends 29-30 Nov and 6-7 Dec 2025 were snow-dependent and not independently confirmed as held (continuous opening 13 Dec 2025 - use that if in doubt); 2026/27: possible weekend 5-6 Dec 2026 then continuous 12 Dec 2026-11 Apr 2027; 2026/27 day pass 44 EUR (+2 EUR card), 2025/26 was 41.50; elevation 2750 m official (skiresort 2677 m); two bases: 1400 Les Pres and 1600 Station (main lifts incl. TS Bergerie, coordinates given); night skiing.",https://www.puysaintvincent.com/forfait-ski-puy-saint-vincent | https://www.puysaintvincent.com/domaine-skiable/domaine-alpin | https://www.envie-de-brianconnais.com/agenda/ouverture-puy-saint-vincent-hiver-2026-2027/ | https://www.brianconnais.info/glisse/ouverture-des-pistes/ | https://france3-regions.franceinfo.fr/provence-alpes-cote-d-azur/alpes-maritimes/carte-saison-d-hiver-2025-2026-voici-toutes-les-dates-d-ouverture-des-stations-de-ski-des-alpes-du-sud-3229196.html | https://mesinfos.fr/provence-alpes-cote-d-azur/ouverture-des-stations-de-ski-la-saison-20252026-dans-les-hautes-alpes-233012.html | https://www.skiresort.com/en/ski-resort/puy-saint-vincent/,medium
Saint-François-Longchamp,,FR,Savoie,Le Grand Domaine,Non-glacier,2026-12-12,confirmed_2026_27,2500,70,51.5,53.0,EUR,published_2026_27,296,3.63,,3.0,3.0,Gentle sunny terrain; some Lauziere/Cheval Noir touring nearby but limited variety and no freeride reputation.,https://stfrancois.labellemontagne.com/fr/hiver/webcams/,2026/27 SFL adult day 53 EUR window / 51.50 EUR web; Grand Domaine day 59.70 EUR with link to Valmorel from 18 Dec 2026; -50% opening week 12-18 Dec 2026; 2025/26 date is the planned date from France Montagnes (SFL opened a week before the Grand Domaine link on 20 Dec); Col de la Madeleine closed in winter (access from Maurienne/La Chambre),https://stfrancois.labellemontagne.com/fr/hiver/domaine-skiable/ | https://stfrancois.labellemontagne.com/fr/hiver/ski-snowboard/forfaits/1-jour-grand-domaine/ | https://stfrancois.labellemontagne.com/fr/hiver/forfaits/ | https://www.france-montagnes.com/experiences/dates-douverture-des-domaines-skiables-saison-25-26/ | https://www.skiresort.com/en/ski-resort/le-grand-domaine-valmorel-doucy-celliers-st-francois-longchamp/ | https://stfrancois.labellemontagne.com/fr/hiver/webcams/,medium
Saint-Gervais-les-Bains,,FR,Haute-Savoie,Evasion Mont-Blanc,Non-glacier,2026-12-12,estimated_from_2025_26,2353,400,65.0,65.0,EUR,published_2026_27,270,3.57,,3.0,3.0,"Mont Joly/Epaule offers some off-piste; touring modest (Mont Joly, Col du Joly); no guide-culture hub.",https://www.saintgervais.com/je-minforme/infos-station/webcams/,"Base = Le Bettex (1400 m) gondola station and car park (incl. Saint-Nicolas-de-Véroce sector); alternative valley gondola Saint-Gervais-Le Bettex from town. 2025/26 partial 13-19 Dec then general 20 Dec 2025 (year not printed on lift-co page; matches 2025 calendar and SMB listing 13 Dec 2025-6 Apr 2026). 2026/27 Evasion tariff: intermediate period 12-18 Dec 2026 (52 EUR) then haute saison from 19 Dec (65 EUR); alti-mag lists 19 Dec 2026-4 Apr 2027. Les Houches-Saint-Gervais (Prarion/Bellevue) is a separate Chamonix-side area not on this pass. Aggregator/press lists a provisional 2026/27 opening of 2026-12-19, not confirmed by the operator; date shown is the 2025/26 opening shifted.",https://www.ski-saintgervais.com/fr/ouvertures | https://www.ski-saintgervais.com/fr/tarifs-evasion-mont-blanc | https://hautesavoiemontblanc-tourisme.com/en/offers/evasion-mont-blanc-ski-resort-saint-gervais-les-bains-en-5888492/ | https://www.skiresort.com/en/ski-resort/megeve-saint-gervais/ | https://www.alti-mag.com/dates-douverture-stations-ski | https://www.annecy-ville.fr/2025/10/dates-ouverture-fermeture-stations-ski-haute-savoie-savoie-saison-2025-2026/,medium
Saint-Jean-d'Arves,,FR,Savoie,Les Sybelles,Non-glacier,2026-12-12,confirmed_2026_27,2620,275,60.5,60.5,EUR,published_2026_27,291,3.72,,2.5,3.0,"Small village sector (La Chal, Charvin Express) feeding the Sybelles link, mostly groomed terrain with no freeride pedigree; touring shares the Arves valley classics but starts are better from Saint-Sorlin.",https://www.sja73.com/webcams.html,"Ski base is the hamlet of La Chal (1600 m), not the lower village; same Sybelles pass, dates and fixed day price as Le Corbier (sja73.com lists 1 jour 60.50 for 12 Dec 2026-9 Apr 2027); skiresort km used.",https://www.sja73.com/forfait-domaine-les-sybelles.html | https://www.sybelles.ski/en/temps-fort/opening/ | https://www.sybelles.ski/app/uploads/2025/09/a1-rm-tarifs-publics-sybelles-2025-2026-v16-04-2025.pdf | https://www.alternativemedia.fr/les-sybelles-devoilent-leur-dossier-de-presse-2026-2027-cap-sur-une-domaine-inoubliable | https://www.skiresort.com/en/ski-resort/les-sybelles-le-corbier-la-toussuire-les-bottieres-st-sorlin-st-jean-darves/,medium
Saint-Martin-de-Belleville,,FR,Savoie,3 Vallées,Non-glacier,2026-12-12,confirmed_2026_27,2804,160,67.0,67.0,EUR,estimated_from_2025_26,374,4.44,,3.0,3.0,"Shares the Les Menuires-La Masse pass; village-side terrain (Roc de Fer, Tougnete) is mostly on-piste with no notable freeride or touring reputation.",https://st-martin-belleville.com/en/webcam,Usual opening 13 Dec; opened 6 Dec 2025 with Les Menuires thanks to snow; base = Saint-Martin 1 gondola in the village; price/km = Les Menuires-Saint-Martin pass (2025/26 67 EUR); Pointe de la Masse altitude not verified,https://lesmenuires.com/en/resort-opening | https://assets.ctfassets.net/4a1jxa5u6hbl/6CmYw4WjvB79AgqrJGGOfB/ee8f9cd466fa8c606c3909d4c437cb82/GUIDEDESTARIFS_25-26-V3.pdf | https://www.les3vallees.com/en/live/lifts-and-trails-opening | https://www.skipass-lesmenuires.com/en/menuires-stmartin-winter | https://www.skiresort.com/en/ski-resort/les-3-vallees-val-thorens-les-menuires-meribel-courchevel/ | https://st-martin-belleville.com/en/webcam | https://lesmenuires.com/en/pointe-de-la-masse-winter,medium
Saint-Sorlin-d'Arves,,FR,Savoie,Les Sybelles,Non-glacier,2026-12-12,confirmed_2026_27,2620,275,60.5,60.5,EUR,published_2026_27,295,3.75,,3.0,3.5,"Highest and steepest Sybelles sector (Les Perrons 2620 m) with the domain's best lift-served off-piste; genuine touring base for Aiguilles d'Arves, Etendard and Col de la Croix de Fer classics, though no big guide scene.",https://www.sybelles.ski/en/discover-les-sybelles/saint-sorlin-darves/webcam-saint-sorlin-darves-les-sybelles/,"Village base at Plan du Moulin Express bottom station (1500 m); Col de la Croix de Fer and Col du Glandon closed in winter (dead end above the village); same Sybelles pass, dates and fixed day price as Le Corbier; skiresort km used.",https://www.sybelles.ski/en/temps-fort/opening/ | https://www.sybelles.ski/app/uploads/2025/09/a1-rm-tarifs-publics-sybelles-2025-2026-v16-04-2025.pdf | https://www.sja73.com/forfait-domaine-les-sybelles.html | https://www.alternativemedia.fr/les-sybelles-devoilent-leur-dossier-de-presse-2026-2027-cap-sur-une-domaine-inoubliable | https://www.saintsorlindarves.com/webcams | https://www.skiresort.com/en/ski-resort/les-sybelles-le-corbier-la-toussuire-les-bottieres-st-sorlin-st-jean-darves/,medium
Sainte-Foy-Tarentaise,,FR,Savoie,Sainte-Foy-Tarentaise,Non-glacier,2026-12-12,confirmed_2026_27,2620,43,40.0,40.0,EUR,published_2026_27,405,5.12,,4.0,3.5,"Guidebook freeride destination: Marquise, Fogliettaz, Le Monal and Shaper's Paradise off-piste plus 3 marked Natur' runs; touring towards Le Monal/Ruitor is decent.",https://www.saintefoy-tarentaise.com/en/live/webcams/,"Small area (6 lifts, 26 runs) included for freeride reputation; 2026/27 adult day 40 EUR per skiinfo listing (official shop is JS-only; skiresort 40.50 EUR); skiinfo lists 5 Dec 2026 opening vs official 12 Dec 2026; base = Sainte-Foy station (Bonconseil); 2025/26 date is the official planned date, actual not separately confirmed Milan route forced via Albertville to avoid closed Petit Saint-Bernard.",https://www.saintefoy-tarentaise.com/en/ | https://www.saintefoy-tarentaise.com/en/activities/winter-activities/downhill-skiing/a-unique-unspoilt-ski-area/ | https://www.skiinfo.fr/alpes-du-nord/sainte-foy-tarentaise/forfaits-de-ski | https://www.skiinfo.fr/haute-tarentaise/dates-ouverture-stations | https://www.skiresort.com/en/ski-resort/sainte-foy-tarentaise/ | https://www.saintefoy-tarentaise.com/en/live/webcams/,medium
Samoëns,,FR,Haute-Savoie,Le Grand Massif,Non-glacier,2026-12-12,estimated_from_2025_26,2500,265,63.0,63.0,EUR,published_2026_27,297,3.92,,3.0,3.5,"Off-piste towards Gers/Vernant; Haut-Giffre and Sixt-Fer-à-Cheval touring (Criou, Col de Joux Plane) give good local touring.",https://www.samoens.com/en/webcams/,"Base = Grand Massif Express gondola at Vercland (700 m), 2 km from the village; Sixt-Fer-à-Cheval is a linked village. Col de Joux Plane (to Morzine) closed in winter. 2026/27: alti-mag lists 19 Dec 2026 but Les Carroz (same lift company) publishes 12 Dec 2026 - double-check. Villages pass 58.50 EUR (2026/27), km not published. Aggregator/press lists a provisional 2026/27 opening of 2026-12-19, not confirmed by the operator; date shown is the 2025/26 opening shifted.",https://www.samoens.com/en/activites-dhiver/alpine-skiing/ | https://www.grand-massif.com/en/ski-offers/package-rates/ | https://www.haut-giffre.fr/je-decouvre/les-domaines-skiables/ | https://www.alti-mag.com/dates-douverture-stations-ski | https://www.skiresort.com/en/ski-resort/le-grand-massif-flaine-les-carroz-morillon-samoens-sixt/,medium
Val Cenis,,FR,Savoie,Val Cenis (Haute Maurienne Vanoise),Non-glacier,2026-12-12,confirmed_2026_27,2800,125,50.0,50.0,EUR,published_2026_27,273,3.43,,3.0,3.5,"North-facing, snow-sure domain with some off-piste under the Mont-Cenis ridge but a mainly on-piste family profile; Haute Maurienne is a major French touring valley (Vanoise classics) though the hubs are Bessans and Bonneval rather than Val Cenis.",https://www.valcenis.com/en/webcams/,"Col du Mont-Cenis closed in winter, so access from Italy is via the Frejus tunnel and Modane; base = Lanslevillard (Val Cenis le Haut gondola); 2025/26 official calendar said Sat 13 Dec 2025 while one aggregator says 14 Dec; valcenis.com domain page says 12 Dec 2026 but its pass page says Sunday 13 Dec 2026 for the discount week; 2025/26 adult day about 49.50 (skiresort); 6-day+ passes add one day at each other Haute Maurienne Vanoise resort. Milan route forced via Modane to avoid closed Mont Cenis.",https://www.valcenis.com/en/ski-et-glisse/le-domaine-alpin-de-val-cenis/ | https://www.valcenis.com/en/ski-et-glisse/les-forfaits-de-ski/ | https://www.valcenis.com/en/agenda/agenda-des-evenements/tous-en-piste/ | https://www.france-montagnes.com/experiences/dates-douverture-des-domaines-skiables-saison-25-26/ | https://www.skiresort.com/en/ski-resort/val-cenis-lanslevillard-lanslebourg-termignon/ | https://www.parcsetloisirs.fr/actualite/saison-de-ski-2026-2027-les-dates-douverture-de-toutes-les-stations-des-alpes-departement-par-departement,medium
Valberg,,FR,Alpes-Maritimes,Valberg–Beuil,Non-glacier,2026-12-12,estimated_from_2025_26,2020,90,37.0,37.0,EUR,estimated_from_2025_26,393,4.91,,2.5,2.5,Low family resort (top ~2000 m) with little off-piste and no events; limited touring (Mont Mounier) with variable snow.,https://www.valberg.com/les-activites/sports-dhiver/webcams/,"Opening date conflict: official event page (now offline) and France 3/Monaco Tribune give 13 Dec 2025 (promo weekend 15 EUR) while skiinfo/forfait2ski give 19-20 Dec 2025; 2026/27 date (19 Dec 2026) and 37 EUR price come from skiinfo/forfait2ski (also 37 EUR in 2025/26), not found on the JS-heavy official site; elevation 2020 m per skiresort, 2100 m per skiinfo; from Italy via Nice and the Var/Cians valleys. Aggregator/press lists a provisional 2026/27 opening of 2026-12-19, not confirmed by the operator; date shown is the 2025/26 opening shifted.",https://www.valberg.com/ | https://www.valberg.com/en/temps-fort/ouverture-du-domaine-skiable-13-12-2025/ | https://www.skiinfo.fr/alpes-du-sud/valberg/station-de-ski | https://www.skiinfo.fr/alpes-du-sud/valberg/forfaits-de-ski | https://www.forfait2ski.com/valberg/ | https://www.monaco-tribune.com/2025/12/isola-2000-auron-on-connait-la-date-douverture-des-stations-de-ski-du-mercantour/ | https://france3-regions.franceinfo.fr/provence-alpes-cote-d-azur/alpes-maritimes/carte-saison-d-hiver-2025-2026-voici-toutes-les-dates-d-ouverture-des-stations-de-ski-des-alpes-du-sud-3229196.html | https://www.skiresort.com/en/ski-resort/valberg-beuil-les-launes/,low
Valmeinier,,FR,Savoie,Galibier-Thabor,Non-glacier,2026-12-12,confirmed_2026_27,2750,160,54.9,54.9,EUR,published_2026_27,274,3.43,,3.0,3.5,"Thabor sector gives lift-served off-piste bowls and couloirs but the resort has no freeride event history; touring towards Mont Thabor and the Cerces massif is well documented, without a large guide scene.",https://www.valmeinier.com/en/webcams-almeinier/,"Base taken as Valmeinier 1800 (main lifts, end of road) rather than Valmeinier 1500 village; 2026/27 pre-opening week 12-18 Dec 2026 limited to the Valmeinier sector (Gros Crey), full Galibier-Thabor from 19 Dec 2026; 2025/26 planned pre-opening 13 Dec then full domain 20 Dec 2025, actual not confirmed; 2025/26 adult day 53.60; Saturday web promo 27.40/41.20.",https://www.skipass-valmeinier.com/media/download/valmeinierb2c/cms/media/GT%20TP%202627%20fr.pdf | https://www.skipass-valmeinier.com/media/download/valmeinierb2c/cms/media/startH26-27fr.pdf | https://www.skipass-valmeinier.com/fr/ | https://www.valmeinier.com/en/ | https://www.mairie-valloire.fr/InfoliveDocuments/galibier_thabor-tarifs_publics_hiver_2025-26.pdf | https://www.france-montagnes.com/experiences/dates-douverture-des-domaines-skiables-saison-25-26/ | https://www.skiresort.com/en/ski-resort/galibier-thabor-valmeinier-valloire/,medium
Villard-de-Lans–Corrençon,,FR,Isère,Espace Villard-Corrençon (Vercors),Non-glacier,2026-12-13,confirmed_2026_27,2050,125,43.0,43.0,EUR,estimated_from_2025_26,411,5.04,,2.5,3.0,"Low-altitude Vercors forest resort with little lift-served off-piste; Vercors plateau touring (Grande Moucherolle, Cornafion, Pic Saint-Michel) is popular from Grenoble but snow-dependent.",https://uk.villarddelans-correnconenvercors.com/live/webcams/,"2025/26 planned pre-openings 29-30 Nov and 6-7 Dec 2025 then continuous from 13 Dec 2025 to 29 Mar 2026, actual pre-opening not confirmed; official offer page says 13 Dec 2026 (a Sunday) while Parcs & Loisirs says 12 Dec 2026; main base Cote 2000/Les Glovettes car park (1150 m) above Villard; 2025/26 adult day 43 from skiresort/aggregators, operator (SEVLC) price page is JS-only; Corrençon (Clos de la Balme) is the second entry.",https://www.grenoblemag.com/article/2266/villard-de-lans-correncon-le-domaine-skiable-ouvrira-le-29-novembre | https://uk.villarddelans-correnconenvercors.com/offers/espace-alpin-villard-de-lans-correncon-villard-de-lans-en-3314307/ | https://uk.villarddelans-correnconenvercors.com/the-activities/skiing-and-snow-activities/downhill-skiing/ | https://www.france-montagnes.com/experiences/dates-douverture-des-domaines-skiables-saison-25-26/ | https://www.skiresort.com/en/ski-resort/espace-villard-correncon-villard-de-lans-correncon-en-vercors/ | https://www.parcsetloisirs.fr/actualite/saison-de-ski-2026-2027-les-dates-douverture-de-toutes-les-stations-des-alpes-departement-par-departement,low
Molines-en-Queyras–Saint-Véran,,FR,Hautes-Alpes,Queyras,Non-glacier,2026-12-18,confirmed_2026_27,2830,35,39.9,39.9,EUR,estimated_from_2025_26,397,5.70,,3.0,4.0,"Small lift system with good snow but little lift-served freeride; the Queyras (Saint-Veran, Pic de Caramantran, Tete des Toillies, hut-to-hut circuits) is one of France's best-known ski-touring valleys with dense Camptocamp coverage.",https://lequeyras.com/webcams/,"Highest lift-served point 2830 m per Molines and Saint-Veran commune sites, lequeyras.com and bergfex (skiresort 2800, PACA tourism 2900), so the 2800 m criterion is met; price is the aggregator main-season figure (lequeyras.com shows 38.10 undated; official shop queyras.skiperformance.com is a JS app); Col Agnel and Col d'Izoard closed in winter, access only via Guillestre-Combe du Queyras (D902/D947/D5); base = Molines sector (400 parking spaces, OSM stop 'Molines - Station' 0.7 km S of village), Saint-Veran sector has 50 spaces. Milan route forced via Barcelonnette to avoid closed Agnel.",https://lequeyras.com/en/according-to-my-nature/sports-addict/downhill-skiing/the-molines-st-veran-area/ | https://molinesenqueyras.fr/fr/rb/1573574/notre-domaine-de-ski-alpin | https://www.mairie-saintveran.fr/le-ski-et-les-activites-de-pleine-nature-en-hiver | https://www.bergfex.com/molines-en-queyras/ | https://provence-alpes-cotedazur.com/en/things-to-do/leisure-relaxation/all-relaxation-and-leisure-activities/alpine-domains-of-molines-saint-veran-molines-en-queyras-en-2883135/ | https://www.envie-de-queyras.com/event/ouverture-stations-queyras-hiver-2025-2026 | https://mesinfos.fr/provence-alpes-cote-d-azur/ouverture-des-stations-de-ski-la-saison-20252026-dans-les-hautes-alpes-233012.html | https://www.skiresort.com/en/ski-resort/molines-en-queyras-saint-veran/,medium
Valmorel,,FR,Savoie,Le Grand Domaine,Non-glacier,2026-12-18,confirmed_2026_27,2550,165,59.7,59.7,EUR,published_2026_27,364,4.36,,3.0,3.5,"Family resort with modest off-piste (Mottet, Lauziere side); the Lauziere massif above Celliers is a classic Savoie touring area.",https://www.valmorel.com/en/webcams/,"Pre-opening 13-14 Dec 2025 (20 EUR, weather-dependent) was planned but not verified; Valmorel-only pass 56.10 EUR (2026/27) covers Valmorel/Doucy/Celliers/Le Pre but its km is not published, so Grand Domaine 165 km / 59.70 EUR used; Saturday -50%, Sunday -30%; 2026/27 opening 18 Dec is a Friday; Col de la Madeleine closed in winter",https://skipass.valmorel.com/fr/pre-ouverture-valmorel | https://skipass.valmorel.com/fr/le-grand-domaine | https://skipass.valmorel.com/fr/tarifs-forfaits-valmorel | https://www.valmorel.com/en/winter-activities/ski-slide/ski-area/ | https://www.valmorel.com/en/ | https://www.france-montagnes.com/experiences/dates-douverture-des-domaines-skiables-saison-25-26/ | https://www.skiresort.com/en/ski-resort/le-grand-domaine-valmorel-doucy-celliers-st-francois-longchamp/ | https://www.valmorel.com/en/webcams/,medium
Arêches-Beaufort,,FR,Savoie,Arêches-Beaufort,Non-glacier,2026-12-19,confirmed_2026_27,2300,50,41.0,41.0,EUR,published_2026_27,356,4.35,,3.5,4.5,"Pierra Menta ski-mountaineering race host and Beaufortain touring hub with a dense route network; freeride: Grand Mont marked ungroomed runs, called a benchmark freeride destination by the OT, but lift-served terrain is small.",https://en.areches-beaufort.com/practice/webcams/,"Pre-opening weekend 13-14 Dec 2025 was planned but not verified - official continuous opening 20 Dec 2025 used; 2026/27 pre-openings possible 5-6 and 12-13 Dec 2026; day pass 41 EUR window, web promo from 24.70 EUR (dynamic pricing); top altitude 2300 m from skiresort (official text unreadable); second base Le Planay (45.67197, 6.54032); Cormet de Roselend closed in winter",https://en.areches-beaufort.com/pratique/etat-des-pistes-en-hiver/ | https://en.areches-beaufort.com/le-ski-a-areches-beaufort/ | https://en.areches-beaufort.com/a-faire/toutes-les-glisses/ski-alpin/ | https://www.areches-beaufort.ski/fr/tarifs_forfaitalpin | https://www.france-montagnes.com/experiences/dates-douverture-des-domaines-skiables-saison-25-26/ | https://www.skiresort.com/en/ski-resort/areches-beaufort/ | https://en.areches-beaufort.com/practice/webcams/,medium
Bonneval-sur-Arc,,FR,Savoie,Bonneval-sur-Arc,Non-glacier,2026-12-19,confirmed_2026_27,3000,25,37.2,38.2,EUR,published_2026_27,290,3.74,,3.5,4.0,"Small but high (1800-3000 m) north-facing lift-served off-piste from the 3000 m T-bar (Vallonnet, Andagne) with very reliable snow; Haute Maurienne touring mecca (Albaron, Ciamarella, Ouille Noire, Ecot valley, Col de l'Iseran) with an active guide bureau.",https://www.bonneval-hautemaurienne.ski/webcams-de-bonneval/,"Col de l'Iseran closed in winter, dead-end valley reached from Lanslebourg (Mont-Cenis pass also closed); 2026/27 1-day 38.20 at the window and 37.20 online; 6/7-day passes valid across Haute Maurienne Vanoise (350 km); only 25 km of pistes (inclusion basis is altitude/touring); official top 3000 m vs skiresort 2947 m; base = La Pierre Fendue car park by the lifts. Milan route forced via Modane to avoid closed Mont Cenis.",https://www.bonneval-hautemaurienne.ski/ | https://www.bonneval-hautemaurienne.ski/wp-content/uploads/2026/08/TARIFS-2026-2027-.pdf | https://www.bonneval-sur-arc.com/en/ski-et-glisse/le-domaine-skiable/ | https://www.bonneval-hautemaurienne.ski/webcams-de-bonneval/ | https://www.skiresort.com/en/ski-resort/bonneval-sur-arc/,high
Combloux,,FR,Haute-Savoie,Les Portes du Mont-Blanc / Evasion Mont-Blanc,Non-glacier,2026-12-19,confirmed_2026_27,1930,100,52.5,52.5,EUR,published_2026_27,271,3.54,,2.0,2.5,Low gentle family area (Tête du Torraz 1930 m) with little off-piste; only easy touring nearby.,https://www.combloux.com/en/webcams/,"Base = Beauregard chairlift/La Cry car park (Route des Brons, lift-co office). Evasion Mont-Blanc pass also sold (65 EUR 2026/27, 400 km). 2025/26 weekend openings 6/7 and 13/14 Dec were planned per lift-co, not separately verified (bergfex lists season from 20 Dec 2025); closed 22 Mar 2026. 2026/27: 19 Dec 2026-21 Mar 2027. La Giettaz and Cordon are on the same pass.",https://www.lesportesdumontblanc.fr/hiver/tarifs-hiver-ski-portes-du-mont-blanc-et-evasion/ | https://www.lesportesdumontblanc.fr/hiver/ | https://www.skiinfo.fr/alpes-du-nord/combloux/station-de-ski | https://www.bergfex.com/combloux/ | https://www.skiresort.com/en/ski-resort/les-portes-du-mont-blanc-combloux-megeve-le-jaillet-la-giettaz/,medium
La Grave,,FR,Hautes-Alpes,La Grave–La Meije,Glacier + non-glacier,2026-12-19,estimated_from_2025_26,3550,3,66.0,66.0,EUR,estimated_from_2025_26,286,3.86,,5.0,4.5,"Legendary lift-served freeride (Vallons de la Meije, Chancel, Trifides) with a guide-dominated culture and the Derby de la Meije; La Meije/Ecrins and Col du Lautaret provide dense high-alpine touring classics.",https://la-grave.com/en/webcams/,"Cable car 20 Dec 2025-3 May 2026, full day pass 66 EUR official 2025/26 (skiresort still lists 62); Girose glacier drag lifts to Dome de la Lauze 3550 m run only when snow/weather allow (typically from Feb), otherwise top is Ruillans 3200 m; no marked pistes off the glacier (19 km of itineraries); Col du Lautaret (D1091) normally open in winter with storm closures; from Italy via Montgenevre-Briancon-Lautaret.",https://la-grave.com/en/hiver-tarifs-horaires/ | https://la-grave.com/en/le-domaine-de-haute-montagne-hiver/ | https://www.envie-de-brianconnais.com/event/ouverture-telepherique-la-grave-hiver-2025-2026 | https://www.hautesvallees.com/la-grave/en/equipement/glacier-lifts-of-la-meije-la-grave/ | https://mesinfos.fr/provence-alpes-cote-d-azur/ouverture-des-stations-de-ski-la-saison-20252026-dans-les-hautes-alpes-233012.html | https://www.skiresort.com/en/ski-resort/la-grave-la-meije/,medium
La Norma,,FR,Savoie,La Norma,Non-glacier,2026-12-19,confirmed_2026_27,2750,65,43.6,43.6,EUR,published_2026_27,252,3.07,,2.5,3.0,Car-free family resort whose off-piste is limited to tree runs between pistes below the 2750 m summit; Vanoise touring is nearby but the resort itself is not a touring base.,https://www.la-norma.ski/webcams/,Car-free resort at 1350 m with a free underground car park at the entrance (5 km above Villarodin-Bourget); 2025/26 adult day 43.00; Saturday web promo 31 EUR; 2026/27 keycard 2 EUR extra.,https://www.la-norma.ski/tarifs-forfaits-de-ski/ | https://www.la-norma.ski/infos-utiles-hiver/ | https://www.la-norma.fr/en/ski-et-glisse/le-domaine-skiable/ | https://www.france-montagnes.com/experiences/dates-douverture-des-domaines-skiables-saison-25-26/ | https://www.skiresort.com/en/ski-resort/la-norma/,high
Le Sauze–Super Sauze,,FR,Alpes-de-Haute-Provence,Le Sauze,Non-glacier,2026-12-19,confirmed_2026_27,2400,65,39.0,39.0,EUR,published_2026_27,321,4.34,,3.0,3.0,"Small Ubaye resort, mostly on-piste with some steep local off-piste and no events; limited touring on the Chapeau de Gendarme / Grande Seolane sides.",https://www.sauze.com/webcams/,"13-14 Dec 2025 weekend opening reported only by skiinfo, continuous opening 20 Dec 2025 per press (use 20 Dec if in doubt); 2026/27 single day price 39 EUR (season 19 Dec 2026-29 Mar 2027); base = Le Sauze 1400 (Super Sauze 1700 is the upper village); from Italy via Col de Larche to Barcelonnette (4 km).",https://www.sauze.com/decouvrez/domaine-skiable/ | https://www.sauze.com/en/ski/ski-passes/full-day-ski-passes/ | https://www.ubaye.com/ski/forfaits-de-ski/ | https://www.skiinfo.fr/alpes-du-sud/sauze-supersauze/forfaits-de-ski | https://france3-regions.franceinfo.fr/provence-alpes-cote-d-azur/alpes-maritimes/carte-saison-d-hiver-2025-2026-voici-toutes-les-dates-d-ouverture-des-stations-de-ski-des-alpes-du-sud-3229196.html | https://www.skiresort.com/en/ski-resort/super-sauze/,medium
Les Karellis,,FR,Savoie,Les Karellis,Non-glacier,2026-12-19,confirmed_2026_27,2520,60,36.0,36.0,EUR,published_2026_27,281,3.44,,3.0,3.0,"North-north-east facing area that promotes secured off-piste inside the domain (Fontagnoux, Chaudannes) and holds snow well, but small and little known; touring possible above 2000 m yet with little variety.",https://www.karellis.com/en/webcams/,"Car-free resort at 1600 m above Montricher-Albanne, park at the resort entrance; 2025/26 adult day 35.00; official top 2520 m (skiresort 2482 m); official km given as 60 km groomed (one English page says 65 km); cheapest day pass in the batch.",https://www.leskarellis.com/fr/tarifs-2026-2027-sans-lien | https://www.karellis.com/domaine-skiable/ | https://www.karellis.com/en/activites-hiver/the-downhill-ski-area/ | https://www.odesia-vacances.com/programme-50ans-karellis/ | https://www.skiresort.com/en/ski-resort/les-karellis/,high
Morillon,,FR,Haute-Savoie,Le Grand Massif,Non-glacier,2026-12-19,estimated_from_2025_26,2500,265,63.0,63.0,EUR,published_2026_27,293,3.81,,2.5,2.5,"Gentle family sector (Morillon 1100, Coulouvrier 2120 m); little off-piste or touring of note.",https://www.grand-massif.com/en/webcams/,"Base = Morillon village gondola (700 m) to Morillon 1100. Sector top 2120 m (Coulouvrier chair); 2500 m is the Grand Massif top in Flaine. 2025/26 planned 20 Dec 2025-6 Apr 2026, actual not separately verified. 2026/27 alti-mag provisional 19 Dec 2026 (Les Carroz official 12 Dec). Villages pass 58.50 EUR. Official morillon.fr redirects to haut-giffre.fr (certificate error), so the Grand Massif multi-cam page is used for the webcam. Aggregator/press lists a provisional 2026/27 opening of 2026-12-19, not confirmed by the operator; date shown is the 2025/26 opening shifted.",https://www.haut-giffre.fr/je-decouvre/les-domaines-skiables/ | https://www.flaine.com/en/flaine-ski-resort-opening-2025-early-season-deals/ | https://www.grand-massif.com/en/ski-offers/package-rates/ | https://www.alti-mag.com/dates-douverture-stations-ski | https://www.skiresort.com/en/ski-resort/le-grand-massif-flaine-les-carroz-morillon-samoens-sixt/,medium
Morzine,,FR,Haute-Savoie,Portes du Soleil,Non-glacier,2026-12-19,confirmed_2026_27,2019,120,50.0,56.0,EUR,published_2026_27,306,4.07,,3.0,2.5,"Nyon/Chamossière offer some steep off-piste; touring modest (Roc d'Enfer, Pointe de Nantaux nearby).",https://www.morzine-avoriaz.com/sejourner/pratique/webcams/,"Base = Pléney cable car in the village. From Italy via Grand-Saint-Bernard/Martigny-Monthey-Pas de Morgins or Geneva-Thonon; Col de Joux Plane closed in winter. 2025/26: official 20 Dec 2025-6 Apr 2026 with pre-opening 13-19 Dec possible (bergfex season from 13 Dec); Avoriaz reachable from 12 Dec via Prodains. 2026/27: Pléney desks from 21 Nov, Nyon from 19 Dec 2026; Les Gets lift-co lists partial 12 Dec/general 19 Dec 2026 - Morzine partial date not published. Prices web 50/desk 56 EUR until 19 Mar 2027 (Saturdays 40); Portes du Soleil 69 web/73 desk (+3 EUR card). Top 2019 m (Pointe de Nyon) per bergfex; skiinfo 2000 m.",https://www.ski-morzine.com/en/winter/prices/prices-morzine-les-gets-winter/ | https://www.ski-morzine.com/en/winter/prices/prices-portes-du-soleil-winter/ | https://www.ski-morzine.com/en/opening-cash-desk/ | https://www.morzine-avoriaz.com/dates-douverture-du-domaine-skiable-2025-2026-a-morzine-avoriaz/ | https://pass.lesgets.com/en/ski-area/ | https://www.bergfex.com/morzine/ | https://www.skiresort.com/en/ski-resort/les-portes-du-soleil-morzine-avoriaz-les-gets-chatel-morgins-champery/,medium
Notre-Dame-de-Bellecombe,,FR,Savoie,Espace Diamant,Non-glacier,2026-12-19,confirmed_2026_27,2069,90,43.5,45.0,EUR,published_2026_27,283,3.79,,2.5,2.5,Low-altitude family village area; negligible freeride or touring reputation.,https://notredamebellecombe.labellemontagne.com/fr/hiver/infos-station/webcams/,"Labellemontagne operator; 2026/27 Val d'Arly adult day 45 EUR window / 43.50 EUR web, Espace Diamant 52 EUR, Saturday 25 EUR; 2069 m is the Espace Diamant/Val d'Arly high point per Labellemontagne; skiinfo lists 26 Dec 2026 opening - official 19 Dec used; season ends late March",https://notredamebellecombe.labellemontagne.com/fr/hiver/ski-snowboard/domaine-skiable/ | https://notredamebellecombe.labellemontagne.com/fr/hiver/forfaits/ | https://notredamebellecombe.labellemontagne.com/fr/hiver/ | https://www.france-montagnes.com/experiences/dates-douverture-des-domaines-skiables-saison-25-26/ | https://www.lessaisies.org/meteo-neige-pistes/ouverture-des-pistes-espace-diamant | https://www.skiresort.com/en/ski-resort/espace-diamant-les-saisies-notre-dame-de-bellecombe-praz-sur-arly-flumet-crest-voland/ | https://notredamebellecombe.labellemontagne.com/fr/hiver/infos-station/webcams/,medium
Praz de Lys–Sommand,,FR,Haute-Savoie,Praz de Lys–Sommand,Non-glacier,2026-12-19,confirmed_2026_27,2000,72,37.5,37.5,EUR,published_2026_27,303,4.05,,2.5,3.0,"Small family area with minor off-piste; popular touring on Haute Pointe, Pointe de Chalune and Roc d'Enfer from Sommand/Praz de Lys.",https://www.prazdelys-sommand.com/explorer/la-station/le-domaine-skiable/webcams/,"Base = Praz de Lys (Les Molliettes) car park reached from Taninges (D308); Sommand base reached from Mieussy. 2025/26 first weekend 13-14 Dec 2025 per skiinfo (bergfex lists 20 Dec) - not verified; closed 6 Apr 2026. 2026/27: 19 Dec 2026-4 Apr 2027; day pass 37.50 EUR (Saturdays 30 EUR; 2025/26 was 36). Top: OT/skiinfo/bergfex 2000 m, skiresort.com 1966 m. Access from Italy via Mont Blanc tunnel-Cluses-Taninges.",https://espacedeslys.com/fr/ | https://www.prazdelys-sommand.com/explorer/la-station/le-domaine-skiable/ | https://www.alti-mag.com/domaines-skiables/praz-de-lys-sommand-alpin | https://www.skiinfo.fr/alpes-du-nord/praz-de-lys-sommand/forfaits-de-ski | https://www.bergfex.com/praz-de-lys-sommand/ | https://www.skiresort.com/en/ski-resort/praz-de-lys-sommand-taninges-mieussy/,medium
Praz-sur-Arly,,FR,Haute-Savoie,Espace Diamant,Non-glacier,2026-12-19,confirmed_2026_27,2069,90,43.5,45.0,EUR,published_2026_27,276,3.67,,2.5,2.5,Small village area (Cret du Midi); no freeride or touring reputation.,https://prazsurarly.labellemontagne.com/fr/hiver/webcams/,"Haute-Savoie village of Espace Diamant, same operator/pass as NDB; 2026/27 Val d'Arly day 45 EUR window / 43.50 EUR web, Espace Diamant 52 EUR; 2025/26 opening 20 Dec 2025 from search summary (not directly verified on the official page); season ends 27-29 March",https://prazsurarly.labellemontagne.com/fr/hiver/domaine-skiable/ | https://prazsurarly.labellemontagne.com/fr/hiver/forfaits/ | https://prazsurarly.labellemontagne.com/fr/hiver/ | https://www.lessaisies.org/meteo-neige-pistes/ouverture-des-pistes-espace-diamant | https://www.skiresort.com/en/ski-resort/espace-diamant-les-saisies-notre-dame-de-bellecombe-praz-sur-arly-flumet-crest-voland/ | https://prazsurarly.labellemontagne.com/fr/hiver/webcams/,medium
Valfréjus,,FR,Savoie,Valfréjus,Non-glacier,2026-12-19,confirmed_2026_27,2737,70,43.6,43.6,EUR,published_2026_27,249,3.05,,3.5,3.0,"Locally reputed for steep larch-forest and Punta Bagna (2737 m) off-piste on north-facing slopes, but a small area without competition history; touring limited to Mont Thabor and Frejus valley routes.",https://www.valfrejus.ski/webcams/,Closest FR2 resort to the Frejus tunnel exit (about 10 km above Modane); 2025/26 adult day 43.00; free shuttle to La Norma every 45 min and the pass is shared between the two unlinked areas; Parcs & Loisirs lists 20 Dec 2026 but the operator site says Sat 19 Dec 2026.,https://www.valfrejus.ski/en/ski-passes-prices/ | https://www.valfrejus.com/en/ski-et-glisse/le-domaine-skiable/ | https://www.valfrejus.ski/webcams/ | https://www.france-montagnes.com/experiences/dates-douverture-des-domaines-skiables-saison-25-26/ | https://www.skiresort.com/en/ski-resort/valfrejus/,high
Val Senales,Schnalstal,IT,"Bolzano, Trentino-Alto Adige",Val Senales Glacier (Ortler Skiarena),Glacier,2026-09-19,confirmed_2026_27,3212,42,63.0,63.0,EUR,published_2026_27,336,4.08,,3.5,4.0,"Glacier off-piste from Grawand/Lazaun and Finail with steep north faces; Similaun, Fineilspitze and Weisskugel are classic Oetztal Alps tours from Maso Corto with strong hut tradition and Sept-May snow.",https://www.valsenales.com/it/webcam-val-senales,"Glacier skiing Sept-May (autumn mostly race training); 2026/27 price list published: 1-day adult EUR 68 Season A (19 Sep-6 Nov 2026), 50 Season B, 57 Season C (9-29 Jan, 27 Feb-19 Mar 2027), 63 Season D (26 Dec-8 Jan, 30 Jan-26 Feb, 20 Mar-2 Apr 2027); valley runs open from 28 Nov 2026; Suedtirol Skiarena pass also valid; dead-end valley from Naturno (no pass); base = Maso Corto/Kurzras glacier cable car.",https://www.valsenales.com/fileadmin/user_upload/Preisliste_Winter_2026_27.pdf | https://www.valsenales.com/it/ticket-prezzi-skipass-val-senales | https://www.scimarche.it/val-senales-il-ghiacciaio-riparte-il-19-settembre-primi-allenamenti-della-stagione-2026-27 | https://www.suedtirol.com/skiurlaub-suedtirol/skifahren/oeffnungszeiten-skigebiete | https://www.skiresort.com/en/ski-resort/val-senales-glacier-schnalstaler-gletscher/,medium
Cervinia,Breuil-Cervinia,IT,"Aosta, Valle d'Aosta",Matterhorn Ski Paradise (Zermatt–Cervinia–Valtournenche),Glacier + non-glacier,2026-10-24,confirmed_2026_27,3480,150,64.0,64.0,EUR,published_2026_27,190,2.49,,3.5,4.0,"High open glacier off-piste (Ventina, Cieloalto) but mostly mellow, guide offices present; touring: Breithorn 4164 m from Plateau Rosa, Valtournenche classics, strong guide culture.",https://www.cervinia.it/en/webcam,"2026/27 official tariff (Cervino SpA, dated 04.05.2026): Breuil-Cervinia 24 Oct 2026-2 May 2027, Valtournenche 28 Nov 2026-25 Apr 2027; local adult 1-day EUR 64 flat (no seasonal tiers), international with Zermatt EUR 88; October glacier opening skis Plateau Rosa/Theodul (Swiss side, ID document required); 3480 m = Plateau Rosa/Testa Grigia on local pass (Klein Matterhorn 3883 m needs international pass); Glacier Ride II (Matterhorn Alpine Crossing) closed 7 Jan-26 Feb 2027 for maintenance; coordinates = Breuil-Cervinia village.",https://www.cervinia.it/en/ | https://drive.google.com/file/d/15SPVS6W4LUnCu5o-ofHpiZgkA6B9Siy1/view | https://www.dovesciare.it/news/2025-10-23/cervinia-si-scia-dal-25-ottobre-tutte-le-novita-linverno-20252026 | https://aostasera.it/notizie/turismo/dove-sciare-in-valle-daosta-skipass-impianti-e-piste-2025-2026/ | https://www.skiinfo.it/valle-daosta/cervinia/skipass | https://www.skiresort.com/en/ski-resort/zermatt-breuil-cervinia-valtournenche-matterhorn/ | https://www.cervinia.it/en/webcam,medium
Solda,Sulden,IT,"Bolzano, Trentino-Alto Adige",Sulden am Ortler (Ortler Skiarena),Non-glacier,2026-10-24,confirmed_2026_27,3250,40,63.0,63.0,EUR,published_2026_27,361,4.53,,3.5,4.0,"Steep off-piste in the Madritsch bowls and under the Kanzel with local guides; Ortler group is a classic high-alpine touring hub (Cevedale, Suldenspitze, Vertainspitze, spring Ortler) with strong Ortler Skiarena guide culture.",https://seilbahnensulden.it/en/webcam/,"2026/27 prices published: 1-day adult EUR 63 main season (19 Dec-8 Jan, 30 Jan-12 Mar, 20 Mar-2 Apr 2027), 60 off-season, 53.50 pre/post season (24 Oct-18 Dec 2026, 17 Apr-2 May 2027); official altitude 1900-3250 m, no lift-served glacier piste; 2026/27 start 24 Oct is the published pre-season start, snow-dependent (snowtrex quotes 1 Nov 2026); access only via Val Venosta-Prato allo Stelvio, Passo Stelvio closed in winter. Milan route uses OSRM alternative avoiding closed Stelvio, Umbrail.",https://seilbahnensulden.it/en/lifts-slopes/tickets-prices/ | https://seilbahnensulden.it/en/ | https://www.suedtirol.com/skiurlaub-suedtirol/skifahren/oeffnungszeiten-skigebiete | https://www.skiinfo.de/ortler-skiarena/saisoneroeffnung-skigebiete | https://www.alpinforum.com/forum/viewtopic.php?p=5509734 | https://www.skiresort.com/en/ski-resort/sulden-am-ortler-solda-allortles/,medium
Cortina d'Ampezzo,,IT,"Belluno, Veneto",Dolomiti Superski,Non-glacier,2026-11-21,estimated_from_2025_26,2828,120,80.0,80.0,EUR,estimated_from_2025_26,407,4.63,,3.5,4.0,"Renowned off-piste itineraries (Bus de Tofana, Forcella Rossa, Lagazuoi-Armentarola, Cristallo) with Guide Alpine Cortina and freeride schools; Tofane, Cristallo and Fanes host many documented ski tours; no FWT stop.",https://cortinadampezzo.it/webcam/,"Three unlinked sectors (Tofana-Socrepes, Faloria-Cristallo, Lagazuoi-5 Torri) connected by skibus; the 22 Nov 2025 Col Gallina opening is the announced date, official site framed 4 Dec as gradual start; 2025/26 valley 1-day EUR 72 low / 80 high; official news 1 Sep 2026 gives only 'late Nov-early Dec 2026' (skiresort lists 21 Nov 2026); Passo Giau often closed in winter, use SS51 Alemagna or Falzarego/Valparola; 2026 Olympic venue.",https://www.dolomitireview.com/a-cortina-dampezzo-al-via-la-stagione-sciistica-2025-26-in-attesa-delle-olimpiadi-ecco-cosa-cambia-questo-inverno/ | https://cortinadampezzo.it/news/apertura-impianti-inverno/ | https://cortinadampezzo.it/news/inverno-2026-27-a-cortina-dampezzo/ | https://www.dolomitireview.com/dolomiti-superski-ecco-quanto-costano-gli-skipass-di-valle-a-inizio-stagione-e-durante-le-feste-natalizie-2025-26-san-martino-di-castrozza-rio-pusteria-e-ski-civetta-le-localita-piu-convenienti/ | https://www.dolomitireview.com/dolomiti-superski-2025-26-un-avvio-di-stagione-favorito-dal-meteo-e-dagli-investimenti/ | https://www.skiresort.com/en/ski-resort/cortina-dampezzo/,medium
Prato Nevoso – Mondolè Ski,,IT,"Cuneo, Piedmont",Mondolè Ski (Prato Nevoso–Artesina–Frabosa),Non-glacier,2026-11-22,estimated_from_2025_26,2085,105,52.0,52.0,EUR,estimated_from_2025_26,231,2.87,,2.5,2.5,"Family-oriented, low-altitude Ligurian Alps resort with little documented off-piste; local touring limited by snow reliability.",https://pratonevoso.com/webcam/,"Extraordinary early opening Sun 23 Nov 2025 (partial lifts), Caudano-Vallon 6-seater from 24 Nov, all lifts from Thu 27 Nov 2025, Open Season show 6-7 Dec; 2026/27 opening not published (skiinfo 5 Dec 2026 vs skiresort 26 Nov 2026). 2025/26 listino: high season 26 Dec 2025-6 Jan 2026 fixed EUR 52 at ticket office, online dynamic from EUR 39 (Tue-Thu) and promo EUR 27; keycard EUR 2.50; new 8-seat Blu chairlift planned for 2026/27; Prato Nevoso alone about 50 km, top about 2000 m (skiinfo/neveitalia).",https://pratonevoso.com/prato-nevoso-annuncia-lapertura-straordinaria-degli-impianti-sciistici-da-domenica-23-novembre/ | https://pratonevoso.com/prato-nevoso-apertura-totale-degli-impianti-da-giovedi-27-novembre/ | https://pratonevoso.com/listino-e-orari/ | https://www.skiresort.com/en/ski-resort/mondole-ski-artesina-frabosa-soprana-prato-nevoso/ | https://www.skiinfo.it/piemonte/prato-nevoso/stazione-sciistica | https://www.neveitalia.it/ski/pratonevoso | https://pratonevoso.com/webcam/,medium
Folgaria–Lavarone,,IT,"Trento, Trentino-Alto Adige",Alpe Cimbra,Non-glacier,2026-11-27,estimated_from_2025_26,1824,74,60.0,63.0,EUR,published_2026_27,217,2.77,,1.5,2.0,Low-altitude family plateau with fully snowmade groomed pistes and almost no off-piste; ski touring limited to gentle Cimbra plateau routes.,https://www.alpecimbra.it/en/homepage/webcam/9-0.html,"2026/27 price list published: 1-day adult EUR 63 window / 60 online on Saturdays, Sundays, holidays, 19 Dec 2026-6 Jan 2027 and 7-13 Feb 2027; weekdays EUR 57 / 53; Lavarone sector not lift-linked to Folgaria-Fiorentini (skibus); altitude 1177-1824 m; base = Folgaria village (lifts at Francolini/Fondo Grande ~3 km); skiresort lists 2026/27 season from 28 Nov 2026 (unverified); no pass on Milan route (A4/A22 Rovereto).",https://www.alpecimbra.it/files/content/99531_12053_2_0/official-skipass-pricelist-skiarea-alpe-cimbra-folgaria-lavarone-25.26.pdf | https://www.alpecimbra.it/en/alpe-cimbra-ski-area/alpe-cimbra-ski-area/skipass-skiarea-alpe-cimbra/126-687.html | https://www.neveitalia.it/ski/folgarialavarone/skipass | https://www.skiresort.com/en/ski-resort/folgaria-fiorentini/,medium
Madesimo,,IT,"Sondrio, Lombardy",Valchiavenna (Madesimo–Campodolcino),Non-glacier,2026-11-27,confirmed_2026_27,2948,40,59.0,59.0,EUR,published_2026_27,139,2.52,,3.5,3.5,Canalone and Pizzo Groppera north-face off-piste are well known regionally; touring in the Val di Lei/Spluga area and Pizzo Stella.,https://www.skiareavalchiavenna.it/en/webcam-en-2/,"2026/27 official: high EUR 59 (5-8 Dec, 25 Dec-6 Jan, 30 Jan-14 Mar), low EUR 56 (7-29 Jan, 15 Mar-4 Apr), pre-season EUR 41; Spluga/Splugen pass closed in winter, access from Milan via Chiavenna SS36; coordinates = Madesimo gondola base station (Larici).",https://www.skiareavalchiavenna.it/en/prices/ | https://www.skiareavalchiavenna.it/apertura-della-stagione-invernale-2025-2026/ | https://www.calendariovaltellinese.com/blog/aperture-impianti-sciistici-in-provincia-di-sondrio-per-la-stagione-2025-2026 | https://www.skiresort.com/en/ski-resort/valchiavenna-madesimo-campodolcino/ | https://www.skiareavalchiavenna.it/en/webcam-en-2/,medium
Val di Fiemme–Obereggen,,IT,"Trento, Trentino-Alto Adige / Bolzano",Dolomiti Superski,Non-glacier,2026-11-27,confirmed_2026_27,2388,110,71.0,71.0,EUR,estimated_from_2025_26,280,3.39,,2.5,3.5,"Piste-focused family sectors (Cermis, Latemar) with only modest off-piste at Pampeago/Cermis; Lagorai and Latemar have many documented ski tours and an active local touring scene but no high-alpine classics.",https://www.visitfiemme.it/en/area/webcam,"Valley pass covers Alpe Cermis (Cavalese, base used here), Latemar Dolomites (Obereggen-Pampeago-Predazzo, top ~2388 m), Bellamonte-Alpe Lusia, Passo Rolle and Oclini; sectors linked only by skibus except Latemar; 2026/27: first lifts Obereggen 27 Nov 2026, Fiemme link 28 Nov, season to 4 Apr 2027; night skiing Obereggen Tue/Fri; 2025/26 valley 1-day EUR 64 low / 71 high; alternative base Obereggen 46.38500, 11.52597.",https://obereggen.com/en | https://www.visitfiemme.it/en/activities/skiing | https://www.sciaremag.it/turismo/val-di-fiemme-obereggen-tante-novita-per-la-stagione-invernale-2025-26/ | https://www.schneehoehen.de/artikel/erfolgreicher-saisonstart-dolomiti-superski | https://www.dolomitireview.com/dolomiti-superski-ecco-quanto-costano-gli-skipass-di-valle-a-inizio-stagione-e-durante-le-feste-natalizie-2025-26-san-martino-di-castrozza-rio-pusteria-e-ski-civetta-le-localita-piu-convenienti/ | https://www.suedtirol.com/skiurlaub-suedtirol/skifahren/oeffnungszeiten-skigebiete | https://www.skiresort.com/en/ski-resort/latemar-obereggen-pampeago-predazzo/,medium
3 Zinnen Dolomites,Tre Cime Dolomiti,IT,"Bolzano, Trentino-Alto Adige",Dolomiti Superski,Non-glacier,2026-11-28,estimated_from_2025_26,2225,115,80.0,80.0,EUR,estimated_from_2025_26,381,4.64,,3.0,3.5,"Rotwand/Croda Rossa and Stiergarten offer moderate off-piste; Sexten Dolomites, Kreuzbergpass and Comelico provide many documented ski tours but a small guiding scene.",https://www.dreizinnen.com/en/webcams,"Linked Helm-Stiergarten-Rotwand-Kreuzbergpass area is 86 km (skiresort), pass adds Haunold, Rienz, Prags and Padola sectors; base = Versciaco/Vierschach Helm gondola next to rail station (Sesto 46.67197, 12.38705 alternative); 2025/26 valley 1-day EUR 72 low / 80 high; skiresort lists 2026/27 season 27 Nov 2026-11 Apr 2027 (unverified); 2026/27 season pass published; via Val Pusteria SS49 (no pass).",https://www.dolomitisuperski.com/en/areas/tre-cime-dolomiti | https://www.dreizinnen.com/en/skiing/skiing/ski-resort | https://www.dreizinnen.com/en/skiing/tickets-prices/tickets-preise | https://www.suedtirol.com/skiurlaub-suedtirol/skifahren/oeffnungszeiten-skigebiete | https://www.schneehoehen.de/artikel/erfolgreicher-saisonstart-dolomiti-superski | https://www.dolomitireview.com/dolomiti-superski-ecco-quanto-costano-gli-skipass-di-valle-a-inizio-stagione-e-durante-le-feste-natalizie-2025-26-san-martino-di-castrozza-rio-pusteria-e-ski-civetta-le-localita-piu-convenienti/ | https://www.skiresort.com/en/ski-resort/3-zinnen-dolomites-helm-stiergarten-rotwand-kreuzbergpass/,medium
Alagna Valsesia,,IT,"Vercelli, Piedmont",Monterosa Ski,Glacier + non-glacier,2026-11-28,confirmed_2026_27,3275,132,71.0,71.0,EUR,published_2026_27,149,2.17,,4.5,4.0,"Monterosa Freeride Paradise: Indren, Malfatta, Balma and Olen itineraries with strong guide scene and FWQ history; touring to Monte Rosa huts (Gnifetti, Piramide Vincent) and Val Vogna/Turlo.",https://monterosaski.eu/en/webcam,"29 Nov 2025 is the Monterosa Ski area opening (Ayas/Gressoney); Alagna sector opening date not separately verified (usually a week later); Indren 3275 m is off-piste only, not glacier pistes; coordinates = lower funivia car park in Alagna; access from Milan via Valsesia SP299, no passes. Dynamic pricing 2026/27: adult 1-day EUR 40-71 depending on date and advance purchase (peak dates at top of range), online EUR 5 cheaper than ticket office; Monterosa Ski 3-valley pass is the only pass sold for the linked area (Antagnod separate).",https://monterosaski.eu/en/schedules-monterosa-ski-area-19384 | https://monterosaski.eu/en/tariffazione-dinamica-monterosa-ski-19318 | https://monterosaski.eu/en/ | https://aostasera.it/notizie/turismo/dove-sciare-in-valle-daosta-skipass-impianti-e-piste-2025-2026/ | https://www.skiresort.com/en/ski-resort/alagna-valsesia-gressoney-la-trinite-champoluc-frachey-monterosa-ski/ | https://monterosaski.eu/en/webcam,medium
Alpe Lusia–San Pellegrino,,IT,"Trento, Trentino-Alto Adige / Belluno, Veneto",Dolomiti Superski (Tre Valli),Non-glacier,2026-11-28,estimated_from_2025_26,2513,100,71.0,71.0,EUR,estimated_from_2025_26,304,3.81,,3.0,3.5,"Col Margherita (2513 m) has a marked freeride zone and off-piste towards Fuciade; Costabella, Monzoni, Bocche and Lagorai give good documented day tours but the area is small.",https://www.skiareasanpellegrino.it/info-contatti/webcam/,"Two unlinked sectors: Alpe Lusia (Ronchi/Moena and Bellamonte; base used here) and San Pellegrino-Falcade (pass at 46.36726, 11.80237), joined by free Tre Valli shuttle 20 Dec-15 Mar; Alpe Lusia is also included in the Fiemme-Obereggen valley pass; 2025/26 valley 1-day EUR 64 low / 71 high; fassa.com lists both skiareas 'open 4 Dec 2026-4 Apr 2027' (generic note) and skiresort lists 28 Nov 2026; Passo San Pellegrino road open in winter; the 29 Nov 2025 opening is the announced date, not confirmed post hoc.",https://www.skiareasanpellegrino.it/ | https://www.lavisioblog.it/al-via-la-stagione-invernale-il-29-novembre-2025/ | https://moveo.telepass.com/alpe-lusia-skipass-prezzi-giornaliero-stagionale/ | https://www.dolomitireview.com/dolomiti-superski-ecco-quanto-costano-gli-skipass-di-valle-a-inizio-stagione-e-durante-le-feste-natalizie-2025-26-san-martino-di-castrozza-rio-pusteria-e-ski-civetta-le-localita-piu-convenienti/ | https://www.schneehoehen.de/artikel/erfolgreicher-saisonstart-dolomiti-superski | https://www.fassa.com/it/piste-e-impianti/skiarea | https://www.skiresort.com/en/ski-resort/passo-san-pellegrino-falcade/,medium
Champoluc,,IT,"Aosta, Valle d'Aosta",Monterosa Ski,Non-glacier,2026-11-28,confirmed_2026_27,3275,132,71.0,71.0,EUR,published_2026_27,177,2.32,,3.5,3.5,"Gentler Ayas side with Bettaforca/Colle Sarezza off-piste; moderate touring (Palon di Resy, Testa Grigia) and access to the wider Monterosa scene.",https://monterosaski.eu/en/webcam,"Ayas sector tops at Colle Bettaforca 2727 m; 3275 m (Indren, off-piste glacier) is on the same pass two valleys away, hence Non-glacier here; Antagnod is a separate small area with its own pass; coordinates = Champoluc village (Champoluc-Crest gondola base). Dynamic pricing 2026/27: adult 1-day EUR 40-71 depending on date and advance purchase (peak dates at top of range), online EUR 5 cheaper than ticket office; Monterosa Ski 3-valley pass is the only pass sold for the linked area (Antagnod separate).",https://monterosaski.eu/en/schedules-monterosa-ski-area-19384 | https://monterosaski.eu/en/tariffazione-dinamica-monterosa-ski-19318 | https://monterosaski.eu/en/ | https://aostasera.it/notizie/turismo/dove-sciare-in-valle-daosta-skipass-impianti-e-piste-2025-2026/ | https://www.skiresort.com/en/ski-resort/alagna-valsesia-gressoney-la-trinite-champoluc-frachey-monterosa-ski/ | https://monterosaski.eu/en/webcam,medium
Civetta,,IT,"Belluno, Veneto",Dolomiti Superski,Non-glacier,2026-11-28,estimated_from_2025_26,2100,72,70.0,70.0,EUR,estimated_from_2025_26,342,4.49,,3.0,3.5,"Civetta north-side itineraries from Col dei Baldi/Fertazza and Zoldo tree runs are known locally with guide-led options; Civetta, Pelmo and Moiazza groups offer documented tours from Val di Zoldo but on a limited scale.",https://www.dolomitisuperski.com/en/live-info/webcam/webcam-civetta,"skicivetta.com returned HTTP 403 to automated requests, so km/elevation from skiresort and prices from DSS press (2025/26 valley 1-day EUR 63 low / 70 high); Ski Civetta covers Alleghe (base used here), Selva di Cadore, Palafavera and Val di Zoldo (Pecol); skiresort lists 2026/27 season 28 Nov 2026-4 Apr 2027 (unverified); Passo Giau/Staulanza may close in winter; from Milan via Belluno-Agordo-Alleghe.",https://www.skiresort.com/en/ski-resort/civetta-alleghe-selva-di-cadore-palafavera-zoldo/ | https://www.dolomitireview.com/dolomiti-superski-ecco-quanto-costano-gli-skipass-di-valle-a-inizio-stagione-e-durante-le-feste-natalizie-2025-26-san-martino-di-castrozza-rio-pusteria-e-ski-civetta-le-localita-piu-convenienti/ | https://www.schneehoehen.de/artikel/erfolgreicher-saisonstart-dolomiti-superski | https://www.dolomitireview.com/dolomiti-superski-2025-26-un-avvio-di-stagione-favorito-dal-meteo-e-dagli-investimenti/ | https://www.skiinfo.it/veneto/comprensorio-ski-civetta/skipass | https://www.alleghefunivie.com/en/,medium
Courmayeur,,IT,"Aosta, Valle d'Aosta",Courmayeur Mont Blanc,Glacier + non-glacier,2026-11-28,estimated_from_2025_26,3466,42,69.0,69.0,EUR,estimated_from_2025_26,220,2.69,,4.5,4.5,"Vallee Blanche and Toula glacier from Skyway, Arp couloirs and Val Veny off-piste with a big guide scene; touring hub for the Mont Blanc massif (Val Ferret/Val Veny classics, Haute Route variants).",https://www.courmayeurmontblanc.it/webcam-e-meteo/,"2025/26 official daily rates: EUR 69 high season (20 Dec-6 Jan, 24 Jan-8 Mar), EUR 63 regular; with Skyway Monte Bianco EUR 82/76 (page marked 'tariffe in aggiornamento'); 3466 m = Punta Helbronner via Skyway (separate ticket, off-piste glacier descents only), ski-area pistes top out at 2755 m (Cresta Youla); official claim 'oltre 100 km' includes off-piste; coordinates = Dolonne gondola base with main car park; lift-company domain courmayeur-montblanc.it fails SSL, .com works; webcam page is the tourism consortium's (lift company has none).",https://www.courmayeur-montblanc.com/skipass-e-tariffe/tariffe-giornaliere/ | https://aostasera.it/notizie/turismo/dove-sciare-in-valle-daosta-skipass-impianti-e-piste-2025-2026/ | https://www.skiresort.com/en/ski-resort/monte-bianco-courmayeur/ | https://www.skiresort.com/en/ski-resort/courmayeur-checrouit-val-veny/ | https://www.courmayeurmontblanc.it/webcam-e-meteo/,medium
Gressoney-La-Trinité,,IT,"Aosta, Valle d'Aosta",Monterosa Ski,Glacier + non-glacier,2026-11-28,confirmed_2026_27,3275,132,71.0,71.0,EUR,published_2026_27,176,2.44,,4.0,4.0,Shares the Indren/Salati freeride terrain with Alagna plus Punta Jolanda and Gabiet off-piste; touring to Monte Rosa 4000ers via Indren and the Gabiet valley.,https://monterosaski.eu/en/webcam,"Lifts start at Stafal (road end, 1825 m); Indren (3275 m, off-piste only) reached via Gabiet-Passo dei Salati; coordinates = Stafal hamlet/lift base. Dynamic pricing 2026/27: adult 1-day EUR 40-71 depending on date and advance purchase (peak dates at top of range), online EUR 5 cheaper than ticket office; Monterosa Ski 3-valley pass is the only pass sold for the linked area (Antagnod separate).",https://monterosaski.eu/en/schedules-monterosa-ski-area-19384 | https://monterosaski.eu/en/tariffazione-dinamica-monterosa-ski-19318 | https://monterosaski.eu/en/ | https://aostasera.it/notizie/turismo/dove-sciare-in-valle-daosta-skipass-impianti-e-piste-2025-2026/ | https://www.skiresort.com/en/ski-resort/alagna-valsesia-gressoney-la-trinite-champoluc-frachey-monterosa-ski/ | https://monterosaski.eu/en/webcam,medium
Kronplatz,Plan de Corones,IT,"Bolzano, Trentino-Alto Adige",Dolomiti Superski,Non-glacier,2026-11-28,estimated_from_2025_26,2275,125,80.0,80.0,EUR,estimated_from_2025_26,349,4.14,,2.5,3.5,"Rounded piste mountain with little off-piste; ski touring mostly in nearby Antholz/Gsies valleys and Pragser Dolomites, which have many documented routes.",https://www.kronplatz.com/en/planning-booking/webcams,"Bases Riscone/Brunico (used here), Valdaora and San Vigilio; 2025/26 valley 1-day EUR 72 low / 80 high; skiresort lists 2026/27 season 28 Nov 2026-11 Apr 2027 (not verified on official site, which still shows summer); reached via A22 Bressanone-SS49 (no pass).",https://www.kronplatz.com/en | https://www.suedtirol.com/skiurlaub-suedtirol/skifahren/oeffnungszeiten-skigebiete | https://www.schneehoehen.de/artikel/erfolgreicher-saisonstart-dolomiti-superski | https://www.dolomitireview.com/dolomiti-superski-ecco-quanto-costano-gli-skipass-di-valle-a-inizio-stagione-e-durante-le-feste-natalizie-2025-26-san-martino-di-castrozza-rio-pusteria-e-ski-civetta-le-localita-piu-convenienti/ | https://www.skiresort.com/en/ski-resort/kronplatz-plan-de-corones/,medium
La Thuile,,IT,"Aosta, Valle d'Aosta",Espace San Bernardo,Non-glacier,2026-11-28,estimated_from_2025_26,2800,152,58.0,58.0,EUR,estimated_from_2025_26,227,2.95,,3.5,3.5,"Steep north-facing off-piste under Belvedere and Fourclaz, less known; touring around Piccolo San Bernardo and Rutor (Rifugio Deffeyes) classics.",https://www.lathuile.it/en/webcam,"Only the Espace San Bernardo pass is sold (valid also La Rosiere, FR): 2025/26 adult 1-day EUR 58 flat, promo EUR 39 in opening weeks; 2800 m = Mont Valaisan on La Rosiere side, La Thuile side tops at Belvedere 2641 m; Little St Bernard pass road closed in winter (link by lifts only); coordinates = Les Suches DMC base station; skiresort lists 2026/27 start 28 Nov 2026 (unconfirmed).",https://www.dovesciare.it/news/2025-11-24/la-thuile-apertura-confermata-il-29-novembre-2025 | https://www.dovesciare.it/prezzi/skipass-la-thuile | https://www.lathuile.it/it/info-skipass | https://aostasera.it/notizie/turismo/dove-sciare-in-valle-daosta-skipass-impianti-e-piste-2025-2026/ | https://www.skiresort.com/en/ski-resort/espace-san-bernardo-la-rosiere-la-thuile/ | https://www.lathuile.it/en/webcam,medium
Livigno,,IT,"Sondrio, Lombardy",Livigno,Non-glacier,2026-11-28,confirmed_2026_27,2798,115,72.0,72.0,EUR,estimated_from_2025_26,235,4.08,,3.5,3.5,Wide open freeride bowls off Mottolino and Carosello 3000 with marked freeride zones; local touring in Val Federia/Val Nera with moderate variety.,https://www.livigno.eu/en/webcam,"2025/26 adult 1-day full price EUR 72 (dovesciare; skiresort 72); 2026/27 winter rates not yet on skipasslivigno.com; access from Milan via Bormio and Passo Foscagno (2291 m, open all winter, winter tyres/chains compulsory 15 Oct-30 Apr), Forcola di Livigno closed in winter, alternative via Switzerland through Munt la Schera toll tunnel; duty-free zone; Milano Cortina 2026 snowboard/freestyle venue; coordinates = village centre (Carosello 3000 gondola). Milan route forced via Bormio to avoid closed Forcola di Livigno.",https://www.livigno.eu/en/news/the-2025-2026-season-is-about-to-begin-heres-everything-you-need-to-know | https://www.livigno.eu/en/events/skiarea-opening | https://www.dovesciare.it/prezzi/skipass-livigno | https://www.calendariovaltellinese.com/blog/aperture-impianti-sciistici-in-provincia-di-sondrio-per-la-stagione-2025-2026 | https://www.skiresort.com/en/ski-resort/livigno/ | https://www.livigno.eu/en/webcam,medium
Madonna di Campiglio,,IT,"Trento, Trentino-Alto Adige",Skiarea Campiglio Dolomiti di Brenta,Non-glacier,2026-11-28,confirmed_2026_27,2504,155,85.0,85.0,EUR,estimated_from_2025_26,216,3.21,,3.0,3.5,"Off-piste limited to Groste/Spinale bowls and guided Brenta couloirs, no FWT history; Brenta Dolomites give classic but not very varied day tours (Bocca di Brenta, Val d'Agola, Cima Roma).",https://www.campigliodolomiti.it/en/live-info/webcam,"Pre-opening 22-23 Nov 2025 at Groste announced by APT but not confirmed post hoc (official opening 28 Nov 2025; Pinzolo and Folgarida-Marilleva sectors 4 Dec); 2025/26 Skiarea 1-day adult EUR 74 low / 85 high (max window price), online prices dynamic (ski.it); 'Numero Ideale' skier cap on peak days; 2026/27 season validity from 28 Nov 2026 per ski.it sales conditions (skiresort lists 21 Nov 2026); no pass on route from Milan (A4/A22 or Val Rendena via Tione).",https://www.campigliodolomiti.it/en/ski-area | https://www.campigliodolomiti.it/en/skiarea/inverno/skipass/skipass-skiarea | https://www.ski.it/en/ | https://www.ski.it/en/skipass/skiarea-campiglio-dolomiti-di-brenta-sales-conditions-winter-2026-2027 | https://www.dovesciare.it/news/2025-11-03/skiarea-madonna-di-campiglio-piu-qualita-pista-con-numero-ideale-e-nuovi-impianti | https://www.obosnowboard.com/apertura-stagione-madonna-di-campiglio-2025-26/ | https://www.skiresort.com/en/ski-resort/madonna-di-campiglio-pinzolo-folgarida-marilleva/,medium
San Martino di Castrozza–Passo Rolle,,IT,"Trento, Trentino-Alto Adige",Dolomiti Superski,Non-glacier,2026-11-28,estimated_from_2025_26,2357,60,70.0,70.0,EUR,estimated_from_2025_26,323,4.06,,3.0,4.0,"Tognola/Colverde off-piste, Rosetta cable-car descents and Passo Rolle freeride; Pale di San Martino and Lagorai are among Trentino's best-documented touring grounds (Passo Rolle classics, Val Venegia) with an active guide office.",https://www.sanmartino.com/en/lifts-and-slopes-live-info/webcams,"Official 2025/26 price list: 1-day adult EUR 63 (29 Nov-20 Dec, 11-31 Jan, from 15 Mar) / 70 (21 Dec-10 Jan, 1 Feb-14 Mar); pre-opening weekend ticket EUR 31.50; two sectors (San Martino, Passo Rolle) linked by skibus, lift link planned; skiresort lists 2026/27 season 28 Nov 2026-11 Apr 2027 (unverified); base = Tognola gondola car park; Passo Rolle open in winter (chains may be required).",https://www.sanmartino.com/en | https://www.sanmartino.com/sanmartino/documenti-files/prezzi-skipass-e-card-skibus/prezzi-skipass-san-martino-p-rolle-2025-26.pdf | https://www.neveitalia.it/ski/sanmartinodicastrozza/news/il-29-e-30-novembre-pre-apertura-a-san-martino-di-castrozza | https://www.schneehoehen.de/artikel/erfolgreicher-saisonstart-dolomiti-superski | https://www.dolomitireview.com/dolomiti-superski-ecco-quanto-costano-gli-skipass-di-valle-a-inizio-stagione-e-durante-le-feste-natalizie-2025-26-san-martino-di-castrozza-rio-pusteria-e-ski-civetta-le-localita-piu-convenienti/ | https://www.skiresort.com/en/ski-resort/san-martino-di-castrozza/,medium
Folgarida–Marilleva,,IT,"Trento, Trentino-Alto Adige",Skiarea Campiglio Dolomiti di Brenta,Non-glacier,2026-12-03,estimated_from_2025_26,2504,155,85.0,85.0,EUR,estimated_from_2025_26,227,3.46,,2.5,3.0,"Mostly groomed intermediate terrain with some tree skiing off Monte Vigo; Val di Sole touring (Val Meledrio, Peller, Presanella approaches) is modest in variety.",https://www.ski.it/en/info-live/webcam-and-livecam,"Val di Sole bases: Folgarida gondola (used here), Marilleva 1400 (46.30243, 10.81015) and Daolasa/Commezzadura gondola; same Skiarea pass as Campiglio (dynamic online pricing); sector opened 4 Dec 2025 while Campiglio opened 28 Nov; no pass on Milan route (A22 or SS42 Tonale).",https://www.campigliodolomiti.it/en/ski-area | https://www.campigliodolomiti.it/en/skiarea/inverno/skipass/skipass-skiarea | https://www.ski.it/en/ | https://www.visitvaldisole.it/en/campiglio-dolomiti-di-brenta-val-di-sole-val-rendena-ski-area | https://www.skiresort.com/en/ski-resort/madonna-di-campiglio-pinzolo-folgarida-marilleva/,medium
Pinzolo,,IT,"Trento, Trentino-Alto Adige",Skiarea Campiglio Dolomiti di Brenta,Non-glacier,2026-12-03,estimated_from_2025_26,2504,155,85.0,85.0,EUR,estimated_from_2025_26,203,3.01,,2.5,3.0,"Doss del Sabion is a piste-oriented sector with only tree-run off-piste; touring on the Adamello-Presanella side (Val Genova, Val Nambrone) is decent but less developed than Campiglio's Brenta side.",https://www.campigliodolomiti.it/en/live-info/webcam,"Pinzolo sector (Doss del Sabion 2100 m) linked to Campiglio by gondola; Pinzolo-only 1-day pass 2025/26 EUR 59 low / 65 high also sold; Skiarea pass EUR 85 high with dynamic online pricing; skiresort lists Skiarea season from 21 Nov 2026 (Campiglio sector); base = Pinzolo village, Pinzolo-Pra Rodont gondola at south end.",https://www.campigliodolomiti.it/en/ski-area | https://www.campigliodolomiti.it/en/skiarea/inverno/skipass/pinzolo-skipass | https://www.campigliodolomiti.it/en/skiarea/inverno/skipass/skipass-skiarea | https://www.ski.it/en/ | https://www.skiresort.com/en/ski-resort/madonna-di-campiglio-pinzolo-folgarida-marilleva/,medium
Alta Badia,,IT,"Bolzano, Trentino-Alto Adige",Dolomiti Superski,Non-glacier,2026-12-04,confirmed_2026_27,2778,130,80.0,80.0,EUR,estimated_from_2025_26,336,4.29,,3.5,4.0,"Val Mesdi (Sella) and Lagazuoi/Val Travenanzes descents are Dolomites off-piste classics with guides in Colfosco/Corvara; Sella, Puez and Fanes groups give many documented tours; no FWT venue.",https://www.dolomitisuperski.com/en/live-info/webcam/webcam-alta-badia,"altabadia.org returned HTTP 403 to automated access, so km/elevation are from skiresort (130 km, top 2778 m Lagazuoi); 2025/26 valley 1-day EUR 72 low / 80 high; 2026/27 opening date not resort-published, taken from the Sellaronda opening (4 Dec 2026); base = Corvara; passes Gardena/Campolongo/Valparola open in winter with possible closures; from Milan via A22 Bressanone-Val Badia.",https://www.skiresort.com/en/ski-resort/alta-badia/ | https://www.dolomitireview.com/dolomiti-superski-ecco-quanto-costano-gli-skipass-di-valle-a-inizio-stagione-e-durante-le-feste-natalizie-2025-26-san-martino-di-castrozza-rio-pusteria-e-ski-civetta-le-localita-piu-convenienti/ | https://www.suedtirol.com/skiurlaub-suedtirol/skifahren/oeffnungszeiten-skigebiete | https://www.schneehoehen.de/artikel/erfolgreicher-saisonstart-dolomiti-superski | https://www.valgardena.it/de/winterurlaub-dolomiten/skigebiet-groeden/ | https://outdoormagazine.it/2025/11/25/alta-badia-si-prepara-alla-riapertura-invernale/,medium
Arabba–Marmolada,,IT,"Belluno, Veneto",Dolomiti Superski,Glacier + non-glacier,2026-12-04,confirmed_2026_27,3269,63,75.0,75.0,EUR,estimated_from_2025_26,348,4.46,,4.0,4.0,"Porta Vescovo north faces, Padon and the 12 km Bellunese plus Marmolada glacier off-piste give the Dolomites' best lift-served freeride (rubric example); Marmolada, Sella and Padon offer many documented tours with local guides.",https://www.arabba.it/en/webcam-arabba-dolomites/43-0.html,"Marmolada glacier lift-served to Punta Rocca (official 3265 m, skiresort 3269 m) but only Dec-Apr, no autumn glacier skiing; 2025/26 valley 1-day EUR 68 low / 75 high; 2026/27 date not resort-published (arabba.it silent, skiresort lists 28 Nov 2026), taken from Sellaronda opening 4 Dec 2026; Passo Fedaia road to Malga Ciapela can close in winter; from Milan via A22 Ora-Fassa-Passo Pordoi or Belluno-Val Cordevole (no pass).",https://www.dovesciare.it/news/2025-11-06/arabba-si-scia-dal-4-dicembre-tutte-le-novita-linverno-20252026 | https://www.arabba.it/en | https://www.dolomitireview.com/dolomiti-superski-ecco-quanto-costano-gli-skipass-di-valle-a-inizio-stagione-e-durante-le-feste-natalizie-2025-26-san-martino-di-castrozza-rio-pusteria-e-ski-civetta-le-localita-piu-convenienti/ | https://www.schneehoehen.de/artikel/erfolgreicher-saisonstart-dolomiti-superski | https://www.valgardena.it/de/winterurlaub-dolomiten/skigebiet-groeden/ | https://www.skiresort.com/en/ski-resort/arabba-marmolada/,medium
Bormio,,IT,"Sondrio, Lombardy",Bormio (Cima Bianca),Non-glacier,2026-12-04,confirmed_2026_27,3012,50,65.0,65.0,EUR,published_2026_27,197,3.26,,3.0,3.5,Steep Stelvio World Cup piste terrain but limited off-piste; touring access to the Ortles-Cevedale group via Valfurva and Stelvio National Park.,https://www.bormio.eu/it/live-info/webcams,"2026/27 official list: high EUR 65 (26 Dec-8 Jan, 30 Jan-27 Mar), low EUR 59, promo EUR 40 until 18 Dec; multi-day passes dynamic with online discounts up to 25%; 2025/26 high was EUR 63; Stelvio and Gavia passes closed in winter (access from Milan via SS38 Valtellina); Milano Cortina 2026 alpine venue; coordinates = Bormio gondola base (Via Funivia); lift-company webcam page https://www.bormioski.eu/en/webcam/ also HTTP 200.",https://www.bormioskipass.eu/en/ski-pass/bormio/prices/ | https://www.bormioskipass.eu/en/ | https://www.bormioski.eu/en/ | https://www.calendariovaltellinese.com/blog/aperture-impianti-sciistici-in-provincia-di-sondrio-per-la-stagione-2025-2026 | https://www.dovesciare.it/prezzi/skipass-bormio | https://www.skiresort.com/en/ski-resort/bormio-cima-bianca/ | https://www.bormio.eu/it/live-info/webcams,high
Pila,,IT,"Aosta, Valle d'Aosta",Pila,Non-glacier,2026-12-04,estimated_from_2025_26,2723,70,58.0,58.0,EUR,estimated_from_2025_26,204,2.70,,3.0,3.0,"Couis 1 and Platta de Grevon off-piste bowls, limited extent; moderate touring on the Pila-Cogne ridge.",https://pila.it/en/real-time/webcams/,"2025/26 adult 1-day EUR 58 flat (dovesciare/skiresort); 2723 m = top station of the new Aosta-Pila-Couis gondola (Stella di Pila), skiresort says 2740; car can alternatively stop at the Aosta town gondola base (about 30 min to 2700 m); coordinates = Pila village car parks; season 5 Dec 2025-3 May 2026; skiresort lists 2026/27 start 5 Dec 2026 (unconfirmed).",https://pila.it/en/winter-season/ | https://www.scimagazine.it/pila-apre-la-stagione-invernale-2025-2026/ | https://www.dovesciare.it/prezzi/skipass-pila | https://aostasera.it/notizie/turismo/dove-sciare-in-valle-daosta-skipass-impianti-e-piste-2025-2026/ | https://www.skiresort.com/en/ski-resort/pila/ | https://pila.it/en/real-time/webcams/,medium
Ponte di Legno–Passo Tonale,,IT,"Brescia, Lombardy / Trento, Trentino",Pontedilegno-Tonale (Adamello Ski),Glacier,2026-12-04,confirmed_2026_27,3000,100,70.0,70.0,EUR,published_2026_27,180,2.92,,3.5,4.0,"Presena glacier and Paradiso off-piste plus Tonale freeride zones; classic Adamello-Presanella ski tours (Pian di Neve, Rifugio Mandrone) start from the pass.",https://www.pontedilegnotonale.com/it/info-vacanza/webcam-pontedilegno-tonale/,"2026/27 official 1-day adult: EUR 70 (26 Dec-10 Jan and 6-28 Feb), EUR 66 (5-8 Dec, 19-25 Dec), EUR 62 (9-18 Dec), EUR 52-54 season start/end; Smart Skipass online dynamic discounts up to 25%; season 4 Dec 2026-2 May 2027 but Presena glacier usually opens earlier (22 Nov 2025; skiresort lists 21 Nov 2026); Passo Tonale road SS42 open all winter from Ponte di Legno; official site quotes 3016 m top, skiresort/press 3000 m; typed Glacier per brief example although most of the 100 km is non-glacier; coordinates = Passo del Tonale.",https://www.pontedilegnotonale.com/en/ski-pass-and-ski-lifts/pontedilegno-tonale-ski-passes/ | https://www.dovesciare.it/news/2025-11-19/pontedilegno-tonale-il-22-novembre-2025-apre-il-ghiacciaio-presena | https://www.ildolomiti.it/montagna/2025/sci-apre-il-ghiacciaio-presena-dopo-la-perturbazione-30-centimetri-di-neve-in-azione-i-cannoni-skipass-giornaliero-a-43-euro | https://www.pontedilegnotonale.com/en/ | https://www.skiresort.com/en/ski-resort/ponte-di-legno-tonale-presena-glacier-temu-pontedilegno-tonale/ | https://www.pontedilegnotonale.com/it/info-vacanza/webcam-pontedilegno-tonale/,medium
Santa Caterina Valfurva,,IT,"Sondrio, Lombardy",Santa Caterina Valfurva,Non-glacier,2026-12-04,confirmed_2026_27,2880,35,65.0,65.0,EUR,published_2026_27,209,3.50,,3.0,4.0,"Limited off-piste on the Vallecetta/Sobretta slopes; major ski-touring gateway to Forni-Cevedale-San Matteo (Rifugi Pizzini, Branca) and Gavia tours.",https://www.santacaterinaimpianti.it/en/webcam/,"2026/27 tiers identical to Bormio (high EUR 65, low 59, promo 40); 2025/26 high was EUR 63; Gavia pass closed in winter, access via Bormio; Alta Valtellina pass also covers Bormio; km: official 35 vs skiresort 20.5; coordinates = village (gondola base).",https://www.santacaterinaimpianti.it/en/skipass-new/ | https://www.bormioskipass.eu/en/ski-pass/bormio/prices/ | https://www.calendariovaltellinese.com/blog/aperture-impianti-sciistici-in-provincia-di-sondrio-per-la-stagione-2025-2026 | https://www.dovesciare.it/prezzi/skipass-santa-caterina-valfurva | https://www.skiresort.com/en/ski-resort/santa-caterina-valfurva/ | https://www.santacaterinaimpianti.it/en/webcam/,medium
Val Gardena,Gröden,IT,"Bolzano, Trentino-Alto Adige",Dolomiti Superski,Non-glacier,2026-12-04,confirmed_2026_27,2518,175,80.0,80.0,EUR,estimated_from_2025_26,316,3.84,,3.5,4.0,"Seceda, Dantercepies and Ciampinoi off-piste plus Val Mesdi/Val Lasties via Pordoi; Puez-Odle and Sella groups offer many documented Dolomites day tours with strong guide offices in Selva/Ortisei; no FWT history.",https://www.valgardena.it/en/webcams/,"2025/26 valley 1-day adult EUR 72 low / 80 high (official); DSS 2026/27 whole-area price published (EUR 80/89), valley prices pending; 2026/27 lifts and Sellaronda open 4 Dec 2026-4 Apr 2027; base = Selva (Ciampinoi/Dantercepies), alternative Ortisei; from Milan via A22 Chiusa (no pass), Passo Sella/Gardena may close in heavy snow.",https://www.valgardena.it/de/winterurlaub-dolomiten/skigebiet-groeden/ | https://www.val-gardena.com/en/winter/ski-resort-val-gardena/ski-pass/ | https://www.suedtirol.com/skiurlaub-suedtirol/skifahren/oeffnungszeiten-skigebiete | https://www.schneehoehen.de/artikel/erfolgreicher-saisonstart-dolomiti-superski | https://www.skimania.it/dolomiti-superski-quanto-costera-sciare-nel-2026-27-i-nuovi-prezzi-dello-skipass-giornaliero/ | https://www.skiresort.com/en/ski-resort/val-gardena-groeden/,medium
Val di Fassa,,IT,"Trento, Trentino-Alto Adige",Dolomiti Superski,Non-glacier,2026-12-04,confirmed_2026_27,2485,104,76.0,76.0,EUR,estimated_from_2025_26,320,4.12,,3.5,4.0,"Sella/Pordoi classics (Val Lasties, Forcella Pordoi, Val Mesdi via Pordoi cable car) and Ciampac/Belvedere off-piste with local guides; dense Gulliver route coverage on Sella, Catinaccio, Marmolada and Monzoni.",https://www.fassa.com/it/meteo-e-webcam/webcam,"Valley pass covers Belvedere/Col Rodella, Buffaure/Ciampac, Catinaccio and Carezza only (Alpe Lusia and San Pellegrino are a separate DSS zone); 2025/26 valley 1-day EUR 68 low / 76 high (high 21 Dec-10 Jan, 1 Feb-21 Mar); DSS 2026/27 whole-area price published (EUR 80/89) but valley prices not yet; new 3S Col Rodella opened Christmas 2025; Carezza sector opened 6 Dec 2025; skiresort quotes ~109 km; from Milan via A22 Ora-Val di Fiemme (no pass), Passo Fedaia/Pordoi/Sella subject to winter closures.",https://www.fassa.com/it/piste-e-impianti/skiarea | https://www.fassa.com/it/cosa-fare/sci-alpino/skipass/prezzi-skipass-dolomiti-superski | https://www.dolomitireview.com/dolomiti-superski-ecco-quanto-costano-gli-skipass-di-valle-a-inizio-stagione-e-durante-le-feste-natalizie-2025-26-san-martino-di-castrozza-rio-pusteria-e-ski-civetta-le-localita-piu-convenienti/ | https://www.dolomitireview.com/dolomiti-superski-2025-26-un-avvio-di-stagione-favorito-dal-meteo-e-dagli-investimenti/ | https://www.skimania.it/dolomiti-superski-quanto-costera-sciare-nel-2026-27-i-nuovi-prezzi-dello-skipass-giornaliero/ | https://www.skiresort.com/en/ski-resort/belvedere-col-rodella-ciampac-buffaure-canazei-campitello-alba-pozza-di-fassa/,medium
Alpe di Siusi,Seiser Alm,IT,"Bolzano, Trentino-Alto Adige",Dolomiti Superski,Non-glacier,2026-12-05,confirmed_2026_27,2220,175,80.0,80.0,EUR,estimated_from_2025_26,296,3.44,Siusi (Seis) – Alpe di Siusi cable-car valley station,2.0,3.0,Gentle high plateau with wide groomed pistes and negligible off-piste; some documented tours towards Sciliar/Denti di Terrarossa and Sassopiatto but limited variety.,https://www.seiseralm.it/en/info-service/current-information/webcams.html,"Road Siusi-Compatsch closed to private cars 09:00-17:00 while the cableway runs (permit holders/hotel guests excepted), so visitors park at the Siusi valley station (garage EUR 12/day, free outdoor lot); cableway 5 Dec 2026-4 Apr 2027; standard pass is the Val Gardena-Alpe di Siusi valley pass (2025/26 EUR 72 low / 80 high), lift link to Val Gardena via Monte Pana/Saltria.",https://www.seiseralm.it/en/info-service/mobility/seiser-alm-aerial-cableway-winter.html | https://www.val-gardena.com/en/winter/ski-resort-val-gardena/ski-pass/ | https://www.suedtirol.com/skiurlaub-suedtirol/skifahren/oeffnungszeiten-skigebiete | https://tg24.sky.it/lifestyle/2025/11/29/apertura-impianti-sciistici-2025-2026 | https://www.skiresort.com/en/ski-resort/alpe-di-siusi-seiser-alm/,medium
Bardonecchia,,IT,"Turin, Piedmont",Bardonecchia,Non-glacier,2026-12-05,confirmed_2026_27,2800,100,44.0,52.0,EUR,published_2026_27,229,2.78,,3.5,3.5,Jafferau and Colomion off-piste make it a popular Piedmont freeride spot though small; classic touring in Valle Stretta/Vallee Etroite and Rochemolles.,https://www.bardonecchiaski.com/en/live-info/webcam-in-bardonecchia,"2026/27 official prices: weekday EUR 44, weekend/holiday EUR 51, peak 24 Dec-6 Jan EUR 52, promo EUR 40 (5-18 Dec, 30 Mar-11 Apr); 2025/26 was 43/49 and promo 39; season 5 Dec 2026-11 Apr 2027 (skiinfo/skiresort); Jafferau top 2800 m; coordinates = Campo Smith base.",https://www.bardonecchiaski.com/it/skipass/tariffe-stagione-2026-2027 | https://moveo.telepass.com/bardonecchia-i-prezzi-dello-skipass-per-la-nuova-stagione/ | https://www.dovesciare.it/news/2025-10-27/vialattea-e-bardonecchia-e-novita-della-stagione-invernale-20252026 | https://www.skiinfo.it/piemonte/bardonecchia/skipass | https://www.skiresort.com/en/ski-resort/bardonecchia/ | https://www.bardonecchiaski.com/en/live-info/webcam-in-bardonecchia,high
Belpiano–Malga San Valentino,Schöneben–Haideralm,IT,"Bolzano, Trentino-Alto Adige",Schöneben–Haideralm (Resia / Reschenpass),Non-glacier,2026-12-05,confirmed_2026_27,2390,65,68.0,70.0,EUR,published_2026_27,261,4.47,,2.5,3.5,"Sunny intermediate pistes with some bowl/tree off-piste at Haideralm; Reschenpass, Langtaufers and Sesvenna valleys are well-known touring grounds with many documented routes.",https://www.bergfex.com/schoeneben-haideralm-reschenpass/webcams/,"2026/27 published: season 5 Dec 2026-3 Apr 2027, 1-day adult EUR 70 window / 68 online valid 19 Dec 2026-3 Apr 2027 (pre-season 5-18 Dec priced separately); official webcam page is an empty JS shell so bergfex multi-cam used; two sectors Belpiano/Schoeneben (Resia, base used here) and Malga San Valentino/Haideralm linked by lift; Passo Resia open year-round; from Milan via Val Venosta (Merano) or Switzerland/Austria.",https://www.schoeneben.it/de/service-infos/oeffnungszeiten/ | https://www.schoeneben.it/de/tickets-preise/winter/ | https://www.suedtirol.info/en/en/experiences-and-events/plp-experiences/experiences-south-tyrol/pdp-experience.SKI1D3A1908193F46E0B2D2C3A4F420FDAE.schoeneben---haideralm-ski-area | https://www.suedtirol.com/skiurlaub-suedtirol/skifahren/oeffnungszeiten-skigebiete | https://www.skiinfo.de/suedtirol/belpiano-schoeneben/skipaesse | https://www.skiresort.com/en/ski-resort/belpiano-schoeneben-malga-san-valentino-haideralm/,medium
Cesana–Sansicario,,IT,"Turin, Piedmont",Via Lattea (Vialattea),Non-glacier,2026-12-05,estimated_from_2025_26,2789,400,58.5,60.0,EUR,published_2026_27,227,2.77,,2.5,2.5,Sansicario is intermediate-piste terrain with little documented off-piste; ski touring around Cesana is limited.,https://www.bergfex.com/cesana-sansicario/webcams/,"Sansicario sector opened 6 Dec 2025 (Sellette chair + baby lifts); coordinates = Cesana Torinese valley base (Cesana-Sansicario gondola, lowest Vialattea base 1372 m); Sansicario Alto (1700 m) also reachable by road. Peak prices = 2026/27 official online listino (Skimania, verified 10 Sep 2026): EUR 60 24 Dec-6 Jan, EUR 58.50 23 Jan-14 Mar, EUR 52 low; ticket office about +2 EUR (2025/26 pattern), skiinfo quotes EUR 62 window; Italy-only Vialattea pass about 5 EUR cheaper (2025/26: 53 vs 58.50 international); vialattea.it returns HTTP 403 to automated fetch so official pages not directly verified; 2026/27 start: skiinfo 5 Dec 2026 vs skiresort.com 28 Nov 2026 (unconfirmed).",https://www.dovesciare.it/news/2025-12-04/vialattea-il-6-dicembre-si-scia-dettaglio-impianti-aperti | https://www.skimania.it/sestriere-skipass-2026-27-da-52-euro-quanto-costano-weekend-settimana-bianca-e-stagionale/ | https://www.skiinfo.it/piemonte/claviere/skipass | https://www.dovesciare.it/prezzi/skipass-via-lattea | https://www.skiresort.com/en/ski-resort/via-lattea-sestriere-sauze-doulx-san-sicario-claviere-montgenevre/ | https://it.wikipedia.org/wiki/Via_Lattea_(comprensorio_sciistico) | https://www.bergfex.com/cesana-sansicario/webcams/,medium
Claviere,,IT,"Turin, Piedmont",Via Lattea (Vialattea),Non-glacier,2026-12-05,estimated_from_2025_26,2789,400,58.5,60.0,EUR,published_2026_27,233,2.93,,3.0,3.0,Some off-piste toward Monts de la Lune/Montgenevre; moderate touring around Colle del Monginevro and Val Gimont.,https://www.claviere.it/it/webcam/,"Colle Bercia sector opened 6 Dec 2025 (La Coche, Serra Granet chairs); border village linked to Montgenevre (FR), international pass needed for French side; Monginevro pass road open in winter. Peak prices = 2026/27 official online listino (Skimania, verified 10 Sep 2026): EUR 60 24 Dec-6 Jan, EUR 58.50 23 Jan-14 Mar, EUR 52 low; ticket office about +2 EUR (2025/26 pattern), skiinfo quotes EUR 62 window; Italy-only Vialattea pass about 5 EUR cheaper (2025/26: 53 vs 58.50 international); vialattea.it returns HTTP 403 to automated fetch so official pages not directly verified; 2026/27 start: skiinfo 5 Dec 2026 vs skiresort.com 28 Nov 2026 (unconfirmed).",https://www.dovesciare.it/news/2025-12-04/vialattea-il-6-dicembre-si-scia-dettaglio-impianti-aperti | https://www.skimania.it/sestriere-skipass-2026-27-da-52-euro-quanto-costano-weekend-settimana-bianca-e-stagionale/ | https://www.skiinfo.it/piemonte/claviere/skipass | https://www.dovesciare.it/prezzi/skipass-via-lattea | https://www.skiresort.com/en/ski-resort/via-lattea-sestriere-sauze-doulx-san-sicario-claviere-montgenevre/ | https://it.wikipedia.org/wiki/Via_Lattea_(comprensorio_sciistico) | https://www.claviere.it/it/webcam/,medium
Macugnaga,,IT,"Verbano-Cusio-Ossola, Piedmont",Macugnaga (Monte Moro),Non-glacier,2026-12-05,estimated_from_2025_26,2900,32,34.0,34.0,EUR,estimated_from_2025_26,147,2.01,,3.5,3.5,"Wild, uncrowded off-piste under the Monte Rosa east face from Passo Moro (1000 m+ vertical) known to Piedmont freeriders; touring in Valle Anzasca/Passo Moro with sparse infrastructure.",https://www.bergfex.com/macugnaga/webcams/,"Monte Moro cable car: accident 30 Dec 2025 (cabin hit upper station, 6 injured); Bill-Monte Moro section judicially sequestered, released 17 Jul 2026, municipality ordered works to restore full operation for winter 2026/27 (not yet confirmed); Staffa-Alpe Bill funivia and Belvedere chairs reopened 19 Jul 2026 (Pecetto-Belvedere chair to be replaced by gondola); no lift-served glacier skiing (skiresort glacier tag refers to Monte Rosa views); 2900 m top only valid if Monte Moro section runs; price EUR 34 from dovesciare/skiresort (official macugnagamonterosaski.com blocked) - verify lift status before season; coordinates = Staffa (funivia base).",https://www.vconews.it/2026/07/17/leggi-notizia/argomenti/cronaca-28/articolo/macugnaga-dissequestrati-il-sentiero-per-lalpe-pedriola-e-la-funivia-bill-monte-moro-via-libera-a-1.html | https://www.dovesciare.it/news/localita/macugnaga/146 | https://www.dovesciare.it/localita/macugnaga | https://www.dovesciare.it/news/2025-12-30/macugnaga-incidente-alla-funivia-del-monte-moro | https://www.skiinfo.it/piemonte/macugnaga/stazione-sciistica | https://www.comune.macugnaga.vb.it/en-us/vivere-il-comune/sport/funivie-passo-moro-20879-1-00907555b3f5d3d8130c987be663441f | https://www.skiresort.com/en/ski-resort/macugnaga/ | https://www.bergfex.com/macugnaga/webcams/,low
Pejo,,IT,"Trento, Trentino-Alto Adige",Pejo 3000 (Val di Sole),Non-glacier,2026-12-05,estimated_from_2025_26,3000,20,54.0,60.0,EUR,published_2026_27,208,3.49,,3.0,3.5,"Pejo 3000 cable car opens steep off-piste on the Cima Vioz flank and Val de la Mare; gateway to Ortles-Cevedale classics (Vioz, Cevedale, Palon de la Mare, Rif. Larcher) though the lift network is tiny.",https://www.skipejo.it/en/webcam/,"2026/27 price list published: 1-day adult EUR 60 Christmas-New Year (20 Dec 2026-6 Jan 2027), 54 high season (7 Jan-14 Mar 2027), 49 low; 2025/26 was 58/52/48; 7 lifts in Stelvio National Park; Combi and Skiarea Campiglio passes also sold; skiresort lists 2026/27 season 3 Dec 2026-11 Apr 2027 (unverified); base = Pejo Fonti gondola; from Milan via SS42 Passo del Tonale (open in winter) or A22-Val di Sole.",https://www.skipejo.it/wp-content/uploads/2026/06/PF-Price-List-Winter-2026-2027.pdf | https://www.visitvaldipejo.it/asset_pejo/PDF/PF%20-%20Listino%20prezzi%20Inverno%202025-2026.pdf | https://moveo.telepass.com/pejo-i-prezzi-dello-skipass-per-la-nuova-stagione/ | https://www.skiresort.com/en/ski-resort/pejo-3000/,medium
Plose,,IT,"Bolzano, Trentino-Alto Adige",Dolomiti Superski,Non-glacier,2026-12-05,confirmed_2026_27,2505,42,70.0,70.0,EUR,estimated_from_2025_26,319,3.78,,2.5,3.0,Long groomed valley runs (Trametsch) with limited off-piste; modest touring around Plose/Peitlerkofel; no freeride reputation.,https://www.plose.org/en/webcams.html,"INCLUSION UNDER REVIEW: local Plose area only ~42 km (7 lifts), below the 60 km basis; the DSS valley pass Rio Pusteria-Bressanone also covers Gitschberg Jochtal ~30 km away (not lift-linked); 2025/26 valley 1-day EUR 63 low / 70 high, 2026/27 list 'to be published shortly'; season 5 Dec 2026-4 Apr 2027; base = Sant'Andrea/St. Andrae cable-car valley station above Bressanone. Included as a Dolomiti Superski valley area named in the brief although the Plose-only pass covers ~42 km (below the 60 km threshold).",https://www.plose.org/en/winter-plose/opening-hours-prices.html | https://www.plose.org/en/winter-plose/skiing-on-mount-plose-in-brixen.html | https://www.suedtirol.com/skiurlaub-suedtirol/skifahren/oeffnungszeiten-skigebiete | https://www.dolomitireview.com/dolomiti-superski-ecco-quanto-costano-gli-skipass-di-valle-a-inizio-stagione-e-durante-le-feste-natalizie-2025-26-san-martino-di-castrozza-rio-pusteria-e-ski-civetta-le-localita-piu-convenienti/ | https://www.skiresort.com/en/ski-resort/plose-brixen-bressanone/,medium
Sauze d'Oulx,,IT,"Turin, Piedmont",Via Lattea (Vialattea),Non-glacier,2026-12-05,estimated_from_2025_26,2789,400,58.5,60.0,EUR,published_2026_27,222,2.75,,3.0,2.5,Known for tree-lined off-piste around Sportinia/Lago Nero but no freeride events; touring limited (Gran Bosco di Salbertrand area).,https://www.skiinfo.it/piemonte/sauze-doulx/webcam,"Sportinia sector opened 6 Dec 2025 (Sportinia, Rocce Nere chairs); lifts from village (Clotes) and Jouvenceaux; 2789 m is the area max (Monte Motta, Sestriere side). Peak prices = 2026/27 official online listino (Skimania, verified 10 Sep 2026): EUR 60 24 Dec-6 Jan, EUR 58.50 23 Jan-14 Mar, EUR 52 low; ticket office about +2 EUR (2025/26 pattern), skiinfo quotes EUR 62 window; Italy-only Vialattea pass about 5 EUR cheaper (2025/26: 53 vs 58.50 international); vialattea.it returns HTTP 403 to automated fetch so official pages not directly verified; 2026/27 start: skiinfo 5 Dec 2026 vs skiresort.com 28 Nov 2026 (unconfirmed).",https://www.dovesciare.it/news/2025-12-04/vialattea-il-6-dicembre-si-scia-dettaglio-impianti-aperti | https://www.skimania.it/sestriere-skipass-2026-27-da-52-euro-quanto-costano-weekend-settimana-bianca-e-stagionale/ | https://www.skiinfo.it/piemonte/claviere/skipass | https://www.dovesciare.it/prezzi/skipass-via-lattea | https://www.skiresort.com/en/ski-resort/via-lattea-sestriere-sauze-doulx-san-sicario-claviere-montgenevre/ | https://it.wikipedia.org/wiki/Via_Lattea_(comprensorio_sciistico) | https://www.skiinfo.it/piemonte/sauze-doulx/webcam,medium
Sestriere,,IT,"Turin, Piedmont",Via Lattea (Vialattea),Non-glacier,2026-12-05,estimated_from_2025_26,2789,400,58.5,60.0,EUR,published_2026_27,238,2.97,,3.0,3.0,Olympic piste-focused resort; modest off-piste under Monte Motta/Banchetta; touring possible in nearby Val Troncea but limited variety and guide scene.,https://www.bergfex.com/sestriere/webcams/,"Alpette sector opened 6 Dec 2025 (Cit Roc, Trebials, Capret, Garnel chairs). Peak prices = 2026/27 official online listino (Skimania, verified 10 Sep 2026): EUR 60 24 Dec-6 Jan, EUR 58.50 23 Jan-14 Mar, EUR 52 low; ticket office about +2 EUR (2025/26 pattern), skiinfo quotes EUR 62 window; Italy-only Vialattea pass about 5 EUR cheaper (2025/26: 53 vs 58.50 international); vialattea.it returns HTTP 403 to automated fetch so official pages not directly verified; 2026/27 start: skiinfo 5 Dec 2026 vs skiresort.com 28 Nov 2026 (unconfirmed).",https://www.dovesciare.it/news/2025-12-04/vialattea-il-6-dicembre-si-scia-dettaglio-impianti-aperti | https://www.skimania.it/sestriere-skipass-2026-27-da-52-euro-quanto-costano-weekend-settimana-bianca-e-stagionale/ | https://www.skiinfo.it/piemonte/claviere/skipass | https://www.dovesciare.it/prezzi/skipass-via-lattea | https://www.skiresort.com/en/ski-resort/via-lattea-sestriere-sauze-doulx-san-sicario-claviere-montgenevre/ | https://it.wikipedia.org/wiki/Via_Lattea_(comprensorio_sciistico) | https://www.bergfex.com/sestriere/webcams/,medium
Passo dello Stelvio,,IT,"Sondrio, Lombardy",Passo dello Stelvio,Glacier,TBD,TBD,3450,9,61.0,61.0,EUR,published_2026_27,218,3.72,,2.5,3.0,Summer training glacier with on-piste focus and little off-piste; spring ski touring on Ortler/Monte Cristallo/Geister from the pass once the road opens (late May).,https://passostelvio.eu/webcam/,"No winter operation: lifts run 30 May-1 Nov 2026 only (SS38 Stelvio pass road closed in winter, typically Nov-May), so opening date is TBD; price = adult 1-day summer/autumn 2026 pass EUR 61 (Pirovano/SIFAS), the only published tariff; base coordinates = pass summit car parks (2758 m), distance refers to summer access via Bormio; top Monte Cristallo 3450 m; relevant to a 2026/27 dataset only for October skiing.",https://passostelvio.eu/ | https://pirovano.it/en/skiarea/skipass-prices/ | https://www.dovesciare.it/news/2026-05-27/stelvio-inzia-la-stagione-dello-sci-estivo-pista-dal-30-maggio-al-1-novembre-2026 | https://www.skimania.it/lo-stelvio-riapre-il-30-maggio-prezzi-e-orari-dello-sci-estivo-2026-sul-ghiacciaio/ | https://www.skiresort.com/en/ski-resort/passo-dello-stelvio-stelvio-pass/ | https://passostelvio.eu/webcam/,medium
Pitztal Glacier,Pitztaler Gletscher,AT,Tyrol,Pitztal Glacier & Rifflsee (St. Leonhard/Mandarfen),Glacier,2026-09-26,confirmed_2026_27,3440,67,75.0,77.0,EUR,estimated_from_2025_26,326,5.60,,3.5,3.5,"30 km of marked ski routes and high glacier faces, no major event history; classic Wildspitze tours via Taschachhaus from Mittelberg but limited variety (rubric: most Austrian glaciers 3.5).",https://www.pitztaler-gletscher.at/en/webcam.html,"2025/26 day ticket conflicting: 75 (skiinfo Oct 2025, cash desk) vs 77 (skiresort.com); online up to 30% cheaper. 2026/27 prices only in web shop. Base = Gletscherexpress funicular valley station, Mittelberg (1740 m), end of Pitztal road (open in winter). Elevation 3440 = Wildspitzbahn top station.",https://www.pitztaler-gletscher.at/en/ | https://www.pitztaler-gletscher.at/en/status | https://www.skiresort.com/en/ski-resort/pitztal-glacier-pitztaler-gletscher/ | https://www.skiinfo.de/news/auftakt-in-den-winter-gletscherskigebiete-in-tirol/ | https://skinachrichten.de/saisonstart-alle-infos-zu-den-saisonzeiten-der-skigebiete/,medium
Kaunertal Glacier,Kaunertaler Gletscher,AT,Tyrol,Kaunertal Glacier (Feichten),Glacier,2026-10-02,estimated_from_2025_26,3108,55,75.0,75.0,EUR,estimated_from_2025_26,313,5.92,,3.5,3.5,"36 km of marked ski routes/freeride variants and the Black Ibex steep run, quiet glacier with limited size; classic tours (Glockturm, Weissseespitze) but limited variety.",https://www.kaunertaler-gletscher.at/en/webcam.html,"2026/27: planned 26 Sep 2026 opening postponed on official site (skiinfo.de shows 2 Oct 2026, unconfirmed). 2025/26: open by early Oct 2025 (skiinfo), exact first day not verified. Price 75 = 2025/26 cash-desk day ticket (up to 30% off online). Base = car park at Gletscherrestaurant/Weissseeferner (2750 m) at the top of the toll Kaunertal Glacier Road (open in winter); Feichten village is 25 km down-valley. Elevation 3108 official (skiresort 3113). 2026/27: planned 26 Sep 2026 glacier opening cancelled (rain/warm); new date pending as of 22 Sep 2026; 2025/26 opened 3 Oct 2025.",https://www.kaunertaler-gletscher.at/en/ | https://www.kaunertaler-gletscher.at/de/ | https://www.bergfex.com/kaunertal/preise/ | https://www.skiresort.com/en/ski-resort/kaunertal-glacier-kaunertaler-gletscher/ | https://www.skiinfo.de/news/auftakt-in-den-winter-gletscherskigebiete-in-tirol/ | https://www.skiinfo.de/tirol/saisoneroeffnung-skigebiete,low
Sölden,,AT,Tyrol,Sölden,Glacier + non-glacier,2026-10-02,confirmed_2026_27,3340,144,86.5,86.5,EUR,published_2026_27,471,5.68,,4.0,3.5,"Rubric anchors: 4.0 freeride (glacier and Gaislachkogl off-piste, big-mountain terrain), 3.5 touring (good local tours, Vent/Obergurgl nearby are the real hubs).",https://www.soelden.com/en/live-information/livecams,"Dynamic pricing: 86.50 is the 2026/27 peak-season cash-desk price (19.12.26-06.01.27, 30.01-26.02.27); main season 84.50, pre-season 81; online up to ~22% cheaper. Winter (non-glacier) area opens 12 Nov 2026 (13 Nov 2025 last year). Autumn glacier-only operation requires driving the toll Oetztal Glacier Road to the Rettenbach car park (2670 m). Timmelsjoch closed in winter. 2026/27 glacier date conflicting: 25 Sep (snowplaza), 2 Oct (bergfex/skiinfo), 4 Oct (schneehoehen). Milan route forced via Ötztal Bahnhof to avoid closed Timmelsjoch.",https://www.soelden.com/en/activities/winter/skiing-snowboarding/skipasses-prices/winter | https://www.soelden.com/en/activities/winter/skiing-snowboarding | https://bergbahnen.soelden.com/ | https://www.snowplaza.de/weblog/soelden-skistart-2025-gletschergebiet-ab-heute-offen-alle-infos-zu-liften-und-pisten/ | https://www.snowplaza.de/weblog/frueher-saisonstart-in-soelden-34-pistenkilometer-ab-anfang-oktober-offen/ | https://www.bergfex.com/soelden/ | https://www.skiresort.com/en/ski-resort/soelden/,high
Hintertux Glacier,Hintertuxer Gletscher,AT,Tyrol,Hintertux Glacier – Zillertal 3000,Glacier,2026-10-03,year_round_glacier,3250,64,82.0,82.0,EUR,published_2026_27,475,5.81,,3.5,3.5,"Large glacier off-piste (Gefrorene Wand, Kaserer, Larmstange runs) with reliable snow and local guiding but no contest history; touring: classic Tuxer Alps spring objectives (Olperer, Hoher Riffler) from the glacier and Tuxer Joch, typical of Austrian glacier resorts.",https://www.hintertuxergletscher.at/de/skifahren/skigebietsinfo/webcams/,"Year-round glacier (365-day marketing); 2025/26: glacier reopened for skiing 27.09.2025 after late-summer break (forum), winter tariff 79 EUR valid 04.10.2025-10.05.2026; 2026/27: autumn tariff 68 EUR until 02.10.2026, winter tariff 82 EUR (from 08:00) 03.10.2026-07.05.2027, also valid in Ski- & Gletscherwelt Zillertal 3000 04.12.2026-11.04.2027; +2 EUR keycard; 2+ day tickets only as Zillertaler Superskipass; official webcam page is JS-rendered (alt. https://www.bergfex.com/hintertux/webcams/); from Italy via Brenner, Tux valley road open all year.",https://www.hintertuxergletscher.at/de/preise/ticketpreise/preise-hintertuxer-gletscher/ | https://www.hintertuxergletscher.at/de/skifahren/hintertuxer-gletscher/gletscherskigebiet/ | https://www.skiinfo.de/tirol/hintertuxer-gletscher/skipaesse | https://alpinfans.com/viewtopic.php?t=2840 | https://www.skiresort.com/en/ski-resort/hintertux-glacier-hintertuxer-gletscher/ | https://www.hintertuxergletscher.at/de/skifahren/skigebietsinfo/webcams/,medium
Stubai Glacier,Stubaier Gletscher,AT,Tyrol,Stubai Glacier (Neustift),Glacier,2026-10-09,confirmed_2026_27,3210,65,75.5,75.5,EUR,published_2026_27,408,4.96,,3.5,3.5,"Powder Department with 9 marked freeride runs and Wilde Grub'n route, but mostly moderate glacier terrain; rubric anchor 3.5 touring (Stubai Alps huts, Wilder Pfaff/Zuckerhuetl).",https://www.bergfex.com/stubaier-gletscher/webcams/,"2025/26 opening: preview articles gave planned 3 Oct 2025 while a skiinfo article suggests an earlier mid-September start; not verified, left blank. 2026/27 fixed prices per bergfex: high season 24.10.26-16.04.27 75.50, autumn 09.10-23.10.26 and spring 64.20. Base = Eisgratbahn valley station Mutterberg (1750 m), end of Stubai valley road (open in winter). Official webcam page returned 404, bergfex used.",https://www.stubaier-gletscher.com/en/ | https://www.stubaier-gletscher.com/de/ | https://www.bergfex.com/stubaier-gletscher/preise/ | https://www.skiresort.com/en/ski-resort/stubai-glacier-stubaier-gletscher/ | https://www.das-wintersport-magazin.de/artikel/ab-auf-die-piste-alles-uber-den-start-der-wintersaison-202526.html | https://www.skiinfo.de/news/auftakt-in-den-winter-gletscherskigebiete-in-tirol/,medium
Kaprun – Kitzsteinhorn,,AT,Salzburg,Kitzsteinhorn–Maiskogel (Zell am See-Kaprun),Glacier,2026-10-10,confirmed_2026_27,3029,63,82.0,82.0,EUR,published_2026_27,535,6.75,,4.0,3.5,"Glacier freeride with marked freeride routes, Freeride Info Base and FWQ contest history supports 4.0; touring is typical Austrian-glacier level (Hohe Tauern day tours from Kaprun/Kitzsteinhorn) at 3.5.",https://www.kitzsteinhorn.at/en/service/information/weather-webcams,"Glacier with autumn skiing: 2026/27 autumn from 10 Oct 2026 (autumn day ticket 74-77 EUR), winter start period 27.11-18.12.2026 at 74 EUR, peak 19.12.2026-12.03.2027 at 82 EUR (Ski ALPIN CARD, fixed price). Base = Gletscherjet 1 valley station at Kesselfall (Kesselfallstrasse); alternative entry Kaprun Center/Maiskogelbahn in the village via K-ONNECTION. Approach via Felbertauern tunnel (toll) or Tauern motorway - no winter closure. Milan route uses OSRM alternative avoiding closed Staller Sattel.",https://www.kitzsteinhorn.at/de/service/news-events/news/skistart-2025 | https://www.kitzsteinhorn.at/landing-pages/fall-skiing | https://www.kitzsteinhorn.at/en/winter | https://www.schmitten.at/en/Tickets-Prices/Wintertickets | https://www.ots.at/presseaussendung/OTS_20251007_OTS0013/kitzsteinhorn-startet-in-die-skisaison | https://www.skiresort.com/en/ski-resort/kitzsteinhorn-maiskogel-kaprun/,high
Mölltal Glacier,Mölltaler Gletscher,AT,Carinthia,Mölltal Glacier (Flattach),Glacier,2026-10-23,confirmed_2026_27,3122,36,72.0,72.0,EUR,published_2026_27,464,6.01,,3.5,3.5,"High glacier terrain (up to 3,122 m) with open off-piste below Schareck/Eissee and ski routes but a small area; touring in the Goldberg group (Schareck, Hoher Sonnblick via Fraganter Huette) is good but typical Austrian-glacier level.",https://www.moelltaler-gletscher.at/gletscher/live-kameras,"Glacier with autumn-to-late-spring operation: 2026/27 season 23.10.2026-30.05.2027, closed 14.09.-22.10.2026. Adult 1-day 72.00 EUR in all periods (peak 25.12.2026-06.01.2027 and 24.01.-13.03.2027), afternoon ticket 61 EUR; GoPass e-shop advertises online discounts (not itemised). Former domain gletscher.co.at now redirects to moelltaler-gletscher.at. Base = Gletscher Express funicular valley station, Innerfragant (Flattach). From Italy via Tarvisio-Villach-Spittal-Moelltal or Lienz-Iselbergpass (open in winter); no Hochalpenstrasse involved.",http://web.archive.org/web/20251012/https://www.gletscher.co.at/ | https://www.moelltaler-gletscher.at/tarife/winter/moelltaler-gletscher | https://www.moelltaler-gletscher.at/ | https://www.moelltaler-gletscher.at/gletscher/winter | https://www.moelltaler-gletscher.at/gletscher/live-kameras | https://www.skiresort.com/en/ski-resort/moelltal-glacier-moelltaler-gletscher/,medium
Kitzbühel,,AT,Tyrol,KitzSki,Non-glacier,2026-11-06,confirmed_2026_27,2000,188,83.0,83.0,EUR,published_2026_27,481,5.88,,3.0,3.0,"Dedicated Bichlalm freeride area and Zweitausender/Resterhöhe off-piste, but low grass mountains with limited steep terrain and no contest history; touring: popular easy Kitzbühel Alps day tours (Bichlalm, Kitzbüheler Horn) with modest variety.",https://www.kitzski.at/en/current-info/webcams.html,"Price = Premium-Saison 20.12.2026-13.03.2027 ticket-office price 83 EUR (Vorteils 76, Spar 69); online booking cheaper (flexible online pricing); 2025/26: Resterkogel (Pass Thurn) from 07.11.2025 weekends only via snow-farming, Hahnenkamm/Fleckalm from 22.11.2025, Horn 06.12.2025, full link 12.12.2025; 2026/27 Resterkogel 06.11.2026, Hahnenkamm 21-22.11.2026, core area 27/28.11.2026; base = Hahnenkammbahn; from Italy via Brenner-Inntal or Felbertauern tunnel (toll) + Pass Thurn (open winter).",https://www.kitzski.at/de/fahrplan-winter-2024-25.html | https://www.kitzski.at/media/preise-26-27-hp-de.pdf | https://www.kitzbueheler-alpen.com/de/bri/wi/ski/kitzski-preise.html | https://www.snowplaza.de/weblog/ski-fahren-ab-november-kitzbuehel-setzt-auf-innovative-schneespeicherung/ | https://alpinfans.com/viewtopic.php?t=2857 | https://www.skiresort.com/en/ski-resort/kitzski-kitzbuehel-kirchberg/ | https://www.kitzski.at/en/current-info/webcams.html,medium
Obergurgl–Hochgurgl,,AT,Tyrol,Gurgl,Non-glacier,2026-11-19,confirmed_2026_27,3030,112,75.5,75.5,EUR,published_2026_27,484,5.89,,4.0,3.5,Open Faces FWQ venue (Gurgl) with extensive high off-piste on both Obergurgl and Hochgurgl sides; rubric anchor 3.5 for touring (Obergurgl).,https://www.gurgl.com/en/live-information/livecams,"Dynamic pricing: 75.50 = 2026/27 peak-season spot (cash-desk) price, high season 69.50, pre-season 64; online early booking cheaper. 1- and 2-day tickets valid only in Gurgl (3+ days Oetztal Superskipass). Timmelsjoch closed in winter. Base = Festkoglbahn valley station car park at Obergurgl entrance. 2025/26 date from forum reports, not an official notice. Milan route forced via Ötztal Bahnhof to avoid closed Timmelsjoch.",https://www.gurgl.com/en/activities/winter/skiing-snowboarding/ski-passes-prices/ski-pass-prices | https://www.gurgl.com/en/activities/winter/skiing-snowboarding/ski-area-information | https://alpinfans.com/viewtopic.php?t=2879 | https://www.skiresort.com/en/ski-resort/gurgl-obergurgl-hochgurgl/,medium
Axamer Lizum,,AT,Tyrol,Axamer Lizum (Innsbruck),Non-glacier,2026-11-20,estimated_from_2025_26,2340,40,63.0,63.0,EUR,estimated_from_2025_26,405,4.89,,3.5,3.5,"Open Faces FWQ venue and Innsbruck's freeride hotspot (steep Hoadl/Pleisen/Birgitzkoepfl faces, Kalkkoegel backdrop); touring in Kalkkoegel/Stubai Alps decent but limited variety. Calibrated to 3.5 (small area).",https://www.axamer-lizum.at/webcams,"2026/27 opening not clearly published: official site lists Hoadl-Haus winter opening 20 Nov and Ski Opening event 27 Nov 2026; skinachrichten.de says 21 Nov 2026, skiinfo.de 21 Dec 2026. 2025/26 fixed prices: high season (20.12.25-22.03.26) 63, pre/late 56.50; 2026/27 winter tariffs not yet online. Base = Hoadlbahn valley station car park (1560 m).",https://www.axamer-lizum.at/ | https://www.axamer-lizum.at/tarife | https://www.bergfex.com/axamer-lizum/preise/ | https://www.skiresort.com/en/ski-resort/axamer-lizum/ | https://skinachrichten.de/saisonstart-alle-infos-zu-den-saisonzeiten-der-skigebiete/ | https://www.skiinfo.de/tirol/saisoneroeffnung-skigebiete,medium
Obertauern,,AT,Salzburg,Obertauern,Non-glacier,2026-11-20,confirmed_2026_27,2313,100,72.0,72.0,EUR,published_2026_27,613,6.57,,3.5,4.0,"High snow-sure bowl (1,630-2,313 m) with well-known off-piste between lifts and the 45-degree Gamsleiten 2, but limited vertical; the Radstaedter Tauern around Obertauern is a popular, well-documented ski-touring region (Seekarspitze, Zehnerkar, Hundskogel).",https://www.obertauern.com/en/winter/service-info/webcams.html,"Fixed pricing (no dynamic pricing): 2026/27 adult 1-day 72.00 EUR in both Season A (26.12.2026-08.01.2027, 23.01.-02.04.2027) and Season B (20.11.-25.12.2026, 09.01.-22.01.2027, 03.04.-02.05.2027); from 1.5 days also valid in Grosseck-Speiereck. 2025/26 started 21 Nov 2025 in limited form (valley runs from 22 Nov). Base = village centre (car park at the lifts, 1,740 m). Resort lies on the Radstaedter Tauern pass road, kept open in winter; from Italy via A10 Tauern motorway (Katschberg tunnel) or B99 Katschberg pass (open). Piste km from skiresort.com.",https://www.alpinforum.com/forum/viewtopic.php?t=71417 | https://www.obertauern.com/de | https://www.obertauern.com/en/winter/ski-resort/ski-pass-prices.html | https://www.obertauern.com/en/winter/service-info/webcams.html | https://www.skiresort.com/en/ski-resort/obertauern/,medium
Schladming,,AT,Styria,Schladming-Dachstein 4-Berge-Skischaukel,Non-glacier,2026-11-20,confirmed_2026_27,2015,123,69.5,81.5,EUR,published_2026_27,651,6.97,,3.0,3.5,"World-Cup piste resort at 745-2,015 m with limited off-piste (some on Reiteralm/Hochwurzen); the Schladminger Tauern are a popular touring region (Giglachseen, Hochwurzen and Planai piste tours), so touring 3.5.",https://www.planai.at/en/info-service/webcams-weather/webcam,"Ski amade dynamic pricing (Schladming-Dachstein region): main season 19.12.2026-26.03.2027 adult day online 69.50-81.50 EUR, ticket office 81.50 EUR; pre/post 64.50-76.00. 2025/26 per mountain: Reiteralm 21 Nov, Planai 22 Nov, Hauser Kaibling 29 Nov, Hochwurzen 5 Dec 2025 (ski-opening event 5-7 Dec). 2026/27: Reiteralm 20 Nov, Hauser Kaibling 28 Nov, Hochwurzen 4 Dec 2026, Planai TBA; ski-opening event 11-12 Dec 2026. Base = Planai valley station, Schladming. Elevation/km from skiresort.com. No winter pass closure from Italy (A10 Tauern motorway via Radstadt).",https://www.alpinforum.com/forum/viewtopic.php?t=71331 | https://www.planai.at/en/activities/events-news/ski-opening | https://www.skiamade.com/de/skigebiete/schladming-dachstein/saisonzeiten | https://www.planai.at/en/tickets-price/price-winter/skitickets | https://www.skiamade.com/pdf/tarife/Tageskartentarife-Schladming-Dachstein-2026-27.pdf | https://www.planai.at/en/info-service/webcams-weather/webcam | https://www.skiresort.com/en/ski-resort/schladming-planai-hochwurzen-hauser-kaibling-reiteralm-4-berge-skischaukel/,medium
Ischgl,,AT,Tyrol,Silvretta Arena (Ischgl–Samnaun),Non-glacier,2026-11-26,confirmed_2026_27,2872,239,83.0,83.0,EUR,published_2026_27,381,5.19,,4.0,4.0,"Large high resort with well-known off-piste (Piz Val Gronda, Palinkopf, Samnaun side) and guide offices; rubric anchor 4.0 for touring (Paznaun/Silvretta day tours from Ischgl).",https://www.ischgl.com/en/plan-your-trip/webcams,"Fixed price list, no dynamic pricing: 1-day VIP Skipass 83 EUR for 2026/27 (unchanged from 2025/26), same in START/main/FIRN periods; day pass also valid on the Swiss Samnaun side. Base = Silvrettabahn A1 valley station in Ischgl village (OSM). Paznaun valley road open in winter.",https://www.ischgl.com/en/winter/operating-times-prices/skipass-prices-vip | https://tickets.ischgl.com/de/winter/support/prices | https://www.ischgl.com/en/events-experiences/topevents/top-of-the-mountain-opening-concert_event_55277883 | https://www.tyrol.com/activities/events/all-events/top-of-the-mountain-opening-concert | https://www.skiresort.com/en/ski-resort/ischgl-samnaun-silvretta-arena/,high
Bad Gastein,,AT,Salzburg,Ski amadé – Gastein (Stubnerkogel/Graukogel/Sportgastein),Non-glacier,2026-11-27,confirmed_2026_27,2650,168,69.5,81.5,EUR,published_2026_27,679,7.49,,3.5,3.5,"Sportgastein (1,590-2,650 m) is a recognised freeride area with three official freeride routes, Freeride Info Base, Avalanche Training Center and FWQ history, plus steep Graukogel; Gastein offers good Tauern day tours (Schareck, Baukogel, Sportgastein) but is not a major touring hub. Calibrated to 3.5 (compact area).",https://www.skigastein.com/en/webcams-in-skigastein/,"Ski amade dynamic pricing: main season 19.12.2026-26.03.2027 adult day online 69.50-81.50 EUR, ticket office 81.50 EUR; start/finale 64.50-76.00; pre/post 59.00. Max elevation = Sportgastein Goldbergbahn top (official 2,650 m); Stubnerkogel 2,246 m. Official km: Sportgastein 24 km, Dorfgastein-Grossarl about 70 km (skiresort figures used for consistency). 2026/27: Stubnerkogel/Schlossalm partial from 27 Nov, daily from 11 Dec 2026; Sportgastein daily from 18 Dec 2026; Graukogel operates only Thu-Sun from late Dec. Base = Stubnerkogelbahn valley station. From Italy via Tauern motorway A10 (or Tauernschleuse car train Mallnitz-Boeckstein) - no winter closure. Milan route uses OSRM alternative avoiding closed Staller Sattel.",http://web.archive.org/web/20251215/https://www.skiamade.com/de/skigebiete/gastein/saisonzeiten | https://www.skigastein.com/en/tickets-lifts/operating-hours-lifts/ | https://www.skigastein.com/en/tickets-lifts/winter-tickets/day-tickets/ | https://www.skiamade.com/pdf/tarife/Tageskartentarife-Gastein-2026-27.pdf | https://www.skigastein.com/de/skigebiet/sportgastein | https://www.skigastein.com/de/skigebiet/schlossalm-angertal-stubnerkogel | https://www.skiresort.com/en/ski-resort/bad-gastein-bad-hofgastein-schlossalm-angertal-stubnerkogel/ | https://www.skiresort.com/en/ski-resort/sportgastein/,medium
Bad Hofgastein,,AT,Salzburg,Ski amadé – Gastein (Schlossalm–Angertal),Non-glacier,2026-11-27,confirmed_2026_27,2246,168,69.5,81.5,EUR,published_2026_27,671,7.36,,3.0,3.5,"Schlossalm-Angertal is broad, mostly on-piste terrain with modest side-country (the serious freeride is in Sportgastein, same ticket); Gastein valley tours (Angertal, Schlossalm piste tours, Tauern day tours) give a 3.5 for touring.",https://www.skigastein.com/en/webcams-in-skigastein/,"Same Ski amade Gastein ticket and dynamic pricing as Bad Gastein: main season online 69.50-81.50 EUR, office 81.50 EUR. Max elevation = Stubnerkogel 2,246 m (lift-linked with Schlossalm 2,050 m via Angertal; skiresort.com lists 2,300 m for the linked area). Base = Schlossalmbahn valley station (bus terminal). No winter pass closure from Italy (A10 Tauern motorway or Tauernschleuse car train). Milan route uses OSRM alternative avoiding closed Staller Sattel.",http://web.archive.org/web/20251215/https://www.skiamade.com/de/skigebiete/gastein/saisonzeiten | https://www.skigastein.com/en/tickets-lifts/operating-hours-lifts/ | https://www.skigastein.com/en/tickets-lifts/winter-tickets/day-tickets/ | https://www.skiamade.com/pdf/tarife/Tageskartentarife-Gastein-2026-27.pdf | https://www.skigastein.com/de/skigebiet/schlossalm-angertal-stubnerkogel | https://www.skiresort.com/en/ski-resort/bad-gastein-bad-hofgastein-schlossalm-angertal-stubnerkogel/,medium
Fieberbrunn,,AT,Tyrol,Skicircus Saalbach Hinterglemm Leogang Fieberbrunn,Non-glacier,2026-11-27,confirmed_2026_27,2096,270,82.0,82.0,EUR,published_2026_27,491,6.07,,4.5,3.0,"Freeride World Tour stop (Wildseeloder face) and self-styled freeride capital of Austria with strong guiding/freeride-camp scene; touring only moderate Kitzbühel Alps day tours (Wildseeloder, Henne).",https://www.fieberbrunn.com/en/live-info/webcams,"2025/26 Fieberbrunn lifts F1/F2 Streuböden, F4 Lärchfilzen, F6 Zillstatt ran from Skicircus opening day 28.11.2025 (season to 06.04.2026); 2026/27 planned 27.11.2026-04.04.2027; price = peak season 19.12.2026-12.03.2027 82 EUR, all tickets are Ski ALPIN CARD (also valid Schmitten Zell am See, Kitzsteinhorn/Maiskogel), +2 EUR keycard; 2096 m is the full Skicircus maximum; from Italy via Brenner-Inntal or Felbertauern tunnel (toll).",https://www.saalbach.com/en/winter/ski-resort/operating-hours | https://www.saalbach.com/en/winter/skitickets/peak-season | https://www.saalbach.com/en/winter/ski-resort | https://www.fieberbrunn.com/en/winter/ski-area/operating-hours | https://presse.tirol.at/skicircus-saalbach-hinterglemm-leogang-fieberbrunn-geplanter-start-des-skibetriebes-am-28-november-2025/274585/ | https://alpinfans.com/viewtopic.php?t=2860 | https://www.skiresort.com/en/ski-resort/saalbach-hinterglemm-leogang-fieberbrunn-skicircus/ | https://www.fieberbrunn.com/en/live-info/webcams,medium
Gargellen,,AT,Vorarlberg,Gargellen (Montafon),Non-glacier,2026-11-27,confirmed_2026_27,2300,29,,,EUR,,328,4.44,,3.5,4.0,"Renowned freeride/touring village: Nidla freeride run, Madrisa terrain, venue of 2027 FIS Freestyle/Freeski Worlds events; Madrisa-Rundtour (border tour to Klosters) and Raetikon day tours with local guides. Calibrated to 3.5 (village-scale area).",https://www.montafon.at/gargellen/de/besuch-planen/webcam,"Dynamic pricing, regular 1-day price not published (web shop only); static 2026/27 group rate (21-40 pax) 63.10 gives a lower bound. Multi-day WildPass Montafon covers Silvretta Montafon, Golm etc. 2025/26 actual opening not found. Base = Schafbergbahn valley station car park, Gargellen (1423 m), end of the Gargellen valley road. Elevation/km from skiresort.com. No published fixed day-pass price: Montafon-Brandnertal dynamic pricing (skiinfo 'from EUR 56' for 2025/26); peak price not published, left blank.",https://www.montafon.at/gargellen/de/besuch-planen/oeffnungszeiten | https://www.montafon.at/gargellen/de/besuch-planen/preise | https://www.montafon.at/gargellen/de | https://www.skiresort.com/en/ski-resort/gargellen/ | https://www.vorarlberg.travel/aktivitaet/betriebszeiten-skigebiete/,low
Kirchberg in Tirol,,AT,Tyrol,KitzSki,Non-glacier,2026-11-27,confirmed_2026_27,2000,188,83.0,83.0,EUR,published_2026_27,474,5.70,,3.0,3.0,"Dedicated Bichlalm freeride area and Zweitausender/Resterhöhe off-piste, but low grass mountains with limited steep terrain and no contest history; touring: popular easy Kitzbühel Alps day tours (Bichlalm, Kitzbüheler Horn) with modest variety.",https://www.kitzski.at/en/current-info/webcams.html,"Area date 07.11.2025 refers to Resterkogel (Pass Thurn); Kirchberg's own Fleckalmbahn ran from 22.11.2025 (2026/27 planned 27/28.11.2026); base = Fleckalmbahn valley station at Klausen (Maierlbahn in village alternative); price = Premium-Saison 20.12.2026-13.03.2027 ticket-office 83 EUR, online cheaper (flexible pricing); from Italy via Brenner-Inntal or Felbertauern (toll). Date refers to Kirchberg's Fleckalmbahn; KitzSki area opens earlier at Resterkogel (06.11.2026).",https://www.kitzski.at/de/fahrplan-winter-2024-25.html | https://www.kitzski.at/media/preise-26-27-hp-de.pdf | https://www.kitzbueheler-alpen.com/de/bri/wi/ski/kitzski-preise.html | https://www.snowplaza.de/weblog/ski-fahren-ab-november-kitzbuehel-setzt-auf-innovative-schneespeicherung/ | https://alpinfans.com/viewtopic.php?t=2857 | https://www.skiresort.com/en/ski-resort/kitzski-kitzbuehel-kirchberg/ | https://www.kitzski.at/en/current-info/webcams.html,medium
Kühtai,,AT,Tyrol,Kühtai–Hochoetz,Non-glacier,2026-11-27,confirmed_2026_27,2520,51,66.5,66.5,EUR,published_2026_27,425,5.09,,3.5,4.0,"Freeride Junior/FWQ venue with good high off-piste but small area; rubric anchor 4.0 for touring (Sellrain/Stubai Alps classics: Sulzkogel, Zwoelferkogel, Pirchkogel from the village).",https://www.kuehtai.info/winter/webcams-wetter/,"Fixed season pricing 2026/27: peak (19.12-6.1, 30.1-26.2) 66.50, regular 63, low 50.50; 1-day ticket is Kuehtai-only, Kuehtai-Hochoetz (>90 km) only from 2-day passes. Austria's highest village (2020 m); Kuehtai saddle road from Oetz/Sellrain open in winter. skiresort.com measures 49.8 km. skiinfo lists 28 Nov 2026 vs official 27 Nov.",https://www.kuehtai.info/ | https://www.kuehtai.info/winter/skipass-preise/ | https://www.bergfex.com/kuehtai/preise/ | https://www.skiresort.com/en/ski-resort/kuehtai/ | https://skinachrichten.de/saisonstart-alle-infos-zu-den-saisonzeiten-der-skigebiete/,medium
Leogang,,AT,Salzburg,Skicircus Saalbach Hinterglemm Leogang Fieberbrunn,Non-glacier,2026-11-27,confirmed_2026_27,2096,270,82.0,82.0,EUR,published_2026_27,505,6.28,,3.5,3.0,"Asitz/Steinberg side has moderate off-piste and belongs to the Skicircus with FWT venue Fieberbrunn, but is lower and more piste-oriented than Saalbach; Leoganger Steinberge tours are few and steep, limited variety.",https://www.saalfelden-leogang.com/en/news-events/webcams,"Same Ski ALPIN CARD pricing as Saalbach: peak 19.12.2026-12.03.2027 at 82 EUR fixed, winter start 74 EUR. Base = Asitzbahn valley station (Leogang-Huetten). 2025/26 opened 28 Nov 2025 (Asitzbahn, Poltenlift), full Skicircus connections 5 Dec 2025. No winter pass closure from Italy (Brenner/Pass Thurn).",https://www.saalfelden-leogang.com/peak-season | https://www.saalfelden-leogang.com/en/service-info/press/planned-start-of-the-ski-season-november-28-2025_presse_9080802 | https://www.saalbach.com/en/winter/skitickets/skitickets-shlf | https://www.alpinforum.com/forum/viewtopic.php?t=71418 | https://www.skiresort.com/en/ski-resort/saalbach-hinterglemm-leogang-fieberbrunn-skicircus/,high
Saalbach-Hinterglemm,,AT,Salzburg,Skicircus Saalbach Hinterglemm Leogang Fieberbrunn,Non-glacier,2026-11-27,confirmed_2026_27,2096,270,82.0,82.0,EUR,published_2026_27,537,6.86,,3.5,3.0,Marked freeride routes and Freeride Park on Schattberg/Zwoelferkogel and lift link to FWT venue Fieberbrunn justify 4.0; Glemmtal touring is gentle grass-mountain terrain with limited high-alpine variety. Calibrated to 3.5 (piste-oriented resort).,https://www.saalbach.com/en/live-info/livecams,"Peak 19.12.2026-12.03.2027 at 82 EUR fixed (Ski ALPIN CARD, also valid Schmittenhoehe and Kitzsteinhorn = 408 km network, areas not lift-linked); winter start 27.11-18.12.2026 at 74 EUR. 2025/26 opened 28 Nov 2025 with limited lifts (Schoenleiten, Asitz), all connections from 5 Dec 2025. From Italy via Brenner/Pass Thurn - no winter pass closure. Milan route uses OSRM alternative avoiding closed Staller Sattel.",https://www.saalbach.com/en/winter/skitickets/skitickets-shlf | https://www.saalbach.com/en/winter/skitickets/winter-start | https://www.saalfelden-leogang.com/peak-season | https://www.saalfelden-leogang.com/en/service-info/press/planned-start-of-the-ski-season-november-28-2025_presse_9080802 | https://www.alpinforum.com/forum/viewtopic.php?t=71418 | https://www.saalbach.com/en/winter/ski-resort | https://www.skiresort.com/en/ski-resort/saalbach-hinterglemm-leogang-fieberbrunn-skicircus/,high
Schruns – Silvretta Montafon Hochjoch,,AT,Vorarlberg,Silvretta Montafon,Non-glacier,2026-11-27,confirmed_2026_27,2430,142,77.0,77.0,EUR,estimated_from_2025_26,314,4.21,,3.5,3.5,"Hochjoch sector is the gentler half of Silvretta Montafon (family/on-piste), some off-piste bowls; touring in Verwall/Raetikon moderate.",https://www.silvretta-montafon.at/en/webcams,"Dynamic pricing (season phase, weekday, demand, booking time); 77 = skiresort.com listed 2025/26 day ticket, peak online price may differ; 2026/27 prices only in web shop. Hochjoch Bahn itself runs 19 Dec-4 Apr; early season via Zamang Bahn. 2025/26 actual opening not found. Base = Hochjochbahn valley station, Schruns. skiinfo lists 21 Nov 2026 vs official 27 Nov.",https://www.silvretta-montafon.at/en/info-service/opening-times | https://www.silvretta-montafon.at/en/tickets-prices/winter/day-multi-day-tickets | https://www.skiresort.com/en/ski-resort/silvretta-montafon/ | https://www.vorarlberg.travel/aktivitaet/betriebszeiten-skigebiete/ | https://skinachrichten.de/saisonstart-alle-infos-zu-den-saisonzeiten-der-skigebiete/,medium
Flachau,,AT,Salzburg,Snow Space Salzburg,Non-glacier,2026-11-28,confirmed_2026_27,1980,120,69.0,81.0,EUR,published_2026_27,624,6.62,,3.0,3.0,"Piste-focused 900-2,000 m grass mountains with only some tree runs and no freeride reputation; touring is limited to piste tours and easy Pongau day tours.",https://www.snow-space.com/de/winter/informationen-skigebiet/live/webcams,"Ski amade dynamic pricing: 12 Peaks region main season 19.12.2026-26.03.2027 adult day online 69.00-81.00 EUR, ticket office 81.00 EUR (other Ski amade regions 81.00-81.50); pre/post season 64.50-75.50. One-day Ski amade tickets valid only in the purchased region. 12 Peaks ski connection/winter opening planned 5 Dec 2026. Elevation from skiresort.com. Base = Achterjet valley station. From Italy via Tauern motorway A10 or Brenner - no winter closure.",https://www.snow-space.com/betriebszeiten | http://web.archive.org/web/20251120/https://www.snow-space.com/betriebszeiten | https://www.wagrain24.at/saisonstart-wagrain/ | https://www.skiamade.com/pdf/tarife/tageskartentarife-12-Gipfel-Skiregion-2026-27.pdf | https://www.skiamade.com/en/live-infos/winter-opening-times | https://www.snow-space.com/en/winter/skitickets/one-day-tickets | https://www.snow-space.com/en/winter/ski-resort-salzburg | https://www.skiresort.com/en/ski-resort/snow-space-salzburg-flachau-wagrain-st-johann-alpendorf/,medium
Gaschurn–St. Gallenkirch – Silvretta Montafon Nova,,AT,Vorarlberg,Silvretta Montafon,Non-glacier,2026-11-28,confirmed_2026_27,2430,142,77.0,77.0,EUR,estimated_from_2025_26,321,4.32,,4.0,3.5,Nova sector hosted Open Faces FWQ events and has the steep Hochalpila/Nova Stoba freeride terrain and strong local freeride scene; touring moderate (Verwall/Silvretta access via Bielerhoehe closed).,https://www.silvretta-montafon.at/en/webcams,"Same lift company and day pass as row 127 (dynamic pricing; 77 = skiresort.com 2025/26 listing). Base = Valisera Bahn valley station, St. Gallenkirch (alternative Versettla Bahn, Gaschurn 46.98501/10.02554). Silvretta-Hochalpenstrasse closed in winter. 2025/26 actual opening not found.",https://www.silvretta-montafon.at/en/info-service/opening-times | https://www.silvretta-montafon.at/en/tickets-prices/winter/day-multi-day-tickets | https://www.skiresort.com/en/ski-resort/silvretta-montafon/ | https://www.vorarlberg.travel/aktivitaet/betriebszeiten-skigebiete/,medium
St. Johann–Alpendorf,,AT,Salzburg,Snow Space Salzburg,Non-glacier,2026-11-28,confirmed_2026_27,1980,120,69.0,81.0,EUR,published_2026_27,643,6.95,,3.0,3.0,Alpendorf/Gernkogel side is family and piste oriented with negligible freeride; touring limited to a few easy Pongau tours.,https://www.snow-space.com/de/winter/informationen-skigebiet/live/webcams,"Snow Space season opened 29 Nov 2025 in Flachau/Wagrain, but Alpendorf lifts started Fri 5 Dec 2025 (12 Peaks connection 6 Dec 2025). 2026/27 published start 28 Nov 2026 is for Snow Space as a whole; Alpendorf may again open later. Ski amade dynamic pricing (12 Peaks region): main season online 69.00-81.00 EUR, office 81.00 EUR. Base = Alpendorf gondola valley station. Elevation from skiresort.com.",http://web.archive.org/web/20251202/https://www.snow-space.com/offenelifte | https://www.snow-space.com/betriebszeiten | https://www.skiamade.com/pdf/tarife/tageskartentarife-12-Gipfel-Skiregion-2026-27.pdf | https://www.skiamade.com/en/live-infos/winter-opening-times | https://www.snow-space.com/en/winter/skitickets/one-day-tickets | https://www.skiresort.com/en/ski-resort/snow-space-salzburg-flachau-wagrain-st-johann-alpendorf/,medium
Wagrain,,AT,Salzburg,Snow Space Salzburg,Non-glacier,2026-11-28,confirmed_2026_27,1980,120,69.0,81.0,EUR,published_2026_27,633,6.76,,3.0,3.0,Same piste-oriented Snow Space terrain (Griessenkareck/Grafenberg) with little off-piste; touring options are modest local tours (Kleinarl valley) only.,https://www.snow-space.com/de/winter/informationen-skigebiet/live/webcams,"Ski amade dynamic pricing (12 Peaks region): main season 19.12.2026-26.03.2027 adult day online 69.00-81.00 EUR, ticket office 81.00 EUR; pre/post season 64.50-75.50. Base = Flying Mozart valley station in Wagrain. 12 Peaks connection/winter opening planned 5 Dec 2026. Elevation from skiresort.com. No winter pass closures from Italy (A10 Tauern motorway).",https://www.snow-space.com/betriebszeiten | https://www.wagrain24.at/saisonstart-wagrain/ | https://www.skiamade.com/pdf/tarife/tageskartentarife-12-Gipfel-Skiregion-2026-27.pdf | https://www.skiamade.com/en/live-infos/winter-opening-times | https://www.snow-space.com/en/winter/skitickets/one-day-tickets | https://www.skiresort.com/en/ski-resort/snow-space-salzburg-flachau-wagrain-st-johann-alpendorf/,medium
Zell am See,,AT,Salzburg,Schmittenhöhe (Zell am See-Kaprun),Non-glacier,2026-11-28,estimated_from_2025_26,2000,77,82.0,82.0,EUR,published_2026_27,529,6.75,,3.0,3.0,"Schmittenhoehe is a piste-oriented 2,000 m grass mountain with only modest side-country; touring is limited to piste tours and a few Pinzgau day tours, so both scores stay at 3.0.",https://www.schmitten.at/en/Service/Webcams,"Day ticket = Ski ALPIN CARD (fixed price, valid Schmitten + Kitzsteinhorn + Skicircus): peak 19.12.2026-12.03.2027 at 82 EUR, winter start/bonus 74 EUR. 2025/26: preview weekend 29-30 Nov 2025 (trassXpress, areitXpress, Glocknerbahn, Hirschkogel, Breiteck) announced officially, regular start 5 Dec 2025 - verify preview ran. Schmitten's own 2026/27 start date not yet published (ALPIN CARD winter-start ticket period begins 27.11.2026). Base = Schmittenhoehebahn valley station (alt. areitXpress Schuettdorf). Milan route uses OSRM alternative avoiding closed Staller Sattel.",https://www.schmitten.at/en/Tickets-Prices/Wintertickets | https://www.schmitten.at/en/Magazine/Start-of-the-2025/26-winter-season-on-the-Schmittenhohe-in-Zell-am-See_bba_6211 | https://www.alpinforum.com/forum/viewtopic.php?p=5495989 | https://www.skiresort.com/en/ski-resort/schmittenhoehe-zell-am-see/,medium
Lech–Zürs,,AT,Vorarlberg,Ski Arlberg,Non-glacier,2026-12-02,confirmed_2026_27,2811,300,85.0,85.0,EUR,published_2026_27,340,4.57,,4.5,3.5,"Rubric anchor 4.5: famous Zuers/Madloch/Zuger Hochlicht off-piste and Austria's only heli-skiing, strong guide scene; touring (Lechquellen) decent but secondary.",https://www.lechzuers.com/en/live-infos/webcams,Base = Ruefikopfbahn I valley station in Lech centre. Flexenpass road Stuben-Zuers-Lech open in winter (galleries); Lech-Warth road closed in winter (ski link via Auenfeldjet). Price = Ski Arlberg 2026/27 high-season tariff from partner tariff table (skiarlberg.at says rates being finalised); 2025/26 was 81.50.,https://www.skiarlberg.at/en/lech-zuers/tickets-season-times/season-times | https://www.stantonamarlberg.com/images/stories/pdf-dateien/saisonzeiten/saisonzeiten2025-2026.pdf | https://www.lechtaler-bergbahnen.at/de/ski-arlberg-tarife-winter.html | https://www.gsi-news.at/2025/12/05/schneereicher-ski-saisonstart-in-lech-zuers-am-arlberg/ | https://www.skiresort.com/en/ski-resort/st-anton-st-christoph-stuben-lech-zuers-warth-schroecken-ski-arlberg/,high
St. Anton am Arlberg,,AT,Tyrol,Ski Arlberg,Non-glacier,2026-12-02,confirmed_2026_27,2811,300,85.0,85.0,EUR,published_2026_27,342,4.57,,5.0,3.5,Rubric anchor 5.0: Valluga/Schindlergrat/Stuben backside with deep guide scene; Verwall day tours good but touring less varied than glacier hubs.,https://www.skiarlberg.at/en/st-anton/live-info/webcams,2026/27 high-season tariff (19.12.26-02.04.27) 85 EUR from Ski Arlberg tariff table on partner site; skiarlberg.at itself says 26/27 rates still being finalised; 2025/26 high season was 81.50. Wedel/sun-ski weeks 80.50. Arlberg pass road and tunnel open in winter. skiresort.com measures 299.7 km. Official St. Anton webcam page (stantonamarlberg.com/en/webcams) returned 503 at final check (200 earlier); official Ski Arlberg lift-company St. Anton webcam page used instead.,https://www.skiarlberg.at/en/lech-zuers/tickets-season-times/season-times | https://www.stantonamarlberg.com/images/stories/pdf-dateien/saisonzeiten/saisonzeiten2025-2026.pdf | https://www.lechtaler-bergbahnen.at/de/ski-arlberg-tarife-winter.html | https://www.skiarlberg.at/en/tickets-season-times/prices-tickets-winter-coming-soon | https://www.skiresort.com/en/ski-resort/st-anton-st-christoph-stuben-lech-zuers-warth-schroecken-ski-arlberg/ | https://www.schneehoehen.de/artikel/sankt-anton-saisonstart-2025-2025-festival | https://www.skiarlberg.at/en/st-anton/live-info/webcams,high
Alpbach,,AT,Tyrol,Ski Juwel Alpbachtal Wildschönau,Non-glacier,2026-12-04,confirmed_2026_27,2030,114,71.5,71.5,EUR,published_2026_27,437,5.20,,3.5,3.0,"Open Faces FWQ freeride contests have been staged on the Wiedersbergerhorn and the area markets freeride routes; touring decent but modest (Wiedersbergerhorn, Gratlspitz, Sagtaler Spitzen day tours).",https://www.skijuwel.com/en/webcams,"2025/26: Wiedersbergerhorn weekend ops 29-30.11.2025 announced by lift company (no independent report found), full area incl. Schatzberg from 05.12.2025; 2026/27 peak season 19.12.2026-12.03.2027 71.50 EUR, pre/late season 64.50, fixed prices; base = Wiedersbergerhornbahn valley station, Inneralpbach (Pöglbahn in village alternative); from Italy via Brenner-Inntal, no passes.",https://www.skijuwel.com/en/winter/tickets-and-prices | https://www.skijuwel.com/en/winter | https://www.tt.com/artikel/30922306/ski-juwel-alpbachtal-wildschoenau-startet-mit-wochenendbetrieb-in-die-wintersaison | https://alpinfans.com/viewtopic.php?t=2896 | https://www.skiresort.com/en/ski-resort/ski-juwel-alpbachtal-wildschoenau/ | https://www.skijuwel.com/en/webcams,medium
Bad Kleinkirchheim,,AT,Carinthia,Bad Kleinkirchheim–St. Oswald,Non-glacier,2026-12-04,confirmed_2026_27,2055,103,73.0,73.0,EUR,published_2026_27,541,5.95,,2.5,3.0,"Rolling Nockberge terrain famous for World Cup pistes (Franz Klammer downhill) but with little freeride; Nockberge touring (Falkert, Klomnock, Mallnock) is gentle and limited in variety.",https://www.badkleinkirchheim.com/en/info-contact/webcams/,"Fixed single day price, no dynamic pricing: 2026/27 adult 1-day 73.00 EUR valid 04.12.2026-29.03.2027 (2025/26 was 69.50 EUR per skiresort.com); multi-day passes have a peak-season tariff 25.12.2026-13.03.2027. Official planned 2026/27 start is 4 Dec 2026 (skiresort.com shows 5 Dec). Also part of Kaerntner Skipass (multi-day). Base = Kaiserburgbahn valley station. From Italy via Tarvisio-Villach-Feld am See (B98) - open all winter; the Nockalmstrasse is closed in winter but is not the access road. Elevation from skiresort.com.",https://www.badkleinkirchheim.com/en/skiing-area/prices-operating-hours/ | https://www.alpinforum.com/forum/viewtopic.php?t=71523 | https://www.lakeandmountain.at/ski/ski-resorts/bad-kleinkirchheim/ | https://www.badkleinkirchheim.com/en/info-contact/webcams/ | https://www.skiresort.com/en/ski-resort/bad-kleinkirchheim/,medium
Damüls–Mellau,,AT,Vorarlberg,Damüls–Mellau (Bregenzerwald),Non-glacier,2026-12-04,confirmed_2026_27,2050,76,72.5,72.5,EUR,estimated_from_2025_26,321,4.40,,3.5,3.0,"Record snowfall village (approx. 9 m/season) with documented tree/bowl freeride and marked ski routes, but modest altitude; touring limited.",https://www.bergfex.com/damuels/webcams/,"2025/26 high-season day ticket 72.50 (bergfex); 2026/27 prices not yet published; official site is JS-only (no data extractable, webcam page 404), bergfex used. Access from Milan via Bregenzerwald (Faschina/Furkajoch pass roads: Furkajoch closed in winter, Faschinajoch open). Input skiresort_url pointed to Espace Diamant; correct page is skiresort.com/en/ski-resort/damuels-mellau/. Base = Uga-Express valley station, Damuels.",https://www.skiresort.com/en/ski-resort/damuels-mellau/ | https://www.bergfex.com/damuels/preise/ | https://www.vorarlberg.travel/aktivitaet/betriebszeiten-skigebiete/ | https://www.skiinfo.de/vorarlberg/saisoneroeffnung-skigebiete | https://www.damuels-mellau.at/,medium
Galtür,,AT,Tyrol,Galtür Silvapark (Paznaun),Non-glacier,2026-12-04,confirmed_2026_27,2300,43,58.5,58.5,EUR,published_2026_27,392,5.39,,3.5,4.0,"Silvapark has dedicated freeride sectors but limited size; Galtuer is a classic Silvretta ski-touring base (Jamtalhuette, Piz Buin, Silvretta traverse, guide-led touring weeks). Calibrated to 4.0.",https://www.galtuer.com/en/plan-your-trip/webcams,"Peak-season 1-day 58.50 EUR (19.12.26-11.04.27), low season 55.50 (4-18 Dec 2026). Silvretta-Hochalpenstrasse (Bielerhoehe) closed in winter, Galtuer is the road end of the Paznaun. Base = Birkhahnbahn valley station, Wirl (1635 m). Elevation/km from skiresort.com.",https://www.galtuer.com/en/winter/operating-times-prices/skipass-prices-silvapark | https://www.galtuer.com/de/veranstaltungen-erlebnisse/topevents/galt-r-ski-opening_event_39796715 | https://www.skiresort.com/en/ski-resort/galtuer-silvapark/ | https://www.bergfex.com/silvapark-galtuer/preise/,medium
Gerlos,,AT,Tyrol,Zillertal Arena,Non-glacier,2026-12-04,confirmed_2026_27,2500,150,82.0,82.0,EUR,published_2026_27,465,5.61,,3.0,3.0,"Decent lift-accessed off-piste around Gerlos/Königsleiten (Isskogel, Übergangsjoch bowls) but no contest history or guiding scene of note; touring limited to moderate day tours from Gerlos (Kreuzjoch, Salzachgeier, Wildgerlostal).",https://www.zillertalarena.com/en/information-services/live-cams-weather/live-cams/,"Base = Isskogelbahn valley station (Dorfbahn Gerlos alternative); 2025/26 Gerlos lifts opened 05.12.2025; 2026/27 official Isskogelbahn/Dorfbahn 04.12.2026-11.04.2027; Gerlos Alpine Road B165 (toll) open in winter; fixed price 82 EUR, 2+ days = Zillertaler Superskipass; from Italy via Brenner.",https://www.zillertalarena.com/en/winter/ski-area/operating-hours/ | https://www.zillertalarena.com/en/zell/winter/ski-pass-prices/ | https://www.zillertalarena.com/en/winter/ski-area/ | https://www.skiresort.com/en/ski-resort/zillertal-arena-zell-am-ziller-gerlos-koenigsleiten-hochkrimml/ | https://alpinfans.com/viewtopic.php?t=2885 | https://www.skiinfo.de/zillertal-arena/saisoneroeffnung-skigebiete | https://www.zillertalarena.com/en/information-services/live-cams-weather/live-cams/,high
Großarl–Dorfgastein,,AT,Salzburg,Ski amadé – Großarltal-Dorfgastein,Non-glacier,2026-12-04,confirmed_2026_27,2033,68,69.5,81.5,EUR,published_2026_27,655,7.16,,3.0,3.5,"Family-oriented skischaukel with modest off-piste; the Grossarltal is a well-known ski-touring valley with many documented easy-to-moderate day tours (Frauenkogel, Filzmooshoerndl, Kreuzeck), hence 3.5.",https://www.grossarler-bergbahnen.at/service/webcams/,"Ski amade dynamic pricing (Grossarltal region): main season 19.12.2026-26.03.2027 adult day online 69.50-81.50 EUR, ticket office 81.50 EUR; pre/post 64.50-76.00. Grossarltal day ticket covers Dorfgastein-Grossarltal only (the Gastein ticket also includes it). Base = Panoramabahn valley station, Grossarl. No winter pass closure from Italy (A10 Tauern motorway via St. Johann im Pongau).",http://web.archive.org/web/20251206/https://www.grossarler-bergbahnen.at/ | http://web.archive.org/web/20251215/https://www.skiamade.com/de/skigebiete/grossarltal/saisonzeiten | https://www.skiamade.com/en/live-infos/winter-opening-times | https://www.skiamade.com/pdf/tarife/Tageskartentarife-Grossarltal-2026-27.pdf | https://www.skigastein.com/de/skigebiet | https://www.grossarler-bergbahnen.at/service/webcams/ | https://www.skiresort.com/en/ski-resort/dorfgastein-grossarltal/,medium
Katschberg,,AT,Carinthia / Salzburg,Katschberg–Aineck,Non-glacier,2026-12-04,confirmed_2026_27,2220,80,73.0,73.0,EUR,published_2026_27,580,6.07,,2.5,3.0,"Family resort with gentle Aineck/Tschaneck terrain and little serious off-piste; only a handful of local ski tours (Aineck, Tschaneck, Kareck).",https://www.katschi.at/webcams.html,"Fixed pricing, no dynamic pricing: 2026/27 adult 1-day 73.00 EUR all season (2025/26 was 69.50 EUR); season 04.12.2026-28.03.2027. 2025/26 first day: homepage stated 'ski area open from 2 Dec' (Tue) while the price sheet planned 5 Dec 2025 - coordinator may double-check. New 8-seater Almbahn from Dec 2025. Base = Katschberghoehe pass village (1,640 m) on the B99; the pass road and the adjacent A10 Katschberg tunnel are open all winter, so no closure from Italy (Tarvisio-Villach-A10).",https://www.katschi.at/tageskarten.html | https://www.katschi.at/files/downloads/KATSCHBERGBAHNEN_PREISBLATT_160x95mm_geschlossen_2025_2026_20250827_12.pdf | http://web.archive.org/web/20251222/https://www.katschi.at/ | https://www.katschi.at/webcams.html | https://www.skiresort.com/en/ski-resort/katschberg/,medium
Kleinwalsertal,,AT,Vorarlberg,"Oberstdorf–Kleinwalsertal (two-country pass, ~130 km)",Non-glacier,2026-12-04,confirmed_2026_27,2224,130,72.9,72.9,EUR,published_2026_27,366,5.04,,3.5,3.5,"Good but limited off-piste on Ifen and Kanzelwand (north faces), no major event history; popular Allgaeu touring valley (Hoher Ifen, Widderstein, Walmendinger Horn) with guide offerings.",https://www.ok-bergbahnen.com/service/webcams-livecams/,"Two-country day pass 2026/27 adult 72.90 (single published price; 2025/26 was 68.70). 2224 m = Nebelhorn (DE) on the same pass; Kleinwalsertal-side lifts top out lower (Kanzelwand 1967 m, Ifen slightly higher). Road access only via Oberstdorf (Germany), no road link to the rest of Vorarlberg. Base = Kanzelwandbahn valley station, Riezlern. 2025/26 actual opening not found.",https://www.ok-bergbahnen.com/oeffnungszeiten/ | https://www.ok-bergbahnen.com/preisinformationen/preise-tagesskipass-oberstdorf-kleinwalsertal.html | https://www.ok-bergbahnen.com/ | https://www.skiresort.com/en/ski-resort/fellhorn-kanzelwand-oberstdorf-riezlern/ | https://www.vorarlberg.travel/aktivitaet/betriebszeiten-skigebiete/,medium
Königsleiten–Wald,,AT,Salzburg,Zillertal Arena,Non-glacier,2026-12-04,confirmed_2026_27,2500,150,82.0,82.0,EUR,published_2026_27,474,5.78,,3.0,3.0,"Decent lift-accessed off-piste around Gerlos/Königsleiten (Isskogel, Übergangsjoch bowls) but no contest history or guiding scene of note; touring limited to moderate day tours from Gerlos (Kreuzjoch, Salzachgeier, Wildgerlostal).",https://www.zillertalarena.com/en/information-services/live-cams-weather/live-cams/,"Base = Dorfbahn Königsleiten valley station (Wald im Pinzgau, Salzburg); 2025/26 opened 05.12.2025; 2026/27 official 04.12.2026-11.04.2027; access from Zillertal over Gerlos Alpine Road B165 (toll, open in winter) or from Mittersill (Felbertauern tunnel, toll); fixed price 82 EUR; incl. Hochkrimml lifts.",https://www.zillertalarena.com/en/winter/ski-area/operating-hours/ | https://www.zillertalarena.com/en/zell/winter/ski-pass-prices/ | https://www.zillertalarena.com/en/winter/ski-area/ | https://www.skiresort.com/en/ski-resort/zillertal-arena-zell-am-ziller-gerlos-koenigsleiten-hochkrimml/ | https://alpinfans.com/viewtopic.php?t=2885 | https://www.skiinfo.de/zillertal-arena/saisoneroeffnung-skigebiete | https://www.zillertalarena.com/en/information-services/live-cams-weather/live-cams/,high
Mayrhofen,,AT,Tyrol,Mayrhofen (Penken/Ahorn) – Zillertal 3000,Non-glacier,2026-12-04,confirmed_2026_27,2500,142,82.0,82.0,EUR,published_2026_27,456,5.47,,3.5,3.5,"Harakiri 78% piste and Penken/Rastkogel off-piste with local freeride guiding (skiresort 'top for freeriders'); Mayrhofen is the gateway for Zillertal Alps spring touring (Berliner Hütte, Schwarzenstein) and Tuxer Voralpen day tours.",https://www.mayrhofen.at/en/pages/livecams,"Fixed price: 1-day adult 79 EUR in 2025/26, 82 EUR (from 08:00) in 2026/27; Mayrhofen pass max 1.5 days, 2+ days only as Zillertaler Superskipass; 2025/26 Horberg+Penken opened 05.12.2025, Ahorn 13.12.2025; 2026/27 Ahorn from 12.12.2026; +2 EUR keycard deposit; from Italy via Brenner, no pass closures.",https://www.mayrhofen.at/en/stories/mountopolis-prices-and-opening-hours-winter | https://web.archive.org/web/20251206215909/https://www.mayrhofen.at/en/stories/mountopolis-prices-and-opening-hours-winter | https://www.skiresort.com/en/ski-resort/mayrhofen-penken-ahorn-rastkogel-eggalm-mountopolis/ | https://alpinfans.com/viewtopic.php?t=2881 | https://www.mayrhofen.at/en/pages/livecams,medium
Nassfeld,,AT,Carinthia,Nassfeld–Hermagor,Non-glacier,2026-12-04,confirmed_2026_27,2002,110,73.0,73.0,EUR,published_2026_27,557,6.12,,3.0,3.0,"Some tree and side-country runs (Gartnerkofel, Trogkofel) and marked deep-snow areas but no notable freeride reputation; Carnic Alps touring around Nassfeld is pleasant but limited in scale.",https://www.nassfeld.at/en/Service/Live-aus-der-Region/Webcam,"Fixed seasonal pricing (no dynamic pricing): 2026/27 adult 1-day 73.00 EUR in high season (25.12.2026-13.03.2027), 67.50 EUR in low season (04.12.-24.12.2026 and 14.03.-04.04.2027). Passo Pramollo/Nassfeld pass road from Pontebba (Italy) is closed in winter - access from Italy via Tarvisio-Arnoldstein-Hermagor to Troepolach (Millennium-Express valley station, base used here) or on to Sonnenalpe Nassfeld from the Austrian side. Elevation from skiresort.com. Milan route forced via Villach to avoid closed Pramollo/Nassfeld pass (Italian ramp).",http://web.archive.org/web/20251206/https://www.nassfeld.at/ | https://www.nassfeld.at/de/ | https://www.nassfeld.at/en/Winter-World/Sun-Ski-World/Skigebiet-Nassfeld/Skipasspreise/Tages-Mehrtageskarten | https://www.nassfeld.at/en/Winter-World/Sun-Ski-World/Skigebiet-Nassfeld | https://www.nassfeld.at/en/Service/Live-aus-der-Region/Webcam | https://www.skiresort.com/en/ski-resort/nassfeld-hermagor/,medium
Serfaus-Fiss-Ladis,,AT,Tyrol,Serfaus-Fiss-Ladis,Non-glacier,2026-12-04,estimated_from_2025_26,2828,214,78.0,78.0,EUR,estimated_from_2025_26,280,4.74,,3.0,3.0,Family/on-piste oriented resort with some marked ski routes but no notable freeride reputation; limited touring (Samnaun group day tours).,https://www.bergfex.com/serfaus-fiss-ladis/webcams/,"Fixed season pricing 2025/26: high 78, low 77, Snow Start 65; 2026/27 prices not yet published. Base = Schoenjochbahn valley station in Fiss (direct car park); Serfaus village is traffic-calmed (park at entrance, Dorfbahn underground to Komperdellbahn). 2026/27 opening 4 Dec 2026 per bergfex/skiinfo/skinachrichten, skiresort.com shows 5 Dec. Aggregator/press lists a provisional 2026/27 opening of 2026-12-04, not confirmed by the operator; date shown is the 2025/26 opening shifted.",https://www.serfaus-fiss-ladis.at/de/winterurlaub/saisonstart | https://www.bergfex.com/serfaus-fiss-ladis/preise/ | https://www.bergfex.com/serfaus-fiss-ladis/ | https://www.skiresort.com/en/ski-resort/serfaus-fiss-ladis/ | https://www.skiinfo.de/tirol/saisoneroeffnung-skigebiete,medium
Warth–Schröcken,,AT,Vorarlberg,Ski Arlberg,Non-glacier,2026-12-04,confirmed_2026_27,2811,300,85.0,85.0,EUR,published_2026_27,357,4.89,,4.0,3.5,"Snowiest sector of the Arlberg (approx. 11 m/season) with well-documented tree and bowl off-piste, linked to Lech-Zuers terrain; touring in Bregenzerwald/Lechquellen moderate.",https://www.bergfex.com/warth-schroecken/webcams/,"Local Warth-Schroecken lifts top out around 2050 m; 2811 m is the Ski Arlberg pass maximum (linked via Auenfeldjet). Hochtannberg pass road (Bregenzerwald side) normally open in winter; Warth-Lech road closed in winter. Base = Steffisalp-Express valley station, Warth (OSM/Nominatim). Price = Ski Arlberg 2026/27 high-season tariff (partner tariff table). skiinfo.de lists 5 Dec 2026 as planned opening vs official 4 Dec. Milan route forced via Schoppernau to avoid closed Lech–Warth road (Tannberg).",https://www.skiarlberg.at/en/lech-zuers/tickets-season-times/season-times | https://www.lechtaler-bergbahnen.at/de/ski-arlberg-tarife-winter.html | https://www.warth-schroecken.at/en/winter/rates/tickets-ski-arlberg.html | https://www.skiresort.com/en/ski-resort/st-anton-st-christoph-stuben-lech-zuers-warth-schroecken-ski-arlberg/ | https://www.bergfex.com/warth-schroecken/webcams/ | https://www.skiinfo.de/vorarlberg/saisoneroeffnung-skigebiete,medium
Wildschönau,,AT,Tyrol,Ski Juwel Alpbachtal Wildschönau,Non-glacier,2026-12-04,confirmed_2026_27,2030,114,71.5,71.5,EUR,published_2026_27,463,5.58,,3.0,3.0,"Schatzberg offers some off-piste but no contest history (Open Faces events were on the Alpbach side); Wildschönau is a popular gentle ski-touring area (Feldalphorn, Breiteggern, Schatzberg) with many easy documented tours but low altitude.",https://www.skijuwel.com/en/webcams,"Area first day 29.11.2025 was at Wiedersbergerhorn (Alpbach side); Wildschönau's own Schatzberg lifts (Auffach) opened 05.12.2025 (published 05.12.25-06.04.26); villages Niederau/Oberau/Auffach, base = Schatzbergbahn valley station Auffach (Markbachjochbahn Niederau alternative); 2026/27 peak season 19.12.2026-12.03.2027 71.50 EUR, pre/late season 64.50, fixed prices; from Italy via Brenner-Inntal, no passes.",https://www.skijuwel.com/en/winter/tickets-and-prices | https://www.skijuwel.com/en/winter | https://www.tt.com/artikel/30922306/ski-juwel-alpbachtal-wildschoenau-startet-mit-wochenendbetrieb-in-die-wintersaison | https://alpinfans.com/viewtopic.php?t=2896 | https://www.skiresort.com/en/ski-resort/ski-juwel-alpbachtal-wildschoenau/ | https://www.skijuwel.com/en/webcams,medium
Zell am Ziller,,AT,Tyrol,Zillertal Arena,Non-glacier,2026-12-04,confirmed_2026_27,2500,150,82.0,82.0,EUR,published_2026_27,447,5.30,,3.0,3.0,"Decent lift-accessed off-piste around Gerlos/Königsleiten (Isskogel, Übergangsjoch bowls) but no contest history or guiding scene of note; touring limited to moderate day tours from Gerlos (Kreuzjoch, Salzachgeier, Wildgerlostal).",https://www.zillertalarena.com/en/information-services/live-cams-weather/live-cams/,"2025/26 area opened 05.12.2025 (Karspitzbahn Zell, Gerlos, Königsleiten); Rosenalmbahn Zell reopened 12.12.2025 after modernisation; 2026/27 official start 04.12.2026 for all valley lifts (skiinfo aggregator lists 05.12/12.12.2026 - conflict, official used); fixed price, 1-day from 08:00 82 EUR, 2+ days = Zillertaler Superskipass; from Italy via Brenner, no pass closures.",https://www.zillertalarena.com/en/winter/ski-area/operating-hours/ | https://www.zillertalarena.com/en/zell/winter/ski-pass-prices/ | https://www.zillertalarena.com/en/winter/ski-area/ | https://www.skiresort.com/en/ski-resort/zillertal-arena-zell-am-ziller-gerlos-koenigsleiten-hochkrimml/ | https://alpinfans.com/viewtopic.php?t=2885 | https://www.skiinfo.de/zillertal-arena/saisoneroeffnung-skigebiete | https://www.zillertalarena.com/en/information-services/live-cams-weather/live-cams/,high
Brixen im Thale,,AT,Tyrol,SkiWelt Wilder Kaiser-Brixental,Non-glacier,2026-12-05,confirmed_2026_27,1869,275,79.5,79.5,EUR,published_2026_27,466,5.58,,2.0,2.5,"Low rolling grass mountains (max 1869 m) with little serious off-piste and no freeride scene; touring limited to short easy tours (Hohe Salve, Brandstadl) with poor snow reliability.",https://www.skiwelt.at/en/webcams-in-winter.html,"Price = high season 19.12.2026-12.03.2027 79.50 EUR (low season 71.50), fixed table but online pre-sale discounts; max elevation from skiresort (official facts page gives none); 2025/26 weekend ops 29-30.11.2025 (Brixen linked), daily ops from 06.12.2025; base = Hochbrixen gondola valley station; from Italy via Brenner-Inntal.",https://www.skiwelt.at/en/ski-passes.html | https://www.skiwelt.at/en/skiwelt-season-start.html | https://media.skiwelt.at/de/frueher-saisonstart.html | https://www.skiwelt.at/en/skiwelt-wilder-kaiser-brixental.html | https://www.skiresort.com/en/ski-resort/skiwelt-wilder-kaiser-brixental/ | https://alpinfans.com/viewtopic.php?t=2861 | https://www.skiwelt.at/en/webcams-in-winter.html,medium
Ellmau,,AT,Tyrol,SkiWelt Wilder Kaiser-Brixental,Non-glacier,2026-12-05,confirmed_2026_27,1869,275,79.5,79.5,EUR,published_2026_27,470,5.62,,2.0,2.5,"Low rolling grass mountains (max 1869 m) with little serious off-piste and no freeride scene; touring limited to short easy tours (Hohe Salve, Brandstadl) with poor snow reliability.",https://www.skiwelt.at/en/webcams-in-winter.html,"Price = high season 19.12.2026-12.03.2027 79.50 EUR (low season 71.50), fixed table but online pre-sale discounts; max elevation from skiresort (official facts page gives none); 2025/26 weekend ops 29-30.11.2025, Ellmau daily ops from 05.12.2025 (others 06.12); Ellmau runs the extended season to 04.04.2027; Going shares the Ellmau sector; base = Hartkaiserbahn; from Italy via Brenner-Inntal.",https://www.skiwelt.at/en/ski-passes.html | https://www.skiwelt.at/en/skiwelt-season-start.html | https://media.skiwelt.at/de/frueher-saisonstart.html | https://www.skiwelt.at/en/skiwelt-wilder-kaiser-brixental.html | https://www.skiresort.com/en/ski-resort/skiwelt-wilder-kaiser-brixental/ | https://alpinfans.com/viewtopic.php?t=2861 | https://www.skiwelt.at/en/webcams-in-winter.html,medium
Hochkönig (Maria Alm–Dienten–Mühlbach),,AT,Salzburg,Hochkönig,Non-glacier,2026-12-05,confirmed_2026_27,1900,120,68.9,81.0,EUR,published_2026_27,522,6.60,,3.0,3.5,"Family/piste resort at 800-1,900 m with limited off-piste; the Hochkoenig massif offers classic ski tours (Uebergossene Alm/Birgkar, Dienten tours), so touring is a solid 3.5.",https://www.hochkoenig.at/en/winter/ski-area/webcams.html,"Ski amade dynamic pricing: main season 19.12.2026-26.03.2027 adult day online 68.90-81.00 EUR, ticket office 81.00 EUR; pre/post 64.50-75.50. 2025/26 first day is the officially planned 5 Dec 2025 (actual not independently confirmed). Ski amade 2026/27: Maria Alm to 4 Apr 2027, Dienten/Muehlbach to 29 Mar 2027. Base = Abergbahn valley station, Maria Alm-Hintermoos. Input skiresort_url pointed to Zillertal Arena; correct page used. No winter pass closures from Italy.",http://web.archive.org/web/20251206/https://www.hochkoenig.at/de/winter/skigebiet/lift-und-pistenstatus.html | https://www.alpinforum.com/forum/viewtopic.php?t=71572 | https://www.skiamade.com/pdf/tarife/Tageskartentarife-Hochkoenig-2026-27.pdf | https://www.skiamade.com/en/live-infos/winter-opening-times | https://www.hochkoenig.at/en/winter/ski-area/webcams.html | https://www.skiresort.com/en/ski-resort/hochkoenig-maria-alm-dienten-muehlbach/,medium
Hochzillertal–Hochfügen,,AT,Tyrol,Hochzillertal–Hochfügen (Kaltenbach/Fügen),Non-glacier,2026-12-05,confirmed_2026_27,2378,91,83.0,83.0,EUR,published_2026_27,440,5.23,,3.5,3.0,"Hochfügen's high basin is a well-known Tyrolean freeride spot (skiresort: 'paradise for freeriders', untouched slopes into spring); Tuxer Voralpen give popular but moderate day tours (Gilfert, Rastkogel).",https://www.hochzillertal.com/aktuelles/live-cams,"2025/26: Hochfügen weekend ops 22-23 and 29-30.11.2025, Kaltenbach weekend 29-30.11.2025, continuous daily ops from 05.12.2025; 2026/27 continuous ops published 05.12.2026-11.04.2027 (earlier weekend openings possible, not published); price is full-day ticket from 07:30, no seasonal split, 1 EUR less with guest card; official highest point 'almost 2,400 m' (skiresort 2378 m); from Italy via Brenner, no pass closures.",https://www.hochzillertal.com/preise/skipass-preise | https://www.hochzillertal.com/ | https://www.meinbezirk.at/schwaz/c-lokales/hochzillertal-kaltenbach-startet-am-2911-in-die-skisaison_a7841921 | https://alpinfans.com/viewtopic.php?t=2887 | https://www.skiresort.com/en/ski-resort/kaltenbach-hochzillertal-hochfuegen-ski-optimal/ | https://www.hochzillertal.com/aktuelles/live-cams,medium
Hopfgarten im Brixental,,AT,Tyrol,SkiWelt Wilder Kaiser-Brixental,Non-glacier,2026-12-05,confirmed_2026_27,1869,275,79.5,79.5,EUR,published_2026_27,459,5.43,,2.0,2.5,"Low rolling grass mountains (max 1869 m) with little serious off-piste and no freeride scene; touring limited to short easy tours (Hohe Salve, Brandstadl) with poor snow reliability.",https://www.skiwelt.at/en/webcams-in-winter.html,"Price = high season 19.12.2026-12.03.2027 79.50 EUR (low season 71.50), fixed table but online pre-sale discounts; max elevation from skiresort (official facts page gives none); 2025/26 weekend ops 29-30.11.2025 (Salvenbahn I ran, linked to Brixen/Scheffau/Ellmau/Söll), daily ops from 06.12.2025; Itter shares the Hopfgarten sector; base = Salvenbahn I valley station; from Italy via Brenner-Inntal.",https://www.skiwelt.at/en/ski-passes.html | https://www.skiwelt.at/en/skiwelt-season-start.html | https://media.skiwelt.at/de/frueher-saisonstart.html | https://www.skiwelt.at/en/skiwelt-wilder-kaiser-brixental.html | https://www.skiresort.com/en/ski-resort/skiwelt-wilder-kaiser-brixental/ | https://alpinfans.com/viewtopic.php?t=2861 | https://www.skiwelt.at/en/webcams-in-winter.html,medium
Scheffau,,AT,Tyrol,SkiWelt Wilder Kaiser-Brixental,Non-glacier,2026-12-05,confirmed_2026_27,1869,275,79.5,79.5,EUR,published_2026_27,464,5.53,,2.0,2.5,"Low rolling grass mountains (max 1869 m) with little serious off-piste and no freeride scene; touring limited to short easy tours (Hohe Salve, Brandstadl) with poor snow reliability.",https://www.skiwelt.at/en/webcams-in-winter.html,"Price = high season 19.12.2026-12.03.2027 79.50 EUR (low season 71.50), fixed table but online pre-sale discounts; max elevation from skiresort (official facts page gives none); 2025/26 weekend ops 29-30.11.2025 (Brandstadl I+II ran), daily ops from 06.12.2025; base = Brandstadl gondola valley station; from Italy via Brenner-Inntal.",https://www.skiwelt.at/en/ski-passes.html | https://www.skiwelt.at/en/skiwelt-season-start.html | https://media.skiwelt.at/de/frueher-saisonstart.html | https://www.skiwelt.at/en/skiwelt-wilder-kaiser-brixental.html | https://www.skiresort.com/en/ski-resort/skiwelt-wilder-kaiser-brixental/ | https://alpinfans.com/viewtopic.php?t=2861 | https://www.skiwelt.at/en/webcams-in-winter.html,medium
Söll,,AT,Tyrol,SkiWelt Wilder Kaiser-Brixental,Non-glacier,2026-12-05,confirmed_2026_27,1869,275,79.5,79.5,EUR,published_2026_27,460,5.46,,2.0,2.5,"Low rolling grass mountains (max 1869 m) with little serious off-piste and no freeride scene; touring limited to short easy tours (Hohe Salve, Brandstadl) with poor snow reliability.",https://www.skiwelt.at/en/webcams-in-winter.html,"Price = high season 19.12.2026-12.03.2027 79.50 EUR (low season 71.50), fixed table but online pre-sale discounts; max elevation from skiresort (official facts page gives none); 2025/26 weekend ops 29-30.11.2025 with Söll linked to Hopfgarten-Brixen-Scheffau-Ellmau, daily ops from 06.12.2025; base = Hexenwasser gondola (Hochsöll) valley station; from Italy via Brenner-Inntal, no passes.",https://www.skiwelt.at/en/ski-passes.html | https://www.skiwelt.at/en/skiwelt-season-start.html | https://media.skiwelt.at/de/frueher-saisonstart.html | https://www.skiwelt.at/en/skiwelt-wilder-kaiser-brixental.html | https://www.skiresort.com/en/ski-resort/skiwelt-wilder-kaiser-brixental/ | https://alpinfans.com/viewtopic.php?t=2861 | https://www.skiwelt.at/en/webcams-in-winter.html,medium
Westendorf,,AT,Tyrol,SkiWelt Wilder Kaiser-Brixental,Non-glacier,2026-12-05,confirmed_2026_27,1869,275,79.5,79.5,EUR,published_2026_27,464,5.54,,2.0,2.5,"Low rolling grass mountains (max 1869 m) with little serious off-piste and no freeride scene; touring limited to short easy tours (Hohe Salve, Brandstadl) with poor snow reliability.",https://www.skiwelt.at/en/webcams-in-winter.html,"Price = high season 19.12.2026-12.03.2027 79.50 EUR (low season 71.50), fixed table but online pre-sale discounts; max elevation from skiresort (official facts page gives none); 2025/26 weekend ops 29-30.11.2025 but Westendorf sector ran without link to the main area until daily ops 06.12.2025; base = Alpenrosenbahn valley station; from Italy via Brenner-Inntal.",https://www.skiwelt.at/en/ski-passes.html | https://www.skiwelt.at/en/skiwelt-season-start.html | https://media.skiwelt.at/de/frueher-saisonstart.html | https://www.skiwelt.at/en/skiwelt-wilder-kaiser-brixental.html | https://www.skiresort.com/en/ski-resort/skiwelt-wilder-kaiser-brixental/ | https://alpinfans.com/viewtopic.php?t=2861 | https://www.skiwelt.at/en/webcams-in-winter.html,medium
Wildkogel (Neukirchen–Bramberg),,AT,Salzburg,Wildkogel-Arena,Non-glacier,2026-12-05,confirmed_2026_27,2150,75,72.0,72.0,EUR,published_2026_27,494,6.13,,3.0,3.5,"Family-oriented Kitzbuehel-Alps grass terrain with little committed off-piste; Neukirchen is a decent local touring base (Wildkogel touring routes, Habach/Untersulzbach valleys into the Venediger group) with limited variety.",https://www.wildkogel-arena.at/en/wildkogel-arena/webcams.html,"Single day price all winter (no high/low season, no dynamic pricing); 2026/27 season 05.12.2026-08.12.2026 and 11.12.2026-04.04.2027. 2025/26 start 5 Dec 2025 per official pre-season press (actual day not independently confirmed). Elevation/km cross-checked on skiresort.com. From Italy via Felbertauern tunnel (toll) or Gerlos Alpine Road (open in winter, toll).",https://www.wildkogel-arena.at/en/mountain-lifts-wildkogel/opening-times-and-prices-winter.html | https://media.wildkogel-arena.at/de/winter-2025-26-ski.html | https://www.presseportal.de/pm/170196/6144248 | https://www.skiresort.com/en/ski-resort/wildkogel-neukirchen-bramberg/,medium
Kappl,,AT,Tyrol,Kappl (Paznaun),Non-glacier,2026-12-11,confirmed_2026_27,2690,85,73.0,73.0,EUR,published_2026_27,372,5.02,,4.0,3.5,Regular Open Faces FWQ 3* venue and host of Freeride Junior World Championships (Quellspitze faces); touring in Paznaun/Verwall decent but less known than Galtuer.,https://www.kappl-see.com/en/live-info/webcams,"No Kappl-only day ticket: 1-day pass covers Kappl and See (approx. 85 km, 20 lifts); Kappl alone approx. 36-42 km. Single fixed price all season (73 EUR 2026/27). New 10-seat Diasbahn opened Dec 2025. Elevation from skiresort.com. skiinfo.de lists 19 Dec 2026 as planned opening vs official 11 Dec.",https://www.kappl-see.com/en/tickets-prices/operating-times-prices | https://www.kappl.com/de/veranstaltungen-erlebnisse/topevents/skischaukel-opening-neuer-ffnung-diasbahn_event_117588079 | https://www.kappl.com/en/bergbahnen-kappl/facilities/diasbahn-new | https://www.skiresort.com/en/ski-resort/kappl/ | https://www.bergfex.com/kappl/preise/,medium
Nauders,,AT,Tyrol,Nauders am Reschenpass,Non-glacier,2026-12-11,estimated_from_2025_26,2750,75,70.0,70.0,EUR,published_2026_27,255,4.39,,3.0,3.5,"Mainly on-piste family area with 11 km ski routes; decent local touring on the Reschen ridge (Piz Lad, Zehnerkopf, Schwarze Wand) but limited variety.",https://www.bergfex.com/nauders/webcams/,"Reschenpass (1504 m) open in winter: most direct Milan route via Bolzano/Val Venosta. 2026/27 adult day pass 70 EUR in all high/low/top periods (pre/late season 45.50) per bergfex price list; online pre-sale cheaper (2025/26 'from 67'). Multi-day passes cover the Two-Country Skiarena with Schoeneben/Haideralm (IT). Base = Bergkastelbahn valley station. Aggregator/press lists a provisional 2026/27 opening of 2026-12-05, not confirmed by the operator; date shown is the 2025/26 opening shifted.",https://www.bergfex.com/nauders/preise/ | https://www.skiresort.com/en/ski-resort/nauders-am-reschenpass-bergkastel/ | https://blog.post-nauders.com/skigebiet-bergkastel-neuigkeiten-und-besonderheiten-2025/ | https://www.skiinfo.de/tirol/nauders/skipaesse | https://www.skiinfo.de/tirol/saisoneroeffnung-skigebiete,medium
Heiligenblut – Großglockner,,AT,Carinthia,Grossglockner Heiligenblut,Non-glacier,2026-12-18,confirmed_2026_27,2902,55,,,EUR,,457,5.86,,3.5,4.0,"Official 1,500 ha Freeride Arena in 6 sectors with 5 ski routes, freeride checkpoint and Open Faces FWQ contests justify 4.0; Heiligenblut is a classic high-alpine touring base of the Glockner/Goldberg groups (Hoher Sonnblick, Schareck, Glocknerrunde) with strong guide culture. Calibrated to 3.5 (modest lift network).",https://heiligenblut.at/en/webcams/,"Dynamic pricing (skisport.com/Grossglockner): 2026/27 day tickets advertised 'from 44.50 EUR', season pass 520/650 EUR; no fixed peak-window day price published, so price left blank - coordinator may query the online shop for a Christmas/February date. skiresort.com gives 19.12.2026 as 2026/27 start vs 18.12.2026 on heiligenblut.at. Grossglockner Hochalpenstrasse closed in winter - access from Italy via Lienz-Iselsberg pass (B107, open) or Spittal-Moelltal-Winklern. Base = Rossbach valley station (Schareckbahn), Heiligenblut. Official lift-company domain grossglockner-heiligenblut.at timed out; skisport.com/grossglockner used.",http://web.archive.org/web/20251212/https://skisport.com/Grossglockner/de/ | https://skisport.com/grossglockner/de/skigebiet | https://skisport.com/grossglockner/de/tickets-preise-1 | https://heiligenblut.at/en/winter/skigebiet-grossglockner-heiligenblut/ | https://heiligenblut.at/en/webcams/ | https://www.skiresort.com/en/ski-resort/grossglockner-heiligenblut/,low
Vent,,AT,Tyrol,Vent (Ötztal),Non-glacier,2026-12-18,estimated_from_2025_26,2646,15,51.0,51.0,EUR,estimated_from_2025_26,488,6.06,,3.0,4.5,"Tiny lift area (4 lifts) but Austria's classic high-alpine touring base: Venter Skirunde multi-day hut tour, Wildspitze, Similaun, Weisskugel, local guide office.",https://www.bergfex.com/vent/webcams/,"Included for ski touring (criterion 3). Single fixed 1-day price 51 EUR (2025/26). Road Soelden-Vent open in winter (temporary avalanche closures possible); Timmelsjoch closed. Elevation from skiresort.com. Base = Wildspitze double chair valley station in Vent (OSM). Aggregator/press lists a provisional 2026/27 opening of 2026-12-19, not confirmed by the operator; date shown is the 2025/26 opening shifted. Milan route forced via Ötztal Bahnhof to avoid closed Timmelsjoch.",https://www.oetztal.com/en/activities/winter/skiing-snowboarding/vent-ski-area/skipass-prices | https://www.skiresort.com/en/ski-resort/vent/ | https://www.bergfex.com/vent/ | https://www.skiinfo.de/tirol/saisoneroeffnung-skigebiete,medium
Engelberg,,CH,Obwalden,Engelberg–Titlis,Glacier + non-glacier,2026-10-10,confirmed_2026_27,3020,82,69.0,69.0,CHF,estimated_from_2025_26,250,3.26,,5.0,5.0,"Rubric example for both: Laub, Galtiberg and Steinberg glacier descents with 2000 m vertical, freeride guiding scene (Engelberg Mountain Guide, FWQ history); touring hub with Titlis, Sustenhorn, Jochpass/Engstlen, Spannort and Trift huts and strong guide culture.",https://www.engelberg.ch/en/webcams/,"Glacier autumn operation: Titlis glacier skiing opened 11.10.2025 (bergfex season data and regional press announcement; Blick 22.10.2025 lists Titlis among open areas); winter 2026/27 published start 10.10.2026 to 02.05.2027. Dynamic online pricing for the destination ski pass ('book early and reap the rewards'); titlis.ch blocks automated access (HTTP 429) and engelberg.ch only lists sub-area prices (Brunni day ticket CHF 48), so the adult peak day price is left blank - check titlis.ch shop. Titlis Rotair closed for maintenance 03-14.11.2025. Base = Titlis Xpress valley station Engelberg (car park). Route from Milan via Gotthard road tunnel-Stans-Engelberg, no pass closures. Dynamic pricing: skiinfo lists CHF 69 (2025/26) for an adult day pass, entry price from CHF 51 (titlis.ch).",https://www.bergfex.com/engelberg/ | https://www.skiresort.com/en/ski-resort/titlis-engelberg/ | https://www.engelberg.ch/en/cable-cars/prices-winter/ | https://www.engelberg.ch/en/webcams/ | https://news.google.com/rss/search?q=Titlis+Skisaison+startet+11.+Oktober+2025 | https://www.titlis.ch/en/tickets,medium
Diavolezza–Lagalb (Pontresina),,CH,Graubünden,Engadin St. Moritz (Val Bernina: Diavolezza–Lagalb; regional Engadin pass),Glacier + non-glacier,2026-10-17,confirmed_2026_27,3006,35,55.0,70.0,CHF,published_2026_27,185,3.25,,4.0,4.5,"Glacier freeride classic: 10 km Diavolezza-Morteratsch glacier run (longest secured glacier descent in CH), steep Lagalb faces and 10 km of marked ski routes, guiding via Pontresina; touring per rubric example (Bernina 4.5): Piz Palue, Bellavista, Piz Morteratsch, Piz Cambrena, Diavolezza/Boval huts, Bernina pass tours.",https://www.mountains.ch/de/webcam/,"Autumn operation: opened for skiing 18.10.2025 as the first Swiss non-glacier-piste ski area (press headlines Engadiner Post 18.10.2025, Presseportal 15.10.2025); skiresort.com season pattern mid-Oct to mid-Nov, then mid-Dec to early May (2026/27: 17.10.2026-02.05.2027). Pistes are on the Diavolezza/Lagalb slopes, the glacier descent is an unprepared marked route - hence Glacier + non-glacier. Engadin regional pass with Snow-Deal dynamic pricing ('from CHF 55', peak not published); a Diavolezza-only ticket may exist (not verified). Base = Diavolezza valley station on the Bernina pass road (car park); Bernina pass kept open in winter, direct route from Milan via Tirano-Poschiavo (Italian side). Engadin Snow-Deal dynamic pricing from CHF 55; CHF 70 for Sat 24 Jan 2026 (Blick comparison); no upper cap published.",https://www.skiresort.com/en/ski-resort/diavolezza-lagalb/ | https://news.google.com/rss/search?q=Diavolezza+Skisaison+eroeffnet+Oktober+2025 | https://www.presseportal.ch/de/suche/?q=Diavolezza | https://www.engadin.ch/en/guide/mountains-railways/mountain-railway-tariffs/winter-tariffs-mountain-railways/snow-deal | https://www.mountains.ch/de/webcam/,medium
Mürren – Schilthorn,,CH,Bern,Jungfrau Ski Region (Mürren-Schilthorn),Non-glacier,2026-10-31,estimated_from_2025_26,2970,211,83.0,83.0,CHF,estimated_from_2025_26,329,4.52,Stechelberg,4.0,4.0,"Steep, high-vertical off-piste from Schilthorn/Birg (Engetal couloirs, Kanonenrohr, Blumental, Schilthorn north-side itineraries) and the Inferno race heritage, but no FWT/FWQ venue history; touring: Sefinenfurgge, Rottal, Tschingelhorn/Petersgrat and Bluemlisalp-hut classics from Stechelberg/Muerren with Lauterbrunnen-valley guides.",https://schilthorn.ch/en/Infos/Live?c=1,"Car-free: road head Stechelberg (Schilthornbahn valley station, direct cable car to Muerren; alternative Lauterbrunnen via BLM cable car + train, both with car parks). 2025/26: weekend-only skiing 1/2, 8/9, 15/16 Nov 2025 (Muerren-Birg cable car, Riggli chair, Engetal pistes), continuous from 22.11.2025 to 26.04.2026. 2026/27 date 07.11.2026 is from skiresort.com (official jungfrau.ch pass validity starts 21.11.2026) - verify with Schilthornbahn. Fixed prices as Jungfrau Ski Region (CHF 79/83 high season 2025/26; pass valid uphill only on Muerren-Schilthorn top section). Schilthorn summit closed during 2025 cable-car rebuild, final new section opened 02.04.2026. Aggregator/press lists a provisional 2026/27 opening of 2026-11-07, not confirmed by the operator; date shown is the 2025/26 opening shifted. Milan route forced via Lucerne to avoid closed Susten.",https://www.plattformj.ch/artikel/237299/ | https://schilthorn.ch/cmsfiles/posts/documents/preisliste-jungfrau-ski-region_2025_2026.pdf | https://newsroom.de.schilthorn.ch/ | https://www.skiresort.com/en/ski-resort/schilthorn-muerren-lauterbrunnen/ | https://www.skiresort.com/en/snow-reports/seasonstart/jungfrau-region/ | https://www.jungfrau.ch/de-ch/jungfrau-ski-region/muerren-schilthorn/,medium
Saas-Fee,,CH,Valais,Saas-Fee (Saastal),Glacier + non-glacier,2026-10-31,confirmed_2026_27,3573,100,84.0,84.0,CHF,published_2026_27,226,3.30,Saas-Fee,4.0,4.5,"Glacier-based off-piste (Feechopf, Längfluh, Plattjen) with strong guide offices; classic 4000er ski tours (Allalinhorn, Alphubel, Strahlhorn, Britannia hut) give reliable high-alpine touring.",https://www.saas-fee.ch/en/webcams,"Glacier summer/autumn skiing from 12 Jul 2025 (2025/26) and 18 Jul 2026 (skiresort 2026/27 season 18 Jul 2026–18 Apr 2027); official season statement 'Saas-Fee 1 Nov 2026–18 Apr 2027' while the timetable shows first winter lifts Sat 31 Oct 2026. Fixed 1-day adult CHF 84 (2026/27, Saas-Fee + Saas-Almagell). Car-free village: car journey ends at the Parkhaus at the village entrance. Official 'up to 3600 m'; skiresort 3573 m. From Italy via Simplon.",https://www.saas-fee.ch/en/winter-in-the-saas-valley | https://www.saas-fee.ch/en/services-informationen/prices-timetables-cable-cars/timetables-cable-cars/timetables-cable-cars/winter/saas-fee | https://www.saas-fee.ch/en/winter-in-the-saas-valley/ski-pass-prices/saas-fee | https://www.skiresort.com/en/ski-resort/saas-fee/ | https://www.watson.ch/schweiz/winter/423823282-skigebiete-schweiz-saisonstart-und-saisonende | https://www.blick.ch/fr/suisse/montagne-ces-stations-de-ski-sont-deja-ouvertes-au-public/d16tb7x,medium
Zermatt,,CH,Valais,Matterhorn Ski Paradise (Zermatt–Cervinia),Glacier + non-glacier,2026-11-01,year_round_glacier,3883,200,88.0,96.0,CHF,estimated_from_2025_26,230,3.35,Täsch,5.0,5.0,"World-class off-piste (Stockhorn/Rote Nase, Schwarztor, Klein Matterhorn glacier itineraries) with deep guide culture; Haute Route terminus and 4000er ski tours (Breithorn, Monte Rosa) make it a global touring hub.",https://www.matterhornparadise.ch/en/information/webcams,"Year-round glacier skiing (365 days, Matterhorn glacier paradise). 2025/26 winter timetable from 1 Nov 2025 (Klein Matterhorn–Trockener Steg), other sectors 29 Nov and 6 Dec 2025; 2026/27 winter product 1 Nov 2026–3 May 2027. Dynamic pricing: official page shows only 'from CHF 89' (Zermatt) and 'from CHF 104' (International) for 2026/27; skiinfo lists Zermatt day pass CHF 96, skiresort CHF 116 (likely International peak). Car-free: park at Matterhorn Terminal Täsch (shuttle train). Official top 3883 m; skiresort 3899 m. From Italy via Simplon (car train Iselle–Brig as backup). Price range: CHF 88 (Sat 24 Jan 2026, Blick comparison) to CHF 96 (skiinfo list); International pass up to about CHF 116.",https://www.matterhornparadise.ch/en/information/tickets-prices/ski-passes | https://www.matterhornparadise.ch/en/experience/skiing | https://www.matterhornchalets.com/2025/10/25/zermatt-opening-dates-winter-2025-26/ | https://www.watson.ch/schweiz/winter/423823282-skigebiete-schweiz-saisonstart-und-saisonende | https://www.skiinfo.de/wallis/zermatt/skipaesse | https://www.skiresort.com/en/ski-resort/zermatt-breuil-cervinia-valtournenche-matterhorn/ | https://www.matterhornparadise.ch/en/information/operating-hours/lifts-and-pistes,medium
Les Diablerets – Glacier 3000,,CH,Vaud,"Villars–Gryon–Les Diablerets / Glacier 3000 (Alpes Vaudoises, Gstaad)",Glacier + non-glacier,2026-11-07,confirmed_2026_27,3016,28,79.0,79.0,CHF,estimated_from_2025_26,315,4.40,,3.5,3.5,"Glacier freeride itineraries (Combe d'Audon/Black Wall, Martisberg) and a dedicated ski-tourer gondola; touring to Les Diablerets summit, Oldenhorn and Sanetsch.",https://www.glacier3000.ch/en/webcams/,Base = Col du Pillon cable car (drive-to; Col du Pillon kept open in winter). Glacier skiing typically early Nov to late Apr/May (skiresort 2026/27: 7 Nov 2026–30 Apr 2027; official ticketing lists Magic Pass winter 07.11.2026–30.04.2027). Les Diablerets village slopes (Meilleret) are on the Villars–Gryon–Les Diablerets pass (bergfex village season 5 Dec 2025). bergfex CHF 84 = Vaud Alps pass; skiresort Glacier 3000 CHF 79. From Italy via Great St Bernard tunnel or Simplon.,https://www.glacier3000.ch/en | https://www.glacier3000.ch/en/ticketing/ | https://www.24heures.ch/glacier-3000-la-saison-de-ski-ouvrira-le-8-novembre-109965196398 | https://www.watson.ch/schweiz/winter/423823282-skigebiete-schweiz-saisonstart-und-saisonende | https://www.skiresort.com/en/ski-resort/glacier-3000-les-diablerets/ | https://www.bergfex.com/les-diablerets/ | https://www.skiresort.com/en/snow-reports/seasonstart/switzerland/,medium
Davos,,CH,Graubünden,Davos Klosters (Parsenn/Jakobshorn/Pischa/Rinerhorn/Madrisa/Schatzalp),Non-glacier,2026-11-13,confirmed_2026_27,2844,255,86.0,86.0,CHF,estimated_from_2025_26,243,3.48,,4.0,4.0,"Rubric example (4.0/4.0): Parsenn/Weissfluh long off-piste descents to the Praettigau, Pischa as dedicated freeride mountain, Jakobshorn side-country, historic Parsenn Derby; touring: Fluela and Dischma/Sertig valleys, Fluela Schwarzhorn, Piz Grialetsch, Kesch and Silvretta hut tours - many documented day tours.",https://www.davosklostersmountains.ch/de/mountains/winter/live-info/webcams,"2025/26: Parsenn opened 07.11.2025 (a week earlier than planned, weekends only), continuous operation from 21.11.2025 (official news). Dynamic online pricing (cheaper online/early); CHF 86 = skiresort.com main-season adult figure, official peak range not published as a table. Access from Milan: Flueela pass closed in winter - via the Engadin and the Vereina car train (Sagliains-Klosters) or via San Bernardino-Chur-Landquart-Klosters-Wolfgang (road open). Base = Parsennbahn funicular valley station Davos Dorf (car park); Jakobshorn base at Davos Platz.",https://www.davosklostersmountains.ch/de/mountains/aktuelles/news-blog/Winter-Saisonstart-Davos-Klosters_bba_13823 | https://www.davosklostersmountains.ch/de | https://www.skiresort.com/en/ski-resort/parsenn-davos-klosters/ | https://www.davosklostersmountains.ch/de/mountains/winter/live-info/webcams,medium
Klosters,,CH,Graubünden,Davos Klosters (Parsenn via Gotschna / Madrisa),Non-glacier,2026-11-13,confirmed_2026_27,2844,255,86.0,86.0,CHF,estimated_from_2025_26,254,3.67,,4.0,4.0,"Shares Parsenn with Davos (Gotschnawang/Drostobel and Parsenn descents to Kueblis and Klosters are freeride classics) plus Madrisa off-piste; touring: Silvretta and Vereina huts, Madrisa-Gargellen crossing, Casanna/Weissfluh tours - many documented day tours.",https://www.davosklostersmountains.ch/de/mountains/winter/live-info/webcams,"2025/26 date refers to the shared Parsenn area (opened from the Davos side 07.11.2025, weekends); the Klosters Gotschnabahn may have started later (daily operation from 21.11.2025) - verify. Madrisa (Klosters Dorf) opens later (2026/27: 17.12.2026 per skiresort.com). Same dynamic pricing and CHF 86 list figure as Davos. Base = Gotschnabahn valley station Klosters Platz (railway station, car park). Access from Milan via the Engadin + Vereina car train (Sagliains-Klosters Selfranga) or via Chur-Landquart-Klosters; Flueela closed.",https://www.davosklostersmountains.ch/de/mountains/aktuelles/news-blog/Winter-Saisonstart-Davos-Klosters_bba_13823 | https://www.skiresort.com/en/ski-resort/parsenn-davos-klosters/ | https://www.skiresort.com/en/ski-resort/madrisa-davos-klosters/ | https://www.davosklostersmountains.ch/de,medium
Andermatt,,CH,Uri,SkiArena Andermatt-Sedrun-Disentis (Gemsstock + Naetschen-Oberalp-Sedrun),Non-glacier,2026-11-14,confirmed_2026_27,2961,180,89.0,89.0,CHF,estimated_from_2025_26,186,2.42,,4.5,5.0,"Rubric example: Gemsstock is a top-tier lift-served freeride mountain (Guspis, Felsental, Giraffe, Sonnenpiste variants) with strong guiding scene and FWQ/Open Faces history; touring hub of the Gotthard/Urseren region (Pizzo Centrale, Piz Badus, Maighels and Vermigel huts, Winterluecke-Realp classics) with deep guide culture.",https://www.andermatt-sedrun-disentis.ch/de/webcam,"Dynamic pricing: day-pass prices set daily (weekday, booking date, weather); CHF 89 = skiresort.com main-season adult figure (skiinfo 2024/25 list also 89), official 2025/26 peak range not published as a table - dynamic pricing. 2025/26 Gemsstock first ski day not found (Urner Zeitung reports season-opening event 09.12.2025; regional press indicates Central Swiss resorts started ~22.11.2025) - verify. Oberalp pass closed in winter (Andermatt-Sedrun link by ski/train only, car train not counted); from Milan via Gotthard road tunnel and Schoellenen road (open). Base = Andermatt railway station / Guetsch-Express valley station car parks; Gemsstock cable car 500 m away. 2026/27 date is a resort-supplied season entry on an aggregator (skiresort.com/bergfex); no operator publication found and no 2025/26 date available.",https://www.skiresort.com/en/ski-resort/gemsstock-andermatt/ | https://www.skiresort.com/en/ski-resort/andermatt-oberalp-sedrun/ | https://www.andermatt-sedrun-disentis.ch/en/ | https://www.skiinfo.de/zentralschweiz/andermatt-sedrun/skipaesse | https://news.google.com/rss/search?q=Andermatt+Gemsstock+Saisonstart+2025,low
Nendaz,,CH,Valais,4 Vallées (Printse sector: Nendaz–Veysonnaz–Thyon),Glacier + non-glacier,2026-11-14,confirmed_2026_27,2700,220,79.0,79.0,CHF,published_2026_27,262,3.75,,4.0,4.0,"Nendaz Freeride FWQ venue (Mont Gond) plus Tortin/Gentianes/Mont Fort off-piste and 6 marked freetracks; documented day tours (Rosablanche, Cleuson/Prafleuri) and a Haute Route variant via Cabane de Prafleuri.",https://www.nendaz.ch/en/Z13326/webcams,"Max 3330 m (Mont Fort, co-managed by NV Remontées Mécaniques and Téléverbier) requires the 4 Vallées pass (CHF 94 in 2026/27); Printse pass tops out lower (Greppon Blanc/Plan du Fou). Printse 1-day adult CHF 79 per skiinfo (2026/27); official shop uses online discounts (page data shows 'from CHF 62'). Base = Haute-Nendaz Tracouet gondola. From Italy via Great St Bernard tunnel or Simplon. Top of local Printse pass ~2700 m (Greppon Blanc); Mont Fort 3330 m reachable only with the full 4 Vallées pass.",https://www.nendaz.ch/en/Z13484/ski-area | https://www.skiinfo.fr/valais/veysonnaz/forfaits-de-ski | https://shop.nendazveysonnaz.ch/en/products/ski-printse | https://www.bergfex.com/nendaz/preise/ | https://www.skiresort.com/en/ski-resort/4-vallees-verbier-la-tzoumaz-nendaz-veysonnaz-thyon/ | https://www.blick.ch/fr/suisse/romande/ski-des-stations-romandes-ouvrent-des-ce-week-end/69hvzcj | https://www.skiinfo.fr/valais/dates-ouverture-stations | https://www.skiresort.com/en/snow-reports/seasonstart/switzerland/,medium
Gstaad,,CH,Bern,"Gstaad Mountain Rides (Saanenland: Rinderberg-Saanersloch-Horneggli, Eggli-La Videmanette, Wispile, Wasserngrat)",Non-glacier,2026-11-20,confirmed_2026_27,2151,200,84.0,94.0,CHF,published_2026_27,332,4.71,,3.0,3.5,"Low, gentle terrain (mostly below 2200 m) with limited off-piste (Videmanette, Wasserngrat) and no freeride event history; touring is pleasant but moderate: Wispile, Hornfluh, Lauenen/Wildhorn hut and Gsteig/Sanetsch tours, Glacier 3000 approaches, local guide offices.",https://bergbahnen-gstaad.ch/en/winter/information/webcams,"2025/26: first lifts (Saanersloch-Hornberg) opened 28.11.2025, full operation reached by 20.12.2025; Glacier 3000 (Les Diablerets, 3016 m) opened 08.11.2025 but is NOT included in the 1-day Gstaad ticket (included in multi-day tickets, separate day ticket sold). Max elevation 2151 m = La Videmanette (Rougemont), Rinderberg/Saanersloch sector tops at 2011 m. Pricing: from 2026/27 day tickets have fixed seasonal prices (dynamic pricing dropped for day/half-day tickets, kept for multi-day); CHF 94 = skiresort.com main-season 2026/27 figure, official price table only inside the ticketcorner shop (2026/27 group day ticket CHF 76 for 10+ pax) - verify. Magic Pass partner since 2025/26. Base = Gstaad Eggli gondola valley station car park. Route from Milan via Simplon-Montreux-Col des Mosses or Bern-Zweisimmen; no winter pass closure. CHF 84 = 2025/26 peak-season fixed day ticket (Blick); CHF 94 = 2026/27 figure per skiresort.com (official table only in Ticketcorner).",https://www.presseportal.ch/de/pm/100097903/100936912 | https://bergbahnen-gstaad.ch/en/winter/tariffs-shop/winter-tariff-overview | https://bow.datacycle.cloud/assets/preisliste-gruppen-en-wi-26-27-1.pdf | https://bergbahnen-gstaad.ch/en/winter | https://www.skiresort.com/en/ski-resort/rinderberg-saanersloch-horneggli-zweisimmen-saanenmoeser-schoenried-st-stephan/ | https://www.skiinfo.de/gstaad-und-umgebung/gstaad/skipaesse,medium
Arolla,,CH,Valais,Arolla (Val d'Hérens),Non-glacier,2026-11-21,confirmed_2026_27,2877,27,50.0,50.0,CHF,estimated_from_2025_26,283,4.15,,3.0,4.5,"Few lifts but wild off-piste; Arolla is a classic Haute Route stage with Pigne d'Arolla, Mont Blanc de Cheilon and Vignettes/Dix hut tours and a long guide tradition.",https://www.arolla.com/webcam/index.php,"Small lift area: 2026/27 weekends and holidays from 21 Nov 2026, season to 18 Apr 2027 (skiresort same). Espace Dent-Blanche pass links Arolla/Evolène/La Forclaz (>100 km, 1400–3000 m). bergfex shows only the CHF 50 pre/late-season 2025/26 price (skiresort also 50). Base = Arolla village lifts (drive-to). From Italy via Great St Bernard tunnel or Simplon (Sion–Val d'Hérens).",https://www.evolene-region.ch/fr/commerces-services/sommaire-portail-general-evo/mobilite-et-transports/sommaire-portail-general-evo/remontees-mecaniques-hiver/espace-dent-blanche-evolene-region | https://www.arolla.com/ | https://www.bergfex.com/arolla/preise/ | https://www.skiresort.com/en/ski-resort/arolla/ | https://www.skiresort.com/en/snow-reports/seasonstart/switzerland/ | https://www.skiinfo.fr/valais/dates-ouverture-stations,medium
Corvatsch – Silvaplana/Sils,,CH,Graubünden,Engadin St. Moritz (Corvatsch–Furtschellas; regional Engadin pass),Glacier + non-glacier,2026-11-21,confirmed_2026_27,3303,120,55.0,70.0,CHF,published_2026_27,165,3.01,,4.0,4.5,"Strong glacier-based freeride from the 3303 m summit (Corvatsch glacier descents, Fuorcla Surlej, Hahnensee itinerary, 'big-mountain feel' per skiresort.com) with local guiding but no FWT stop; touring per rubric example (Sils/Bernina 4.5): Piz Corvatsch, Fuorcla Surlej-Roseg, Piz Fora/Val Fex, Coaz and Tschierva huts.",https://www.mountains.ch/de/webcam/,"Official press release 'Sportberg Corvatsch eroeffnet Wintersaison' (19.11.2025): 'Am kommenden Samstag, 22. November 2025, startet der Corvatsch in die Skisaison' (Corvatsch Snow Night, Superpipe). Same Engadin regional pass and Snow-Deal dynamic pricing as St. Moritz ('from CHF 55', peak price not published). Base = Corvatsch cable-car valley station Surlej (Silvaplana), large car park; Furtschellas base at Sils. Route from Milan via Chiavenna-Maloja (open, Surlej is 10 min from Maloja side) or Bernina pass; Julier open. Engadin Snow-Deal dynamic pricing from CHF 55; CHF 70 for Sat 24 Jan 2026 (Blick comparison); no upper cap published.",https://www.skiresort.com/en/ski-resort/corvatsch-furtschellas/ | https://www.presseportal.ch/de/pm/100062485/100936711 | https://www.engadin.ch/en/guide/mountains-railways/mountain-railway-tariffs/winter-tariffs-mountain-railways/snow-deal | https://www.skiinfo.de/graubuenden/corvatsch/skipaesse | https://www.mountains.ch/de/webcam/,low
Flumserberg,,CH,St. Gallen,Flumserberg,Non-glacier,2026-11-21,estimated_from_2025_26,2222,65,74.0,74.0,CHF,estimated_from_2025_26,268,3.53,,3.0,3.5,"Mainly groomed family/intermediate resort with a few short off-piste variants below Leist/Maschgenkamm and no freeride event history; touring is decent locally (Spitzmeilen hut, Wissmilen, Magerrain tours from Tannenboden/Prodkamm) but limited variety.",https://www.flumserberg.ch/webcam,"2025/26: press headlines (Linth24 21.11.2025 'Flumserberg startet Wintersaison', Vaterland 20.11.2025 'Pizol und Flumserberg starten frueher') indicate a start on the weekend of 22.11.2025 (exact first day 21 or 22.11 - verify). 2026/27: official page says start is flexible, expected late November/early December, season ends 29.03.2027 (skiresort.com placeholder 16.11.2026 not used). Price CHF 74 = skiresort.com main-season adult figure (skiinfo 2024/25 listed 68); official tariff page loads prices dynamically - verify. SeeJet gondola (Unterterzen) closed for revision 30.03-11.06.2027. Base = Tannenboden (Tannenbodenalp, Maschgenkamm gondola, car parks; road open). Route from Milan via Gotthard-Zurich-A3 or San Bernardino-Chur-A13/A3; no pass closures.",https://www.flumserberg.ch/betriebszeiten | https://www.flumserberg.ch/tarife-tickets | https://www.skiresort.com/en/ski-resort/flumserberg/ | https://www.skiinfo.de/ostschweiz/flumserberg/skipaesse | https://news.google.com/rss/search?q=Flumserberg+Saisonstart+Wintersaison+2025,medium
Grimentz–Zinal,,CH,Valais,Val d'Anniviers,Non-glacier,2026-11-21,confirmed_2026_27,2900,115,73.0,73.0,CHF,estimated_from_2025_26,250,3.59,,4.0,4.0,"Renowned Valais freeride area (Grimentz Lona/Orzival and Zinal Sorebois faces) with FWQ history; Zinal is a touring hub (Bishorn via Cabane de Tracuit, Imperial Crown huts).",https://www.valdanniviers.ch/en/Z21601/noswebcams-en,"2026/27 official: Bendolla and Sorebois weekends from 21 Nov 2026, daily 18 Dec 2026–11 Apr 2027 (skiresort lists 28 Nov, skiinfo 5 Dec). skiinfo listed planned 2025/26 weekend openings from 15 Nov 2025; first verified operation 29–30 Nov 2025. Prices: skiresort CHF 73 (2025/26), skiinfo CHF 72 (2024/25); official tariff page is script-rendered. Base = Grimentz–Bendolla gondola. From Italy via Simplon.",https://www.valdanniviers.ch/fr/Z15372/horaires-rmgz | https://www.valdanniviers.ch/fr/Z30511/domaine-rmgz | https://www.skiinfo.fr/valais/grimentz-zinal/forfaits-de-ski | https://www.skiresort.com/en/ski-resort/grimentz-zinal/ | https://www.blick.ch/fr/suisse/romande/ski-des-stations-romandes-ouvrent-des-ce-week-end/69hvzcj | https://www.skiresort.com/en/snow-reports/seasonstart/switzerland/,medium
Grindelwald,,CH,Bern,Jungfrau Ski Region (Grindelwald-Wengen + First),Non-glacier,2026-11-21,confirmed_2026_27,2500,211,83.0,83.0,CHF,estimated_from_2025_26,331,4.53,,3.5,4.5,"No FWT/FWQ history and a piste-oriented region, but real off-piste at First (Baergelegg/Schwarzhorn side) and Eigergletscher-Wixi; touring per rubric example: Jungfraujoch railway gives access to Moench/Jungfrau/Loetschenluecke-Konkordia glacier classics plus Faulhorn/Schwarzhorn day tours, strong guide scene (Grindelwald Sports/Bergsteigerzentrum).",https://www.jungfrau.ch/en-gb/live/webcams/,"Fixed prices, no dynamic pricing: 2025/26 day pass CHF 79 regular, CHF 83 high season (20.12.2025-04.01.2026 and 31.01-01.03.2026); 2026/27 pass published as from CHF 79, high-season surcharge not yet published; season 21.11.2026-25.04.2027. 2025/26: planned weekend start Kleine Scheidegg 15.11.2025 snow permitting (not confirmed), continuous operation from 29.11.2025, Maennlichen 13.12, First 20.12.2025. Max elevation 2500 m = First/Oberjoch per skiresort.com (Kleine Scheidegg-Maennlichen sector 2400 m). Base = Grindelwald Terminal (Eiger Express/Maennlichen gondolas, car park). Route from Milan via Simplon or Gotthard-Interlaken, no winter pass closure on route. Milan route forced via Lucerne to avoid closed Susten.",https://www.jungfrau.ch/en-gb/jungfrau-ski-region/ | https://schilthorn.ch/cmsfiles/posts/documents/preisliste-jungfrau-ski-region_2025_2026.pdf | https://www.plattformj.ch/artikel/238202/ | https://www.skiresort.com/en/ski-resort/kleine-scheidegg-maennlichen-grindelwald-wengen/ | https://www.skiresort.com/en/snow-reports/seasonstart/jungfrau-region/ | https://www.bergfex.com/jungfrau-grindelwald-wengen/ | https://www.skiinfo.de/berner-oberland/grindelwald-wengen/skipaesse,medium
Wengen,,CH,Bern,Jungfrau Ski Region (Grindelwald-Wengen),Non-glacier,2026-11-21,confirmed_2026_27,2400,211,83.0,83.0,CHF,estimated_from_2025_26,324,4.38,Lauterbrunnen,3.0,4.0,"Mainly on-piste intermediate terrain (Lauberhorn/Maennlichen), limited off-piste around Wixi-Fallboden and Eigergletscher, no freeride event history; touring benefits from the Jungfraujoch railway (Moench, Loetschenluecke, Konkordia) and Lauterbrunnen-valley tours but the guide scene sits in Grindelwald/Lauterbrunnen.",https://www.jungfrau.ch/en-gb/live/webcams/,"Car-free village: road head Lauterbrunnen (multi-storey car park at the station, then WAB rack railway to Wengen). Same Jungfrau Ski Region pass and fixed prices as Grindelwald (CHF 79 regular / 83 high season 2025/26; 2026/27 from CHF 79). Max elevation 2400 m per skiresort.com, not confirmed on official site. Season 2026/27 21.11.2026-25.04.2027. Milan route forced via Lucerne to avoid closed Susten.",https://www.jungfrau.ch/en-gb/jungfrau-ski-region/ | https://schilthorn.ch/cmsfiles/posts/documents/preisliste-jungfrau-ski-region_2025_2026.pdf | https://www.plattformj.ch/artikel/238202/ | https://www.skiresort.com/en/ski-resort/kleine-scheidegg-maennlichen-grindelwald-wengen/ | https://www.skiresort.com/en/snow-reports/seasonstart/jungfrau-region/,medium
Samnaun,,CH,Graubünden,Silvretta Arena (Ischgl–Samnaun),Non-glacier,2026-11-26,confirmed_2026_27,2872,239,82.0,82.0,CHF,published_2026_27,265,4.55,,4.0,3.5,"Large high-altitude resort with extensive lift-accessed off-piste (Palinkopf, Greitspitz, Piz Val Gronda, Alp Trida side) and a strong local freeride scene but no FWT stop; touring from Samnaun is decent (Muttler, Piz Mundin, Stammerspitz) but secondary to lift skiing.",https://www.samnaun.ch/en/webcams,"2025/26 date is the traditional Ischgl/Samnaun Thursday season start (27.11.2025) inferred from the same-pattern official 2026/27 date and press on the 29.11.2025 opening concert (Rita Ora) - exact first lift day not individually verified. Fixed price published for 2026/27 by Bergbahnen Samnaun: Silvretta Skipass 1 day adult CHF 82 (Ischgl side sells in EUR, 2025/26 EUR 83 per skiresort.com). Duty-free enclave: road access only through Austria (Landeck-Pfunds-Spiss-Samnaun) or from the Engadin via Martina-Vinadi-Spiss; from Milan via Reschen pass (open) or the Engadin. Base = Samnaun-Ravaisch cable-car valley station (Twinliner, car park).",https://bergbahnen-samnaun.ch/betriebszeiten/ | https://bergbahnen-samnaun.ch/tarife/ | https://www.skiresort.com/en/ski-resort/ischgl-samnaun-silvretta-arena/ | https://www.skiinfo.de/graubuenden/samnaun/skipaesse | https://news.google.com/rss/search?q=Ischgl+Saisonopening+2025 | https://www.samnaun.ch/en/webcams,medium
Adelboden,,CH,Bern,"Adelboden–Lenk (Chuenisbärgli/Silleren/Hahnenmoos/Metsch; pass incl. Betelberg, Engstligenalp, Elsigen-Metsch, Tschentenalp)",Non-glacier,2026-11-28,confirmed_2026_27,2200,86,,,CHF,,360,5.00,,3.0,3.5,"World Cup piste resort, mostly groomed intermediate terrain with modest off-piste (Luegli, Hahnenmoos, Engstligenalp bowls) and no freeride event history; touring is good but local: Engstligenalp is a classic base (Wildstrubel, Ammertenspitz, Lohner), Sillerenbuehl/Hahnenmoos tours, Adelboden mountain-guide school.",https://www.adelboden-lenk.ch/en/Service/Webcams,"Dynamic pricing for day tickets since 2023/24 (official FAQ: the earlier you book the cheaper); no public price table for 2025/26 or 2026/27 found (webshop only, summer tariffs displayed in Sept) - price left blank, coordinator should check the webshop (peak window). 2025/26: official operating plan started 06.12.2025 (Sillerenbuehl/Metsch) but press (Nau 28.11.2025) reports an earlier opening for the weekend 29/30.11.2025 - verify exact first day. Day ticket 'Adelboden-Lenk incl. Frutigen' covers Adelboden-Lenk, Betelberg, Engstligenalp (top 2353 m), Elsigen-Metsch and Tschentenalp. AlpsPass season pass CHF 949 (2026/27). Base = Oey (Sillerenbahn valley station, car park). Route from Milan via Simplon-Loetschberg car train (Goppenstein-Kandersteg) or Bern-Frutigen; no pass closures. Milan route forced via Lucerne to avoid closed Susten.",https://www.adelboden-lenk.ch/en/Service/Passes/Day-and-multi-day-tickets | https://www.adelboden-lenk.ch/en/Service/Passes | https://www.adelboden-lenk.ch/en/Shop | https://www.skiresort.com/en/ski-resort/adelboden-lenk-chuenisbaergli-silleren-hahnenmoos-metsch/ | https://www.skiresort.com/en/snow-reports/seasonstart/adelboden-frutigen/ | https://www.skiinfo.de/berner-oberland/adelboden/skipaesse | https://news.google.com/rss/search?q=Adelboden-Lenk+Saisonstart+2025,low
Arosa,,CH,Graubünden,Arosa Lenzerheide,Non-glacier,2026-11-28,confirmed_2026_27,2865,225,61.0,89.0,CHF,estimated_from_2025_26,250,3.48,,3.5,3.5,"Good but not famous lift-accessed off-piste (Weisshorn, Hoernli, Urdenfuerggli/Urdental itineraries) without FWT/FWQ history; touring is solid locally (Aroser Rothorn, Erzhorn, Schiesshorn, Furcletta-Arosa classics) but less varied than the big hubs.",https://arosalenzerheide.swiss/en/Ski-Area/Up-to-date/Webcams,"2025/26: first skiing on the Arosa Hoernli during the 'November high' weekend 22/23.11.2025, daily operation of the whole resort from 29.11.2025 (official news). 2026/27: weekend 'November Bonus Days' possible from 24.10.2026 weather permitting, daily winter pre-season from 28.11.2026, peak season 19.12.2026-11.03.2027 (skiresort.com lists 07.11.2026). Dynamic pricing ('the earlier you book, the lower your price'); CHF 89 = skiresort.com main-season adult figure (skiinfo 2024/25 also 89), official peak range not published as a table. Base = Arosa railway station / Weisshornbahn valley station car park; Arosa road from Chur open all winter. Route from Milan via San Bernardino tunnel-Chur-Arosa. Dynamic pricing: CHF 61 for Sat 24 Jan 2026 (Blick comparison) up to CHF 89 list price.",https://arosalenzerheide.swiss/en/Ski-Area/Up-to-date/News | https://arosalenzerheide.swiss/en/Ski-Area/Lift-Company/Operating-hours | https://arosalenzerheide.swiss/en/Ski-Area/Lift-Company/Tickets-rates-winter | https://www.skiresort.com/en/ski-resort/arosa-lenzerheide/ | https://www.skiinfo.de/graubuenden/arosa-lenzerheide/skipaesse,medium
Champéry,,CH,Valais,Portes du Soleil (Swiss side: Champéry–Les Crosets–Champoussin),Non-glacier,2026-11-28,confirmed_2026_27,2254,600,72.0,81.0,CHF,estimated_from_2025_26,296,4.18,,3.5,3.0,Swiss Wall (Chavanette) and Les Crosets/Mossettes off-piste with local guiding but no major event history; touring around the Dents du Midi is decent yet not a hub.,https://skipass-pds-ch.ch/en/webcams,"Base = Champéry–Planachaux cable car (Les Crosets/Champoussin reachable by road, higher up). Swiss side sells only the full Portes du Soleil day pass in CHF: skiinfo CHF 72 vs bergfex CHF 81 high season 2025/26 (conflicting); official shop showed only season passes. Official 2026/27: Crosets 8 lift from 28 Nov 2026, Champéry–Planachaux from 5 Dec 2026, whole area 19 Dec 2026, close 11 Apr 2027. PdS official opening 2025/26 was 20 Dec 2025; skiresort top 2254 m is for whole PdS (Swiss top Pointe des Mossettes not verified). From Italy via Great St Bernard tunnel or Simplon; Pas de Morgins open in winter.",https://www.skipass-pds-ch.ch/en/timetable-winter/ | https://www.skipass-pds-ch.ch/en/passes | https://ski.ticketcorner.ch/fr/portes-du-soleil-champerycrosetschampoussinmorgins/domaine-skiable-109/forfait | https://www.skiinfo.fr/valais/champery/forfaits-de-ski | https://www.bergfex.com/champery/preise/ | https://www.skiresort.com/en/ski-resort/les-portes-du-soleil-morzine-avoriaz-les-gets-chatel-morgins-champery/ | https://www.blick.ch/fr/suisse/romande/ski-des-stations-romandes-ouvrent-des-ce-week-end/69hvzcj | https://www.watson.ch/schweiz/winter/423823282-skigebiete-schweiz-saisonstart-und-saisonende | https://www.skiinfo.fr/valais/dates-ouverture-stations,medium
Crans-Montana,,CH,Valais,Crans-Montana,Glacier + non-glacier,2026-11-28,confirmed_2026_27,2927,140,69.0,89.0,CHF,estimated_from_2025_26,245,3.57,,3.5,3.5,FWQ 2026 venue and Plaine Morte glacier/Faverges off-piste but not a renowned freeride destination; touring toward Wildstrubel/Plaine Morte with moderate variety.,https://www.crans-montana.ch/en/webcam,"Dynamic pricing (early online booking discounts); bergfex high-season 2025/26 window price CHF 89. 2026/27: partial opening 28 Nov 2026 (snow permitting), full 19 Dec 2026–4 Apr 2027. Plaine Morte opened 3 Dec 2025. Elevation 2927 m from skiresort (official says 'up to 3000 m'). Base = Crans Cry d'Er gondola (Montana–Arnouva gondola is the alternative base). From Italy via Simplon. Dynamic pricing: CHF 69 for Sat 24 Jan 2026 (Blick comparison) up to CHF 89 list price.",https://mycma-prod.spotliowebsites.com/actualites/ouverture-du-domaine-de-crans-montana/ | https://www.mycma.ch/en-US/winter-opening-hours/ | https://www.crans-montana.ch/en/home/ski/ | https://www.bergfex.com/crans-montana/preise/ | https://www.skiresort.com/en/ski-resort/crans-montana/ | https://www.mycma.ch/tarifs-hiver/,medium
Disentis,Disentis/Mustér,CH,Graubünden,SkiArena Andermatt-Sedrun-Disentis (Disentis 3000 sector),Non-glacier,2026-11-28,confirmed_2026_27,2833,60,64.0,64.0,CHF,estimated_from_2025_26,285,4.06,,4.5,4.0,"Rubric example: Disentis (Pez Ault, Lai Alv, Gendusas couloirs) has FWQ history and a strong freeride reputation for its steep north-facing terrain; touring: Val Medel/Cavardiras and Medelser huts, Piz Ault, Oberalpstock, Lukmanier tours - many documented day tours and a good base.",https://www.andermatt-sedrun-disentis.ch/de/webcam,"Disentis sells a local day ticket (CHF 64 adult main season per skiresort.com) besides the dynamic SkiArena Andermatt-Sedrun-Disentis pass (~CHF 89); check which the coordinator wants. 2025/26 first ski day not found - verify. Lukmanier pass closed in winter (treat as closed) - from Milan via San Bernardino-Chur-Ilanz-Disentis. Base = Disentis-Sax/Acletta gondola valley station (coordinates approximate, street geocode of Via Acletta). disentis3000.ch not reachable during research (SSL/timeout). 2026/27 date is a resort-supplied season entry on an aggregator (skiresort.com/bergfex); no operator publication found and no 2025/26 date available. Milan route forced via Chur to avoid closed Lukmanier.",https://www.skiresort.com/en/ski-resort/disentis/ | https://www.andermatt-sedrun-disentis.ch/en/ | https://www.bergfex.com/disentis/webcams/,low
Laax,,CH,Graubünden,LAAX (Flims–Laax–Falera),Glacier + non-glacier,2026-11-28,confirmed_2026_27,3018,176,55.0,89.0,CHF,estimated_from_2025_26,228,3.10,,4.0,3.5,"Large-resort freeride with marked freeride routes and big terrain (Cassons, Vorab glacier, La Siala, Grauberg), freeride-camp and FWQ history, world-class freestyle rather than steep big-mountain; touring is good but secondary (Vorab/Piz Segnas, Flimserstein, Ringelspitz side).",https://www.laax.com/en/webcams,"Vorab glacier allows an autumn start (typically late Oct/early Nov) but the actual 2025/26 first ski day was not found in official news or press - verify. Dynamic pricing (bergfex/laax.com: 'dynamic, depending on the day'); range CHF 55-89 taken from skiinfo (2024/25 data: prices vary 55-82 CHF, list max 89, cheaper via INSIDE LAAX app) - 2025/26 official peak range not retrieved. Flims/Falera villages are alternative bases; base used = Laax Murschetg valley station (main car park). Route from Milan via San Bernardino tunnel-Reichenau-Flims-Laax, no pass closure. 2026/27 date is a resort-supplied season entry on an aggregator (skiresort.com/bergfex); no operator publication found and no 2025/26 date available. Dynamic pricing: Blick comparison shows CHF 77.50 for Sat 24 Jan 2026.",https://www.skiresort.com/en/ski-resort/laax-flims-falera/ | https://www.bergfex.com/laax/ | https://www.skiinfo.de/graubuenden/laax/skipaesse | https://www.laax.com/en/news | https://www.laax.com/en/webcams,low
Lenk,,CH,Bern,Adelboden–Lenk (Metsch/Hahnenmoos side; pass incl. Betelberg),Non-glacier,2026-11-28,confirmed_2026_27,2200,86,,,CHF,,364,5.24,,3.0,3.5,"Metsch/Hahnenmoos and Betelberg are groomed family terrain with little steep off-piste and no freeride event history; touring from Lenk is a real plus (Iffigenalp-Wildhorn, Wildstrubel/Laemmerenhuette, Betelberg-Rothorn day tours) but with limited variety compared with hubs.",https://www.adelboden-lenk.ch/en/Service/Webcams,"Same lift company and dynamic pricing as Adelboden (no public 2025/26 or 2026/27 day-ticket price found - blank, check webshop). Same official 2025/26 plan (06.12.2025) and press-reported earlier weekend opening 29/30.11.2025 (Silleren/Metsch) - verify. Base = Metschbahn valley station Rotenbach (Lenk-Metsch gondola into the linked area, car park); Betelberg is a separate sector at Lenk village on the same pass. Route from Milan via Simplon-Loetschberg car train-Spiez-Zweisimmen or via Bern; no pass closures (Jaunpass open but not needed). Milan route uses OSRM alternative avoiding closed Susten.",https://www.adelboden-lenk.ch/en/Service/Passes/Day-and-multi-day-tickets | https://www.adelboden-lenk.ch/en/Service/Passes | https://www.skiresort.com/en/ski-resort/adelboden-lenk-chuenisbaergli-silleren-hahnenmoos-metsch/ | https://www.skiresort.com/en/snow-reports/seasonstart/adelboden-frutigen/ | https://www.skiinfo.de/berner-oberland/adelboden/skipaesse,low
Lenzerheide,,CH,Graubünden,Arosa Lenzerheide (Lenzerheide/Valbella/Churwalden/Parpan),Non-glacier,2026-11-28,confirmed_2026_27,2865,225,61.0,89.0,CHF,estimated_from_2025_26,220,3.03,,3.5,3.5,"Rothorn and Staetzerhorn offer good but moderate off-piste, no FWT/FWQ history (World Cup and MTB venue instead); touring: Lenzerhorn, Piz Scalottas, Parpaner Rothorn and Staetzerhorn day tours, decent snow but limited alpine scale.",https://arosalenzerheide.swiss/en/Ski-Area/Up-to-date/Webcams,"2025/26: the November-high weekend (22/23.11.2025) skiing was on the Arosa Hoernli side only; Lenzerheide lifts started with the daily operation on 29.11.2025 (official news) - if the Rothorn also ran on 22/23.11 the date would move. 2026/27 published: daily winter operation from 28.11.2026 (weekend bonus days from 24.10.2026 weather permitting), season to 11.04.2027. Same dynamic pricing and CHF 89 list figure as Arosa. Base = Rothornbahn valley station Lenzerheide (car park). Route from Milan via San Bernardino-Chur-Lenzerheide or Julier-Tiefencastel-Lenzerheide (both open). Dynamic pricing: CHF 61 for Sat 24 Jan 2026 (Blick comparison) up to CHF 89 list price.",https://arosalenzerheide.swiss/en/Ski-Area/Up-to-date/News | https://arosalenzerheide.swiss/en/Ski-Area/Lift-Company/Operating-hours | https://arosalenzerheide.swiss/en/Ski-Area/Lift-Company/Tickets-rates-winter | https://www.skiresort.com/en/ski-resort/arosa-lenzerheide/,medium
Leysin,,CH,Vaud,Leysin (Alpes Vaudoises),Non-glacier,2026-11-28,confirmed_2026_27,2198,60,68.0,68.0,CHF,estimated_from_2025_26,307,4.26,,3.5,3.0,"FWQ 2026 venue with Tour d'Aï/Chaux de Mont off-piste and a strong freestyle scene; touring limited to Tour d'Aï, Chaux de Mont and Pic Chaussy.",https://leysin.roundshot.com/,"Official teleleysin.ch unreachable during research (timeouts), so all key figures are from skiresort/press; webcam via Leysin roundshot (redirects to Tobogganing Park cam). Lift company Leysin–Les Mosses–La Lécherette (TLML). Base = Berneuse gondola (Leysin-Feydey). Col des Mosses open in winter. From Italy via Great St Bernard tunnel or Simplon.",https://www.skiresort.com/en/ski-resort/leysin/ | https://www.20min.ch/fr/story/vaud-villars-et-leysin-ouvrent-leurs-pistes-une-semaine-en-avance-103457221 | https://www.blick.ch/fr/suisse/romande/ski-des-stations-romandes-ouvrent-des-ce-week-end/69hvzcj | https://www.skiresort.com/en/snow-reports/seasonstart/switzerland/ | https://www.alpesvaudoises.ch/fr/Z90/leysin/destination-leysin,low
St. Moritz,,CH,Graubünden,Engadin St. Moritz (Corviglia–Piz Nair; regional Engadin pass),Non-glacier,2026-11-28,confirmed_2026_27,3057,155,55.0,70.0,CHF,published_2026_27,168,2.95,,3.5,4.0,"Corviglia/Piz Nair is mainly a groomed piste mountain with some off-piste (Piz Nair north side, Suvretta) - the serious freeriding is on Corvatsch/Diavolezza on the same pass; touring per rubric example 4.0 (Piz Nair, Piz Julier, Suvretta/Piz Bever tours, Bernina classics nearby, many guides).",https://www.mountains.ch/de/webcam/,"Engadin St. Moritz regional ski pass shared with Corvatsch, Diavolezza-Lagalb, Zuoz, Zernez etc. (Snow-Deal dynamic pricing: day/multi-day passes 'from CHF 55'; hotel Sleep+Ski pass fixed CHF 55/day; peak day price not published - only the entry price is given, max left blank). 2025/26 Corviglia first ski day not found (Corviglia normally opens late November; Diavolezza on the same pass opened 18.10.2025) - verify. Base = Signalbahn valley station St. Moritz Bad (Signal car park); alternative Chantarella funicular in St. Moritz Dorf. Route from Milan via Chiavenna-Maloja (open) or Tirano-Bernina (open); Julier open, Albula road closed in winter. 2026/27 date is a resort-supplied season entry on an aggregator (skiresort.com/bergfex); no operator publication found and no 2025/26 date available. Engadin Snow-Deal dynamic pricing from CHF 55; CHF 70 for Sat 24 Jan 2026 (Blick comparison); no upper cap published.",https://www.mountains.ch/de/winter/skifahren/pisten/ | https://www.skiresort.com/en/ski-resort/st-moritz-corviglia/ | https://www.engadin.ch/en/guide/mountains-railways/mountain-railway-tariffs/winter-tariffs-mountain-railways/snow-deal | https://booking.engadin.ch/de/skitickets | https://www.skiinfo.de/graubuenden/st-moritz/skipaesse | https://www.mountains.ch/de/webcam/,low
Villars–Gryon,,CH,Vaud,Villars–Gryon–Les Diablerets (Alpes Vaudoises),Non-glacier,2026-11-28,confirmed_2026_27,2120,100,69.0,69.0,CHF,estimated_from_2025_26,297,4.17,,3.0,3.0,"Mainly on-piste family terrain with limited off-piste (Chaux Ronde, Meilleret); modest touring (Chamossaire, Diablerets foothills).",https://www.tvgd.ch/webcams/,"Dynamic pricing (TVGD: up to -50% online); skiresort main-season CHF 69; bergfex CHF 84 is likely the Alpes Vaudoises pass incl. Glacier 3000 (bergfex lists 1300–3000 m). 2025/26: five Bretaye pistes opened weekend 29–30 Nov 2025, full opening 5 Dec 2025. Col de la Croix (Villars–Les Diablerets road) closed in winter. Base = Villars Roc d'Orsay gondola. From Italy via Great St Bernard tunnel or Simplon.",https://www.tvgd.ch/ | https://www.tvgd.ch/tarifs/ | https://www.20min.ch/fr/story/vaud-villars-et-leysin-ouvrent-leurs-pistes-une-semaine-en-avance-103457221 | https://www.bergfex.com/villars/ | https://www.skiresort.com/en/ski-resort/villars-gryon-les-diablerets/ | https://www.skiresort.com/en/snow-reports/seasonstart/switzerland/ | https://www.blick.ch/fr/suisse/romande/ski-des-stations-romandes-ouvrent-des-ce-week-end/69hvzcj,medium
Thyon,,CH,Valais,4 Vallées (Printse sector: Thyon 2000/Les Collons),Non-glacier,2026-12-04,confirmed_2026_27,2700,220,79.0,79.0,CHF,published_2026_27,266,3.88,,3.5,3.0,Marked but unsecured Eteygeon freeride itinerary from Greppon Blanc and Thyon–Dixence off-piste; touring mainly toward Val d'Hérens/Dixence with modest variety.,https://www.thyon.ch/ete/en-live/webcam/,Télé-Thyon SA operates Thyon 2000/Les Collons; Printse pass CHF 79 (skiinfo 2026/27). 3330 m (Mont Fort) only with the 4 Vallées pass; Thyon sector tops at Greppon Blanc (official value not found). Official thyon.ch is in summer mode; 2026/27 date from skiinfo provisional list. Base = Thyon 2000 (drive-to). From Italy via Simplon or Great St Bernard tunnel. Top of local Printse pass ~2700 m (Greppon Blanc); Mont Fort 3330 m reachable only with the full 4 Vallées pass.,https://www.skiinfo.fr/valais/thyon-4-vallees/station-de-ski | https://www.skiinfo.fr/valais/veysonnaz/forfaits-de-ski | https://www.nendaz.ch/en/Z13484/ski-area | https://www.skiresort.com/en/ski-resort/4-vallees-verbier-la-tzoumaz-nendaz-veysonnaz-thyon/ | https://www.blick.ch/fr/suisse/romande/ski-des-stations-romandes-ouvrent-des-ce-week-end/69hvzcj | https://www.skiinfo.fr/valais/dates-ouverture-stations,medium
Aletsch Arena,,CH,Valais,Aletsch Arena (Riederalp/Bettmeralp/Fiesch-Eggishorn),Non-glacier,2026-12-05,confirmed_2026_27,2869,104,53.0,84.0,CHF,published_2026_27,211,3.10,Fiesch (Talstation Fiesch–Fiescheralp),3.5,4.0,Eggishorn/Bettmerhorn off-piste routes above the Aletsch glacier; Fiescheralp is a classic start for Konkordiahütte/Aletsch glacier and Lötschenlücke tours.,https://www.aletscharena.ch/en/here-now/live/webcams,"Car-free plateau: road head chosen = Fiesch valley station (Betten Talstation and Mörel are alternatives, slightly closer to Brig). Dynamic pricing 2026/27: 1-day pass CHF 53–84 EXCLUDING the valley cable car (Fiesch–Fiescheralp or Betten–Bettmeralp ticket extra). Official 2026/27 season 5 Dec 2026–3 Apr 2027. Elevation 2869 m from skiresort. From Italy via Simplon–Brig; Nufenen and Furka passes closed in winter. Blick comparison shows CHF 61 for Sat 24 Jan 2026 (excl. valley cable car). Milan route uses OSRM alternative avoiding closed Nufenen.",http://www.aletscharena.ch/en/planning-booking/travel-mobility/timetable-season-times | http://www.aletscharena.ch/en/planning-booking/offers-experiences/ski-pass | http://www.aletscharena.ch/en | https://walliser-zeitung.ch/frueher-saisonstart-auf-der-fiescheralp/ | https://www.nau.ch/news/schweiz/skistationen-zunden-jetzt-den-eroffnungs-turbo-67070027 | https://www.skiresort.com/en/ski-resort/aletsch-arena-riederalp-bettmeralp-fiesch-eggishorn/ | https://www.skiresort.com/en/snow-reports/seasonstart/switzerland/,medium
Savognin,,CH,Graubünden,Savognin,Non-glacier,2026-12-05,confirmed_2026_27,2713,80,,,CHF,,219,3.01,,3.0,3.5,"Wide groomed family pistes with a marked freeride area but little steep terrain and no event history; touring around the Surses is good (Piz Mitgel, Piz Arblatsch, Piz Martegnas, Bivio classics nearby) with reliable snow but modest variety.",https://www.valsurses.ch/de/webcams,"Dynamic pricing (bergfex/resort: 'dynamic, depending on the day'); no official price range found (skiinfo/skiresort show no figure) - price left blank, check savogninbergbahnen.ch shop. 2025/26 date 13.12.2025 is the planned season start supplied to bergfex, actual not verified. 2026/27: weekend operation Savognin-Piz Martegnas 5/6.12.2026, daily from 12.12.2026, end 29.03.2027. Base = Tigignas 10-seater gondola valley station in Savognin (Veia Riom, car park). Route from Milan via Chiavenna-Maloja-Silvaplana-Julier pass-Bivio-Savognin (Maloja and Julier open in winter) or via Chur-Tiefencastel.",https://www.bergfex.com/savognin/ | https://www.skiresort.com/en/ski-resort/savognin/ | https://www.valsurses.ch/de/bergbahnen/savognin-bergbahnen | https://www.skiinfo.de/graubuenden/savognin/skipaesse | https://www.valsurses.ch/de/webcams,low
Verbier,,CH,Valais,4 Vallées (Verbier–La Tzoumaz–Bruson sector),Glacier + non-glacier,2026-12-05,confirmed_2026_27,3330,203,86.0,86.0,CHF,published_2026_27,260,3.67,,5.0,5.0,"FWT Xtreme Verbier finals venue (Bec des Rosses), Mont Fort/Mont Gelé/Vallon d'Arbi itineraries and 7 marked freeride routes; Haute Route Chamonix–Zermatt passes Verbier with Grand Combin/Rosablanche tours and a dense guide scene.",https://verbier4vallees.ch/en/useful-information/webcams,"Fixed prices 2026/27: Verbier–Tzoumaz 1-day CHF 86, 4 Vallées CHF 94, Bruson CHF 63; -10% online if bought 10+ days ahead. Official pass season Verbier–Tzoumaz 5 Dec 2026–25 Apr 2027 (4 Vallées 12 Dec 2026) but November weekend openings are usual: skiinfo lists 7 Nov 2026 and skiresort 14 Nov 2026 (provisional). Mont Fort glacier (3330 m) needs the 4 Vallées pass. Base = Médran gondola. From Italy via Great St Bernard tunnel (pass road closed in winter).",https://verbier4vallees.ch/en/media/press-releases/Verbier-s-ski-area-opens-on-Saturday_ptd_1544473 | https://verbier4vallees.ch/en/useful-information/prices-winter | https://verbier4vallees.ch/en/about-us | https://verbier4vallees.ch/en/ski-resort | https://www.skiresort.com/en/ski-resort/4-vallees-verbier-la-tzoumaz-nendaz-veysonnaz-thyon/ | https://www.skiinfo.fr/valais/dates-ouverture-stations | https://www.skiresort.com/en/snow-reports/seasonstart/switzerland/,high
Veysonnaz,,CH,Valais,4 Vallées (Printse sector),Non-glacier,2026-12-05,confirmed_2026_27,2700,220,79.0,79.0,CHF,published_2026_27,259,3.69,,3.5,3.0,"Shares 4 Vallées off-piste access (Mont Fort/Tortin via pass) but local terrain (Piste de l'Ours, Thyon side) is mostly on-piste; limited local touring.",https://www.veysonnaz.ch/en/Z13615/webcams,"Lifts operated by NV Remontées Mécaniques (Nendaz–Veysonnaz). Printse pass CHF 79 (skiinfo 2026/27), 4 Vallées CHF 94. 3330 m (Mont Fort) only with the 4 Vallées pass; Veysonnaz's own lifts top out around Greppon Blanc (official value not found). skiresort lists 4 Vallées 2026/27 start 14 Nov 2026 (Verbier side). Base = Veysonnaz gondola. From Italy via Great St Bernard tunnel or Simplon. Top of local Printse pass ~2700 m (Greppon Blanc); Mont Fort 3330 m reachable only with the full 4 Vallées pass.",https://www.veysonnaz.ch/en/Z13696/ski-area | https://www.skiinfo.fr/valais/veysonnaz/forfaits-de-ski | https://www.skiinfo.fr/valais/veysonnaz/station-de-ski | https://www.skiresort.com/en/ski-resort/4-vallees-verbier-la-tzoumaz-nendaz-veysonnaz-thyon/ | https://www.blick.ch/fr/suisse/romande/ski-des-stations-romandes-ouvrent-des-ce-week-end/69hvzcj | https://www.skiinfo.fr/valais/dates-ouverture-stations,medium
Belalp – Blatten,,CH,Valais,Belalp,Non-glacier,2026-12-12,confirmed_2026_27,3118,38,74.0,74.0,CHF,estimated_from_2025_26,202,2.95,Blatten bei Naters,3.5,3.5,Hohstock (3118 m) and Sparrhorn off-piste with a local freeride reputation and long ungroomed runs; touring toward Oberaletschhütte/Aletsch glacier area.,https://www.belalp.ch/de/webcams,Car-free Belalp reached by cable car from Blatten bei Naters. Official belalp.ch shows no winter dates or prices yet (shop script-rendered); price CHF 74 = bergfex high season 2025/26. 2025/26 opening date not found in press lists (Blick overview did not list Belalp). From Italy via Simplon–Brig–Naters.,http://www.belalp.ch/de | https://www.bergfex.com/belalp/preise/ | https://www.skiresort.com/en/ski-resort/belalp-blatten/ | https://www.skiinfo.fr/valais/dates-ouverture-stations | https://www.skiresort.com/en/snow-reports/seasonstart/switzerland/ | https://www.blick.ch/wirtschaft/blick-hat-die-grosse-uebersicht-wann-ist-der-saisonstart-der-schweizer-skigebiete-id21403396.html,low
Grächen,,CH,Valais,Grächen,Non-glacier,2026-12-12,confirmed_2026_27,2864,44,69.0,69.0,CHF,published_2026_27,224,3.29,,2.5,3.0,"Family-oriented on-piste resort with limited off-piste; modest local touring (Seetalhorn, Wannihorn) in the Mattertal.",https://graechen.ch/en/Info-service/Webcams,"Inclusion by altitude only (2864 m). 2025/26 date is the planned opening from a press list, not confirmed as actual. Prices from skiinfo (2026/27 day pass CHF 69); official shop is script-rendered; skiinfo Valais list also gives 12 Dec 2026. Base = Hannigalp gondola valley station. From Italy via Simplon–Visp–St. Niklaus.",https://graechen.ch/en | https://www.graechen.ch/en/Info-service/Lift-Info | https://www.skiinfo.de/wallis/graechen/skipaesse | https://www.skiresort.com/en/ski-resort/graechen/ | https://www.blick.ch/wirtschaft/blick-hat-die-grosse-uebersicht-wann-ist-der-saisonstart-der-schweizer-skigebiete-id21403396.html | https://www.skiinfo.fr/valais/dates-ouverture-stations,medium
Lauchernalp – Lötschental,,CH,Valais,Lauchernalp,Non-glacier,2026-12-12,confirmed_2026_27,3100,40,70.0,70.0,CHF,estimated_from_2025_26,229,3.27,Wiler (Lötschen),4.0,4.0,"Cult freeride spot (Hockenhorngrat 3111 m descents, freeride events, 1700 m vertical); Lötschental touring classics (Lötschenlücke/Hollandiahütte, Hockenhorn, Petersgrat).",https://www.loetschental.ch/de/allgemein/webcams,"Car-free Lauchernalp reached by the Wiler–Lauchernalp cable car (road head Wiler). Dynamic ski-pass pricing (official tariff page); skiresort main-season CHF 70, bergfex n/a. 2025/26 date is the planned opening from press lists. From Italy via Simplon–Brig–Gampel–Lötschental.",https://www.loetschental.ch/?id=89 | https://www.loetschental.ch/de/info-service/tarife-lauchernalp-bergbahnen-179 | https://www.bergfex.com/lauchernalp/ | https://www.skiresort.com/en/ski-resort/lauchernalp-loetschental/ | https://www.blick.ch/wirtschaft/blick-hat-die-grosse-uebersicht-wann-ist-der-saisonstart-der-schweizer-skigebiete-id21403396.html | https://ulysse.com/news/saison-de-ski-suisse-dates-ouverture-stations | https://www.skiresort.com/en/snow-reports/seasonstart/switzerland/,medium
Morgins,,CH,Valais,Portes du Soleil (Swiss side: Morgins–Champoussin),Non-glacier,2026-12-12,confirmed_2026_27,2254,600,72.0,81.0,CHF,estimated_from_2025_26,298,4.19,,3.0,2.5,"Mostly gentle on-piste terrain with some tree runs off La Foilleuse; limited local touring (Pointe de Bellevue, Corbeau).",https://www.regiondentsdumidi.ch/fr/webcams-149/,"Morgins sector opens later than Les Crosets: official 2026/27 Morgins 12–13 Dec 2026 (whole PdS 19 Dec 2026, Morgins closes 4 Apr 2027). 2025/26: PdS official opening 20 Dec 2025 (Watson/Blick lists) but Morgins first lift day not found. Same full-PdS day pass as Champéry with conflicting aggregator prices (skiinfo 72 / bergfex 81). Base = La Foilleuse gondola. Pas de Morgins (to Châtel) open in winter; from Italy via Great St Bernard tunnel or Simplon.",https://www.skipass-pds-ch.ch/en/timetable-winter/ | https://www.skipass-pds-ch.ch/en/passes | https://www.skiinfo.fr/valais/champery/forfaits-de-ski | https://www.bergfex.com/champery/preise/ | https://www.skiresort.com/en/ski-resort/les-portes-du-soleil-morzine-avoriaz-les-gets-chatel-morgins-champery/ | https://www.watson.ch/schweiz/winter/423823282-skigebiete-schweiz-saisonstart-und-saisonende | https://www.blick.ch/wirtschaft/blick-hat-die-grosse-uebersicht-wann-ist-der-saisonstart-der-schweizer-skigebiete-id21403396.html | https://www.skiinfo.fr/valais/dates-ouverture-stations,medium
Scuol,,CH,Graubünden,Scuol – Motta Naluns (Engadin Scuol Zernez),Non-glacier,2026-12-12,confirmed_2026_27,2785,70,69.0,69.0,CHF,estimated_from_2025_26,228,3.95,,3.5,3.5,"Motta Naluns has several marked freeride routes and open bowls (Champatsch, Mot da Ri) and a snowboard heritage but no FWT/FWQ history; Lower Engadin touring is good (S-charl, Sesvenna, Piz Nair, Piz Minschun) yet less alpine than the Upper Engadin.",https://www.bergbahnen-scuol.ch/de/informationen/webcam-scuol-motta-naluns,"Pricing: fixed prices at the ticket offices, flexible early-booking prices online (official); numeric table not shown on the page - CHF 69 is the skiresort.com main-season adult figure (skiinfo 2024/25 also 69). 2025/26 first ski day not found - verify. Base = Motta Naluns gondola valley station next to Scuol-Tarasp railway station (car park). Access from Milan: Flueela pass closed - via Chiavenna-Maloja or Tirano-Bernina to the Engadin then Zernez-Susch-Scuol (Engadin valley road open), or via Austria (Reschen-Landeck-Martina); Ofen pass open.",https://www.bergbahnen-scuol.ch/de/informationen/betriebszeiten-winter | https://www.bergbahnen-scuol.ch/de/informationen/tarife-winter | https://www.skiresort.com/en/ski-resort/scuol-motta-naluns/ | https://www.skiinfo.de/graubuenden/scuol/skipaesse,medium
Sedrun,,CH,Graubünden,SkiArena Andermatt-Sedrun-Disentis (Sedrun-Oberalp sector),Non-glacier,2026-12-12,confirmed_2026_27,2600,180,89.0,89.0,CHF,estimated_from_2025_26,296,4.25,,3.5,4.0,"Sedrun side (Cuolm Val, Schneehueenerstock, Oberalp) offers good but moderate lift-accessed off-piste, the serious freeriding is on Gemsstock at the other end of the pass; touring is strong around the Oberalp pass (Piz Badus, Pazolastock, Maighels hut, Val Maighels/Val Cornera classics) with reliable snow.",https://www.andermatt-sedrun-disentis.ch/de/webcam,"Same SkiArena pass and dynamic pricing as Andermatt (CHF 89 skiresort.com main-season figure). 2025/26 first ski day for the Sedrun sector not found - verify. Access from Milan: Oberalp and Lukmanier passes closed in winter - route via San Bernardino-Chur-Reichenau-Ilanz-Disentis-Sedrun; Andermatt-Sedrun Matterhorn Gotthard Bahn car train exists but not counted. Base = Dieni (gondola Dieni-Milez valley station next to Dieni railway station, car park). 2026/27 date is a resort-supplied season entry on an aggregator (skiresort.com/bergfex); no operator publication found and no 2025/26 date available. Milan route forced via Chur to avoid closed Oberalp.",https://www.skiresort.com/en/ski-resort/andermatt-oberalp-sedrun/ | https://www.andermatt-sedrun-disentis.ch/en/ | https://www.skiinfo.de/zentralschweiz/andermatt-sedrun/skipaesse,low
Obersaxen–Mundaun,,CH,Graubünden,Obersaxen Mundaun Val Lumnezia (Surselva),Non-glacier,2026-12-18,confirmed_2026_27,2310,120,67.0,67.0,CHF,published_2026_27,246,3.44,,3.0,3.0,"Sunny, mostly gentle groomed terrain with only short tree-line off-piste and no freeride event history; touring is modest (Piz Mundaun, Piz Sezner, Val Lumnezia easy tours).",https://www.obersaxen-mundaun.ch/de/betriebszeiten-berichte/webcams,"Fixed prices: official winter tariff page lists adult day ticket CHF 67 (half-day tiers CHF 65/61/54/48); the table is undated but sits next to 2026/27 season-pass offers (skiresort.com also 67; skiinfo 2024/25 65) - treat as 2026/27. 2025/26 first ski day not found (press 24.12.2025 reported thin snow at mid-altitude Graubuenden resorts) - verify. Base = Meierhof (Obersaxen) valley station, car park; alternative bases Valata and Vella. Route from Milan via San Bernardino-Chur-Ilanz-Obersaxen, no pass closure. 2026/27 date is a resort-supplied season entry on an aggregator (skiresort.com/bergfex); no operator publication found and no 2025/26 date available. Milan route forced via Mesocco to avoid closed Lukmanier.",https://www.obersaxen-mundaun.ch/de/tickets-tarife/wintertarife | https://www.skiresort.com/en/ski-resort/obersaxen-mundaun-val-lumnezia/ | https://www.skiinfo.de/graubuenden/obersaxen-mundaun/skipaesse | https://www.obersaxen-mundaun.ch/de/betriebszeiten-berichte/webcams,low
Saint-Luc–Chandolin,,CH,Valais,Val d'Anniviers,Non-glacier,2026-12-18,confirmed_2026_27,2980,60,66.0,66.0,CHF,estimated_from_2025_26,248,3.60,,3.0,3.5,"Limited but quiet off-piste around Bella Tola/Illhorn; good local touring (Bella Tola, Meidpass, Turtmanntal access) with less variety.",https://www.valdanniviers.ch/en/Z21601/noswebcams-en,"2026/27 official: weekends from mid-November if snow allows, full season 18 Dec 2026–11 Apr 2027 (skiresort lists 28 Nov 2026). 2025/26 date based on a conditional press statement. Base coordinates approximate: Saint-Luc funicular valley station (Route du Funiculaire). Official 'up to 3000 m'; skiresort 2980 m. From Italy via Simplon.",https://www.valdanniviers.ch/fr/Z15374/horaires-st-luc-chandolin | https://www.valdanniviers.ch/fr/Z32722/domaine-stluc-chandolin | https://www.skiinfo.fr/valais/st-luc-chandolin/forfaits-de-ski | https://www.skiresort.com/en/ski-resort/saint-luc-chandolin-anniviers/ | https://www.blick.ch/fr/suisse/romande/ski-des-stations-romandes-ouvrent-des-ce-week-end/69hvzcj | https://www.skiresort.com/en/snow-reports/seasonstart/switzerland/,medium
Meiringen-Hasliberg,,CH,Bern,Meiringen-Hasliberg,Non-glacier,2026-12-19,confirmed_2026_27,2433,60,65.0,65.0,CHF,estimated_from_2025_26,293,3.91,,3.0,3.0,"Family/intermediate area with only minor off-piste below Glogghues/Planplatten and no freeride event history; local touring is modest (Hasliberg ridges), the Haslital classics (Rosenlaui, Gadmen/Susten) lie outside the resort.",https://en.meiringen-hasliberg.ch/Infos/webcam,"Fixed price: adult 1-day CHF 65 (official 2025/26 tariff table still online); Magic Pass member since May 2025. 2026/27: continuous operation Sat 19.12.2026-29.03.2027, weekend operation from November possible snow permitting. Base = Hasliberg Twing/Wasserwendi (Kaeserstatt gondola, company HQ, car park); alternative base Meiringen (aerial cableway to Reuti). Route from Milan via Gotthard-Bruenig or Interlaken; Grimsel and Susten passes closed in winter (not required). Milan route forced via Lucerne to avoid closed Susten.",https://en.meiringen-hasliberg.ch/Infos/tarife | https://en.meiringen-hasliberg.ch/Infos/betriebszeiten | https://www.skiresort.com/en/ski-resort/meiringen-hasliberg/ | https://www.bergfex.com/meiringen-hasliberg/ | https://www.skiinfo.de/jungfrauregion/saisoneroeffnung-skigebiete,medium
Saas-Grund – Hohsaas,,CH,Valais,Saastal (Hohsaas),Non-glacier,2026-12-19,confirmed_2026_27,3200,34,59.0,59.0,CHF,published_2026_27,222,3.21,,3.5,4.0,"Big-vertical off-piste from Hohsaas (Trift/Triftalp) marketed as freeride terrain; classic 4000er tours (Weissmies, Lagginhorn, Fletschhorn) start from the lifts.",https://hohsaas.roundshot.com/kreuzboden/,"Demand-based dynamic pricing (official); skiinfo lists 2026/27 day ticket CHF 59, skiresort CHF 62. Other aggregators give 20 Dec 2025 as the 2025/26 opening (one-day conflict with Watson's 19 Dec). Official 2026/27 season 19 Dec 2026–4 Apr 2027. Base = Hohsaas gondola valley station in Saas-Grund. From Italy via Simplon.",https://www.saas-fee.ch/bbh | https://www.saas-fee.ch/en/services-informationen/prices-timetables-cable-cars/timetables-cable-cars/timetables-cable-cars/winter/saas-grund | https://www.saas-fee.ch/en/winter-in-the-saas-valley/ski-pass-prices/saas-grund | https://www.skiinfo.de/wallis/saas-grund/skipaesse | https://www.skiresort.com/en/ski-resort/hohsaas-saas-grund/ | https://www.watson.ch/schweiz/winter/423823282-skigebiete-schweiz-saisonstart-und-saisonende | https://www.skiresort.com/en/snow-reports/seasonstart/saas-fee-saastal/,medium
Vals,,CH,Graubünden,Vals – Dachberg,Non-glacier,2026-12-19,confirmed_2026_27,2851,25,39.0,39.0,CHF,estimated_from_2025_26,255,3.63,,3.5,3.5,"Small area but the steep, north-facing Dachberg flanks (Leis, Dachberg couloirs) have a cult freeride reputation and near-empty lifts, no event history; the Valser valley is a classic touring destination (Zervreila, Laenta hut, Fanellhorn, Piz Aul, Guraletsch) with good snow but limited lift support.",https://vals.ch/aktuell/webcam/,"Included per criterion 4 (top 2851 m) only - small area (25 km, 6 lifts). Input skiresort_url points to Monterosa Ski by mistake; correct page https://www.skiresort.com/en/ski-resort/vals-dachberg/. Fixed price: adult 1-day CHF 39 (official 2025/26 table, juniors under 16 free; skiinfo 18.11.2025 and skiresort.com agree); 2026/27 prices not yet published. 2025/26 date is the official planned season start (20.12.2025-06.04.2026), actual not verified. Base = Vals village (Vals-Gadastatt gondola valley station in the village, coordinates = village centre, approximate). Route from Milan via San Bernardino tunnel-Chur-Ilanz-Vals (Vals road only from Ilanz), no pass closure on the A13 route. Milan route forced via Mesocco to avoid closed Lukmanier.",https://vals.ch/planen-und-buchen/tickets-abos/ | https://www.skiresort.com/en/ski-resort/vals-dachberg/ | https://www.skiinfo.de/graubuenden/vals/skipaesse | https://vals.ch/aktuell/webcam/,medium
Garmisch-Partenkirchen,,DE,Bavaria,Zugspitze & Garmisch-Classic,Glacier + non-glacier,2026-11-27,confirmed_2026_27,2650,40,69.0,69.0,EUR,estimated_from_2025_26,443,5.35,,3.0,3.0,"Mainly on-piste (Kandahar, Alpspitze); some off-piste on the Zugspitzplatt; touring modest (Alpspitze/Wetterstein, Zugspitze via Reintal) with official ski-touring routes.",https://zugspitze.de/en/Service-information/Webcams,"Zugspitzplatt still marketed and operated as the 'Zugspitze glacier ski area' (20 km, plateau 2600 m, Schneeferner) with lift-served glacier remnant; Garmisch-Classic (40 km, top 2050 m) is a separate area and separate day ticket (2025/26: Zugspitze 69; Classic 69 high/67 low; no combined 1-day ticket, only 2-day Twin Ticket). 2026/27 winter rates not yet published. Garmisch-Classic opens mid-December (2025/26 tickets from 13 Dec 2025; 2026/27 end 29.03.2027). Elevation 2650 from skiresort.com (Zugspitze). Base = Zugspitzbahnhof Garmisch (cogwheel to the Platt; Eibsee cable car alternative).",https://zugspitze.de/en/Our-mountain-worlds/Winter/Zugspitze-ski-area | https://zugspitze.de/en/Our-mountain-worlds/Winter/Garmisch-Classic-ski-area | https://zugspitze.de/en/Service-information/Opening-hours-timetables | https://www.bergfex.com/zugspitze/preise/ | https://www.bergfex.com/garmisch-partenkirchen/preise/ | https://www.skiresort.com/en/ski-resort/zugspitze/ | https://www.skiresort.com/en/ski-resort/garmisch-classic-garmisch-partenkirchen/,medium
Oberstdorf,,DE,Bavaria,"Oberstdorf–Kleinwalsertal (two-country pass, ~130 km)",Non-glacier,2026-12-04,confirmed_2026_27,2224,130,72.9,72.9,EUR,published_2026_27,359,4.96,,3.5,3.5,"Nebelhorn's north-side terrain is the Allgaeu's best-known freeride spot but small; solid Allgaeu touring (Nebelhorn, Fellhorn ridge) without high-alpine variety.",https://www.ok-bergbahnen.com/service/webcams-livecams/,"Two-country day pass 2026/27 adult 72.90 (single published price; 2025/26 68.70; Soellereck-only tickets cheaper). Nebelhorn (2224 m) opens 12 Dec 2026, Fellhorn 4 Dec, Soellereck 'as early as possible'. Base = Nebelhornbahn valley station in Oberstdorf town (Fellhornbahn 5 km south). 2025/26 actual opening not found.",https://www.ok-bergbahnen.com/oeffnungszeiten/ | https://www.ok-bergbahnen.com/preisinformationen/preise-tagesskipass-oberstdorf-kleinwalsertal.html | https://www.ok-bergbahnen.com/ | https://www.skiresort.com/en/ski-resort/nebelhorn-oberstdorf/ | https://www.skiresort.com/en/ski-resort/fellhorn-kanzelwand-oberstdorf-riezlern/ | https://www.skiinfo.de/bayern/saisoneroeffnung-skigebiete,medium
