name,url,country,region,subregion,vertical,base_m,top_m,km,lifts,price,list
Les 3 Vallées – Val Thorens/Les Menuires/Méribel/Courchevel,https://www.skiresort.com/en/ski-resort/les-3-vallees-val-thorens-les-menuires-meribel-courchevel/,France,Auvergne-Rhône-Alpes,Savoie Mont Blanc / Savoie / Albertville / Tarentaise,2130,1100,3230,600,159,€ 81.80,slope+alt+glacier
Les Portes du Soleil – Morzine/Avoriaz/Les Gets/Châtel/Morgins/Champéry,https://www.skiresort.com/en/ski-resort/les-portes-du-soleil-morzine-avoriaz-les-gets-chatel-morgins-champery/,Switzerland,Lemanic Region,Valais (Wallis) / Val d'Illiez / Europe / France / Auvergne-Rhône-Alpes / Savoie Mont Blanc / Haute-Savoie / Portes du Soleil,1269,985,2254,580,164,"€ 72,-",slope+alt
4 Vallées – Verbier/La Tzoumaz/Nendaz/Veysonnaz/Thyon,https://www.skiresort.com/en/ski-resort/4-vallees-verbier-la-tzoumaz-nendaz-veysonnaz-thyon/,Switzerland,Lemanic Region,Valais (Wallis) / Val d’Hérens / Europe / Switzerland / Lemanic Region / Valais (Wallis) / Val de Bagnes,1980,1350,3330,412,68,"SFr. 94,- / approx. € 100,-",slope+alt+glacier
Via Lattea – Sestriere/Sauze d’Oulx/San Sicario/Claviere/Montgenèvre,https://www.skiresort.com/en/ski-resort/via-lattea-sestriere-sauze-doulx-san-sicario-claviere-montgenevre/,Italy,Piedmont (Piemonte),Turin (Torino) / Europe / France / Provence-Alpes-Côte d’Azur / Hautes-Alpes / Briançon,1251,1538,2789,400,69,"€ 66,-",slope+alt
Zermatt/Breuil-Cervinia/Valtournenche – Matterhorn,https://www.skiresort.com/en/ski-resort/zermatt-breuil-cervinia-valtournenche-matterhorn/,Switzerland,Lemanic Region,Valais (Wallis) / Zermatt-Matterhorn / Europe / Italy / Aosta Valley (Valle d'Aosta) / Matterhorn (Monte Cervino),2337,1562,3899,322,51,"SFr. 116,- / approx. € 123,-",slope+alt+glacier
Tignes/Val d'Isère,https://www.skiresort.com/en/ski-resort/tignes-val-disere/,France,Auvergne-Rhône-Alpes,Savoie Mont Blanc / Savoie / Albertville / Tarentaise,1906,1550,3456,300,80,"€ 75,-",slope+alt+glacier
St. Anton/St. Christoph/Stuben/Lech/Zürs/Warth/Schröcken – Ski Arlberg,https://www.skiresort.com/en/ski-resort/st-anton-st-christoph-stuben-lech-zuers-warth-schroecken-ski-arlberg/,Austria,Tyrol (Tirol),Tiroler Oberland / Landeck / St. Anton am Arlberg / Europe / Austria / Vorarlberg / Bregenz / Bregenzerwald,1507,1304,2811,299.7,85,€ 81.50,slope+alt
SkiWelt Wilder Kaiser-Brixental,https://www.skiresort.com/en/ski-resort/skiwelt-wilder-kaiser-brixental/,Austria,Tyrol (Tirol),Tiroler Unterland / Wilder Kaiser / Europe / Austria / Tyrol (Tirol) / Tiroler Unterland / Kitzbüheler Alpen / Brixental / Europe / Austria / Tyrol (Tirol) / Tiroler Unterland / Kitzbüheler Alpen / Holiday Region Hohe Salve,1249,620,1869,275,81,€ 79.50,slope+alt
Les Sybelles – Le Corbier/La Toussuire/Les Bottières/St Sorlin/St Jean d’Arves,https://www.skiresort.com/en/ski-resort/les-sybelles-le-corbier-la-toussuire-les-bottieres-st-sorlin-st-jean-darves/,France,Auvergne-Rhône-Alpes,Savoie Mont Blanc / Savoie / Maurienne,1520,1100,2620,275,61,€ 60.50,slope+alt
Saalbach Hinterglemm Leogang Fieberbrunn (Skicircus),https://www.skiresort.com/en/ski-resort/saalbach-hinterglemm-leogang-fieberbrunn-skicircus/,Austria,Salzburg (Salzburger Land),Pinzgau / Glemmtal / Europe / Austria / Salzburg (Salzburger Land) / Pinzgau / Saalfelden Leogang / Europe / Austria / Tyrol (Tirol) / Tiroler Unterland / Kitzbüheler Alpen / Pillersee Valley (Pillerseetal),1266,830,2096,270,69,"€ 82,-",slope+alt
Le Grand Massif – Flaine/Les Carroz/Morillon/Samoëns/Sixt,https://www.skiresort.com/en/ski-resort/le-grand-massif-flaine-les-carroz-morillon-samoens-sixt/,France,Auvergne-Rhône-Alpes,Savoie Mont Blanc / Haute-Savoie / Bonneville / Faucigny / Europe / France / Auvergne-Rhône-Alpes / Savoie Mont Blanc / Haute-Savoie / Bonneville / Faucigny Grand Massif,1783,697,2480,265,63,"€ 61,-",slope+alt
Serre Chevalier – Briançon/Chantemerle/Villeneuve-la-Salle/Le Monêtier-les-Bains,https://www.skiresort.com/en/ski-resort/serre-chevalier-briancon-chantemerle-villeneuve-la-salle-le-monetier-les-bains/,France,Provence-Alpes-Côte d’Azur,Hautes-Alpes / Briançon / Vallée de la Guisane,1600,1200,2800,250,59,€ 65.50,slope+alt
Alpe d'Huez,https://www.skiresort.com/en/ski-resort/alpe-dhuez/,France,Auvergne-Rhône-Alpes,Isère / Grenoble,2205,1125,3330,250,68,"€ 66,-",slope+alt+glacier
Ischgl/Samnaun – Silvretta Arena,https://www.skiresort.com/en/ski-resort/ischgl-samnaun-silvretta-arena/,Austria,Tyrol (Tirol),Tiroler Oberland / Landeck / Paznaun-Ischgl / Europe / Switzerland / Eastern Switzerland / Graubünden / Engadin Samnaun Val Müstair,1512,1360,2872,239,45,"€ 83,-",slope+alt
Arosa Lenzerheide,https://www.skiresort.com/en/ski-resort/arosa-lenzerheide/,Switzerland,Eastern Switzerland,Graubünden / Arosa / Europe / Switzerland / Eastern Switzerland / Graubünden / Lenzerheide,1636,1229,2865,225,43,"SFr. 89,- / approx. € 94,-",slope+alt
La Plagne (Paradiski),https://www.skiresort.com/en/ski-resort/la-plagne-paradiski/,France,Auvergne-Rhône-Alpes,Savoie Mont Blanc / Savoie / Albertville / Tarentaise,1960,1207,3167,225,74,"€ 70,-",slope+alt+glacier
Les 2 Alpes,https://www.skiresort.com/en/ski-resort/les-2-alpes/,France,Auvergne-Rhône-Alpes,Isère / Grenoble,2243,1280,3523,220,40,"€ 66,-",slope+alt+glacier
Les Arcs/Peisey-Vallandry (Paradiski),https://www.skiresort.com/en/ski-resort/les-arcs-peisey-vallandry-paradiski/,France,Auvergne-Rhône-Alpes,Savoie Mont Blanc / Savoie / Albertville / Tarentaise,2026,1200,3226,200,52,"€ 70,-",slope+alt+glacier
Espace Diamant – Les Saisies/Notre-Dame-de-Bellecombe/Praz sur Arly/Flumet/Crest-Voland,https://www.skiresort.com/en/ski-resort/espace-diamant-les-saisies-notre-dame-de-bellecombe-praz-sur-arly-flumet-crest-voland/,France,Auvergne-Rhône-Alpes,Savoie Mont Blanc / Savoie / Albertville / Beaufortain / Europe / France / Auvergne-Rhône-Alpes / Savoie Mont Blanc / Haute-Savoie / Bonneville / Pays du Mont Blanc / Europe / France / Auvergne-Rhône-Alpes / Savoie Mont Blanc / Savoie / Albertville / Val d'Arly,1069,1000,2069,192,80,"€ 50,-",slope+alt
KitzSki – Kitzbühel/Kirchberg,https://www.skiresort.com/en/ski-resort/kitzski-kitzbuehel-kirchberg/,Austria,Tyrol (Tirol),Tiroler Unterland / Kitzbühel (District) / Kitzbühel / Europe / Austria / Tyrol (Tirol) / Tiroler Unterland / Kitzbüheler Alpen / Brixental / Europe / Austria / Salzburg (Salzburger Land) / Pinzgau,1200,800,2000,188,58,"€ 83,-",slope+alt
Serfaus-Fiss-Ladis,https://www.skiresort.com/en/ski-resort/serfaus-fiss-ladis/,Austria,Tyrol (Tirol),Tiroler Oberland (region) / Landeck / Serfaus-Fiss-Ladis,1628,1200,2828,186,38,"€ 78,-",slope+alt
Megève/Saint-Gervais,https://www.skiresort.com/en/ski-resort/megeve-saint-gervais/,France,Auvergne-Rhône-Alpes,Savoie Mont Blanc / Haute-Savoie / Bonneville / Pays du Mont Blanc,1503,850,2353,185,60,€ 63.50,slope+alt
Vars/Risoul – La Forêt Blanche,https://www.skiresort.com/en/ski-resort/vars-risoul-la-foret-blanche/,France,Provence-Alpes-Côte d’Azur,Hautes-Alpes / Briançon,1100,1650,2750,185,34,"€ 58,-",slope+alt
Val Gardena (Gröden),https://www.skiresort.com/en/ski-resort/val-gardena-groeden/,Italy,Trentino-Alto Adige (Trentino-Südtirol),South Tyrol (Südtirol) / Val Gardena (Gröden),1282,1236,2518,181,78,,slope+alt
Espace Lumière – Pra Loup/Val d’Allos,https://www.skiresort.com/en/ski-resort/espace-lumiere-pra-loup-val-dallos/,France,Provence-Alpes-Côte d’Azur,Alpes-de-Haute-Provence / Castellane / Val d'Allos (Haut Verdon) / Europe / France / Provence-Alpes-Côte d’Azur / Alpes-de-Haute-Provence / Barcelonnette / Vallée de l'Ubaye,968,1608,2576,180,36,€ 48.50,slope+alt
Laax/Flims/Falera,https://www.skiresort.com/en/ski-resort/laax-flims-falera/,Switzerland,Eastern Switzerland,Graubünden / Flims Laax Falera,1918,1100,3018,176,29,,slope+alt+glacier
Le Grand Domaine – Valmorel/Doucy/Celliers/St François Longchamp,https://www.skiresort.com/en/ski-resort/le-grand-domaine-valmorel-doucy-celliers-st-francois-longchamp/,France,Auvergne-Rhône-Alpes,Savoie Mont Blanc / Savoie / Albertville / Tarentaise,1264,1250,2514,165,43,€ 58.50,slope+alt
Galibier Thabor – Valmeinier/Valloire,https://www.skiresort.com/en/ski-resort/galibier-thabor-valmeinier-valloire/,France,Auvergne-Rhône-Alpes,Savoie Mont Blanc / Savoie / Maurienne,1320,1430,2750,160,30,€ 53.60,slope+alt
Madonna di Campiglio/Pinzolo/Folgàrida/Marilleva,https://www.skiresort.com/en/ski-resort/madonna-di-campiglio-pinzolo-folgarida-marilleva/,Italy,Trentino-Alto Adige (Trentino-Südtirol),Trentino / Val di Sole (Sole Valley) / Europe / Italy / Trentino-Alto Adige (Trentino-Südtirol) / Trentino / Madonna di Campiglio/​Pinzolo/​Val Rendena,1652,852,2504,155,58,"€ 85,-",slope+alt
St. Moritz – Corviglia,https://www.skiresort.com/en/ski-resort/st-moritz-corviglia/,Switzerland,Eastern Switzerland,Graubünden / Engadin St. Moritz,1285,1772,3057,155,23,,slope+alt
Zillertal Arena – Zell am Ziller/Gerlos/Königsleiten/Hochkrimml,https://www.skiresort.com/en/ski-resort/zillertal-arena-zell-am-ziller-gerlos-koenigsleiten-hochkrimml/,Austria,Tyrol (Tirol),Tiroler Unterland / Schwaz / Zillertal / Zell-Gerlos,1920,580,2500,150.1,52,"€ 82,-",slope+alt
Sölden,https://www.skiresort.com/en/ski-resort/soelden/,Austria,Tyrol (Tirol),Tiroler Oberland (region) / Imst (District) / Ötztal,1990,1350,3340,145.7,31,€ 86.50,slope+alt+glacier
Espace San Bernardo – La Rosière/La Thuile,https://www.skiresort.com/en/ski-resort/espace-san-bernardo-la-rosiere-la-thuile/,France,Auvergne-Rhône-Alpes,Savoie Mont Blanc / Savoie / Albertville / Tarentaise / Europe / Italy / Aosta Valley (Valle d'Aosta) / Mont Blanc (Monte Bianco),1610,1190,2800,143.1,37,"€ 58,-",slope+alt
Mayrhofen – Penken/Ahorn/Rastkogel/Eggalm (Mountopolis),https://www.skiresort.com/en/ski-resort/mayrhofen-penken-ahorn-rastkogel-eggalm-mountopolis/,Austria,Tyrol (Tirol),Tiroler Unterland / Schwaz / Zillertal / Mayrhofen-Hippach / Europe / Austria / Tyrol (Tirol) / Tiroler Unterland / Schwaz / Zillertal / Tux-Finkenberg,1870,630,2500,142,61,"€ 82,-",slope+alt
Silvretta Montafon,https://www.skiresort.com/en/ski-resort/silvretta-montafon/,Austria,Vorarlberg,Bludenz / Montafon,1730,700,2430,141.6,35,"€ 77,-",slope+alt
Crans-Montana,https://www.skiresort.com/en/ski-resort/crans-montana/,Switzerland,Lemanic Region,Valais (Wallis),1417,1510,2927,140,24,"SFr. 89,- / approx. € 94,-",slope+alt+glacier
Auron (Saint-Etienne-de-Tinée),https://www.skiresort.com/en/ski-resort/auron-saint-etienne-de-tinee/,France,Provence-Alpes-Côte d’Azur,Alpes-Maritimes / Nice,850,1600,2450,135,16,"€ 44,-",slope+alt
Alagna Valsesia/Gressoney-La-Trinité/Champoluc/Frachey (Monterosa Ski),https://www.skiresort.com/en/ski-resort/alagna-valsesia-gressoney-la-trinite-champoluc-frachey-monterosa-ski/,Italy,Aosta Valley (Valle d'Aosta),Monte Rosa / Europe / Italy / Piedmont (Piemonte) / Valsesia (Valle della Sesia),2063,1212,3275,132,21,"€ 69,-",slope+alt+glacier
Alta Badia,https://www.skiresort.com/en/ski-resort/alta-badia/,Italy,Trentino-Alto Adige (Trentino-Südtirol),South Tyrol (Südtirol) / Alta Badia,1454,1324,2778,130,53,"€ 80,-",slope+alt
Kronplatz (Plan de Corones),https://www.skiresort.com/en/ski-resort/kronplatz-plan-de-corones/,Italy,Trentino-Alto Adige (Trentino-Südtirol),South Tyrol (Südtirol) / Plan de Corones (Kronplatz),1302,973,2275,125,32,"€ 80,-",slope+alt
Val Cenis – Lanslevillard/Lanslebourg/Termignon,https://www.skiresort.com/en/ski-resort/val-cenis-lanslevillard-lanslebourg-termignon/,France,Auvergne-Rhône-Alpes,Savoie Mont Blanc / Savoie / Maurienne / Haute Maurienne Vanoise,1500,1300,2800,125,28,€ 49.50,slope+alt
Espace Villard Corrençon – Villard-de-Lans/Corrençon-en-Vercors,https://www.skiresort.com/en/ski-resort/espace-villard-correncon-villard-de-lans-correncon-en-vercors/,France,Auvergne-Rhône-Alpes,Isère / Grenoble,1000,1050,2050,125,19,"€ 43,-",slope+alt
La Clusaz/Manigod,https://www.skiresort.com/en/ski-resort/la-clusaz-manigod/,France,Auvergne-Rhône-Alpes,Savoie Mont Blanc / Haute-Savoie / Bornes Aravis,1435,1050,2485,125,49,€ 54.50,slope+alt
Schladming – Planai/Hochwurzen/Hauser Kaibling/Reiteralm (4-Berge-Skischaukel),https://www.skiresort.com/en/ski-resort/schladming-planai-hochwurzen-hauser-kaibling-reiteralm-4-berge-skischaukel/,Austria,Styria (Steiermark),Liezen / Schladming-Dachstein,1287,728,2015,123,47,€ 78.50,slope+alt
Snow Space Salzburg – Flachau/Wagrain/St. Johann-Alpendorf,https://www.skiresort.com/en/ski-resort/snow-space-salzburg-flachau-wagrain-st-johann-alpendorf/,Austria,Salzburg (Salzburger Land),Pongau / Salzburger Sportwelt,1240,740,1980,120.1,43,"€ 75,-",slope+alt
Hochkönig – Maria Alm/Dienten/Mühlbach,https://www.skiresort.com/en/ski-resort/hochkoenig-maria-alm-dienten-muehlbach/,Austria,Salzburg (Salzburger Land),Hochkönig,1100,800,1900,120,34,€ 78.50,slope+alt
Obersaxen/Mundaun/Val Lumnezia,https://www.skiresort.com/en/ski-resort/obersaxen-mundaun-val-lumnezia/,Switzerland,Eastern Switzerland,Graubünden / Surselva,1109,1201,2310,120,15,"SFr. 67,- / approx. € 71,-",slope+alt
Cortina d'Ampezzo,https://www.skiresort.com/en/ski-resort/cortina-dampezzo/,Italy,Venetia (Veneto),Belluno / Cortina d’Ampezzo,1611,1217,2828,120,25,"€ 80,-",slope+alt
Corvatsch/Furtschellas,https://www.skiresort.com/en/ski-resort/corvatsch-furtschellas/,Switzerland,Eastern Switzerland,Graubünden / Engadin St. Moritz,1506,1797,3303,120,14,,slope+alt+glacier
Les 7 Laux – Prapoutel/Le Pleynet/Pipay,https://www.skiresort.com/en/ski-resort/les-7-laux-prapoutel-le-pleynet-pipay/,France,Auvergne-Rhône-Alpes,Isère / Grenoble / « / ‹ / 1,1050,1350,2400,120,22,"€ 43,-",slope+alt
Les Contamines/Hauteluce,https://www.skiresort.com/en/ski-resort/les-contamines-hauteluce/,France,Auvergne-Rhône-Alpes,Savoie Mont Blanc / Savoie / Albertville / Beaufortain / Europe / France / Auvergne-Rhône-Alpes / Savoie Mont Blanc / Haute-Savoie / Bonneville / Pays du Mont Blanc,1273,1164,2437,120,24,€ 54.50,slope+alt
Isola 2000,https://www.skiresort.com/en/ski-resort/isola-2000/,France,Provence-Alpes-Côte d’Azur,Alpes-Maritimes / Nice,803,1800,2603,120,20,"€ 44,-",slope+alt
Livigno,https://www.skiresort.com/en/ski-resort/livigno/,Italy,Lombardy,Valtellina / Alta Valtellina,982,1816,2798,115,32,"€ 72,-",slope+alt
Grimentz/Zinal,https://www.skiresort.com/en/ski-resort/grimentz-zinal/,Switzerland,Lemanic Region,Valais (Wallis) / Val d'Anniviers,1330,1570,2900,115,21,"SFr. 73,- / approx. € 77,-",slope+alt
Gurgl – Obergurgl-Hochgurgl,https://www.skiresort.com/en/ski-resort/gurgl-obergurgl-hochgurgl/,Austria,Tyrol (Tirol),Tiroler Oberland (region) / Imst (District) / Ötztal,1237,1793,3030,112.2,25,,slope+alt
Nassfeld – Hermagor,https://www.skiresort.com/en/ski-resort/nassfeld-hermagor/,Austria,Carinthia (Kärnten),Nassfeld-Pressegger See,1402,600,2002,110,29,€ 69.50,slope+alt
Mondolè Ski – Artesina/Frabosa Soprana/Prato Nevoso,https://www.skiresort.com/en/ski-resort/mondole-ski-artesina-frabosa-soprana-prato-nevoso/,Italy,Piedmont (Piemonte),Cuneo,1278,807,2085,105.3,24,"€ 52,-",slope+alt
Aletsch Arena – Riederalp/Bettmeralp/Fiesch Eggishorn,https://www.skiresort.com/en/ski-resort/aletsch-arena-riederalp-bettmeralp-fiesch-eggishorn/,Switzerland,Lemanic Region,Valais (Wallis) / Aletsch Arena,1024,1845,2869,104,35,"SFr. 66,- / approx. € 70,-",slope+alt
Bad Kleinkirchheim,https://www.skiresort.com/en/ski-resort/bad-kleinkirchheim/,Austria,Carinthia (Kärnten),Upper Carinthia (Oberkärnten) / Spittal an der Drau,968,1087,2055,103,24,€ 69.50,slope+alt
Kleine Scheidegg/Männlichen – Grindelwald/Wengen,https://www.skiresort.com/en/ski-resort/kleine-scheidegg-maennlichen-grindelwald-wengen/,Switzerland,Espace Mittelland,Bern / Bernese Oberland / Jungfrau Region,1456,944,2400,101,23,"SFr. 83,- / approx. € 88,-",slope+alt
Obertauern,https://www.skiresort.com/en/ski-resort/obertauern/,Austria,Salzburg (Salzburger Land),Lungau / Europe / Austria / Salzburg (Salzburger Land) / Obertauern,683,1630,2313,100,26,"€ 72,-",slope+alt
Ponte di Legno/Tonale/Presena Glacier/Temù (Pontedilegno-Tonale),https://www.skiresort.com/en/ski-resort/ponte-di-legno-tonale-presena-glacier-temu-pontedilegno-tonale/,Italy,Trentino-Alto Adige (Trentino-Südtirol),Trentino / Val di Sole (Sole Valley),1879,1121,3000,100,29,"€ 64,-",slope+alt+glacier
Saas-Fee,https://www.skiresort.com/en/ski-resort/saas-fee/,Switzerland,Lemanic Region,Valais (Wallis) / Saas-Fee/​Saastal,1773,1800,3573,100,23,"SFr. 84,- / approx. € 89,-",slope+alt+glacier
Dévoluy – Superdévoluy/La Joue du Loup,https://www.skiresort.com/en/ski-resort/devoluy-superdevoluy-la-joue-du-loup/,France,Provence-Alpes-Côte d’Azur,Hautes-Alpes / Gap,1000,1500,2500,100,20,"€ 44,-",slope+alt
Les Orres,https://www.skiresort.com/en/ski-resort/les-orres/,France,Provence-Alpes-Côte d’Azur,Hautes-Alpes / Gap,1170,1550,2720,100,17,€ 44.50,slope+alt
Orcières Merlette 1850,https://www.skiresort.com/en/ski-resort/orcieres-merlette-1850/,France,Provence-Alpes-Côte d’Azur,Hautes-Alpes / Gap,875,1850,2725,100,26,"€ 46,-",slope+alt
Bardonecchia,https://www.skiresort.com/en/ski-resort/bardonecchia/,Italy,Piedmont (Piemonte),Turin (Torino) / Susa Valley (Val di Susa),1488,1312,2800,100,22,"€ 49,-",slope+alt
Ski Juwel Alpbachtal Wildschönau,https://www.skiresort.com/en/ski-resort/ski-juwel-alpbachtal-wildschoenau/,Austria,Tyrol (Tirol),Tiroler Unterland / Kufstein / Holiday Region Alpbachtal / Europe / Austria / Tyrol (Tirol) / Tiroler Unterland / Kufstein / Wildschönau,1200,830,2030,97.7,45,€ 71.50,slope+alt
Parsenn (Davos Klosters),https://www.skiresort.com/en/ski-resort/parsenn-davos-klosters/,Switzerland,Eastern Switzerland,Graubünden / Davos Klosters,2034,810,2844,95.5,18,"SFr. 86,- / approx. € 91,-",slope+alt
Chamrousse,https://www.skiresort.com/en/ski-resort/chamrousse/,France,Auvergne-Rhône-Alpes,Isère / Grenoble,850,1400,2250,90,16,€ 43.50,slope+alt
Le Grand Bornand,https://www.skiresort.com/en/ski-resort/le-grand-bornand/,France,Auvergne-Rhône-Alpes,Savoie Mont Blanc / Haute-Savoie / Bornes Aravis,1100,1000,2100,90,25,"€ 49,-",slope+alt
Valberg/Beuil les Launes,https://www.skiresort.com/en/ski-resort/valberg-beuil-les-launes/,France,Provence-Alpes-Côte d’Azur,Alpes-Maritimes / Nice,608,1412,2020,90,23,"€ 37,-",slope+alt
Kaltenbach – Hochzillertal/Hochfügen (SKi-optimal),https://www.skiresort.com/en/ski-resort/kaltenbach-hochzillertal-hochfuegen-ski-optimal/,Austria,Tyrol (Tirol),Tiroler Unterland / Schwaz / Zillertal / Fügen-Kaltenbach,1778,600,2378,89.1,38,"€ 83,-",slope+alt
Rinderberg/Saanerslochgrat/Horneggli – Zweisimmen/Saanenmöser/Schönried/St. Stephan,https://www.skiresort.com/en/ski-resort/rinderberg-saanerslochgrat-horneggli-zweisimmen-saanenmoeser-schoenried-st-stephan/,Switzerland,Espace Mittelland,Bern / Bernese Oberland / Gstaad,1063,948,2011,88.9,16,"SFr. 89,- / approx. € 94,-",slope+alt
Villars/Gryon/Les Diablerets,https://www.skiresort.com/en/ski-resort/villars-gryon-les-diablerets/,Switzerland,Lemanic Region,Waadt,896,1224,2120,87,30,"SFr. 69,- / approx. € 73,-",slope+alt
3 Zinnen Dolomites – Helm/Stiergarten/Rotwand/Kreuzbergpass,https://www.skiresort.com/en/ski-resort/3-zinnen-dolomites-helm-stiergarten-rotwand-kreuzbergpass/,Italy,Trentino-Alto Adige (Trentino-Südtirol),South Tyrol (Südtirol) / 3 Zinnen Dolomites,1095,1130,2225,86.4,19,"€ 80,-",slope+alt
Adelboden/Lenk – Chuenisbärgli/Silleren/Hahnenmoos/Metsch,https://www.skiresort.com/en/ski-resort/adelboden-lenk-chuenisbaergli-silleren-hahnenmoos-metsch/,Switzerland,Espace Mittelland,Bern / Bernese Oberland / Adelboden-Frutigen / Europe / Switzerland / Espace Mittelland / Bern / Bernese Oberland / Lenk-Simmental,940,1260,2200,86,22,,slope+alt
Les Portes du Mont-Blanc – Combloux/Megève le Jaillet/La Giettaz,https://www.skiresort.com/en/ski-resort/les-portes-du-mont-blanc-combloux-megeve-le-jaillet-la-giettaz/,France,Auvergne-Rhône-Alpes,Savoie Mont Blanc / Haute-Savoie / Bonneville / Pays du Mont Blanc / Europe / France / Auvergne-Rhône-Alpes / Savoie Mont Blanc / Savoie / Albertville / Val d'Arly,910,1020,1930,85,20,€ 51.50,slope+alt
Bad Gastein/Bad Hofgastein – Schlossalm/Angertal/Stubnerkogel,https://www.skiresort.com/en/ski-resort/bad-gastein-bad-hofgastein-schlossalm-angertal-stubnerkogel/,Austria,Salzburg (Salzburger Land),Pongau / Gastein,1440,860,2300,82.7,17,€ 78.50,slope+alt
Katschberg,https://www.skiresort.com/en/ski-resort/katschberg/,Austria,Carinthia (Kärnten),Upper Carinthia (Oberkärnten) / Spittal an der Drau / Katschberg-Rennweg,1154,1066,2220,80,17,"€ 73,-",slope+alt
Schmittenhöhe – Zell am See,https://www.skiresort.com/en/ski-resort/schmittenhoehe-zell-am-see/,Austria,Salzburg (Salzburger Land),Pinzgau / Zell am See-Kaprun,1240,760,2000,77,27,"€ 82,-",slope+alt
Damüls Mellau,https://www.skiresort.com/en/ski-resort/damuels-mellau/,Austria,Vorarlberg,Bregenz / Bregenzerwald,1340,710,2050,75.8,21,€ 72.50,slope+alt
Wildkogel – Neukirchen/Bramberg,https://www.skiresort.com/en/ski-resort/wildkogel-neukirchen-bramberg/,Austria,Salzburg (Salzburger Land),Pinzgau / Europe / Austria / Salzburg (Salzburger Land) / Zell am See,1330,820,2150,75,20,€ 69.50,slope+alt
Nauders am Reschenpass – Bergkastel,https://www.skiresort.com/en/ski-resort/nauders-am-reschenpass-bergkastel/,Austria,Tyrol (Tirol),Tiroler Oberland (region) / Landeck / Tiroler Oberland,1350,1400,2750,75,11,"€ 65,-",slope+alt
Puy-Saint-Vincent,https://www.skiresort.com/en/ski-resort/puy-saint-vincent/,France,Provence-Alpes-Côte d’Azur,Hautes-Alpes / Briançon / Vallée de l'Onde à Vallouise,1270,1407,2677,75,11,€ 41.50,slope+alt
Folgaria/Fiorentini,https://www.skiresort.com/en/ski-resort/folgaria-fiorentini/,Italy,Trentino-Alto Adige (Trentino-Südtirol),Trentino / Alpe Cimbra,647,1177,1824,74,28,"€ 59,-",slope+alt
Savognin,https://www.skiresort.com/en/ski-resort/savognin/,Switzerland,Eastern Switzerland,Graubünden / Savognin Bivio Albula / Surses (Oberhalbstein),1545,1168,2713,73.5,12,,slope+alt
Alpe di Siusi (Seiser Alm),https://www.skiresort.com/en/ski-resort/alpe-di-siusi-seiser-alm/,Italy,Trentino-Alto Adige (Trentino-Südtirol),South Tyrol (Südtirol) / Seiser Alm,993,1227,2220,73,21,,slope+alt
Civetta – Alleghe/Selva di Cadore/Palafavera/Zoldo,https://www.skiresort.com/en/ski-resort/civetta-alleghe-selva-di-cadore-palafavera-zoldo/,Italy,Venetia (Veneto),Belluno,1100,1000,2100,72,23,"€ 70,-",slope+alt
Praz de Lys/Sommand (Taninges/Mieussy),https://www.skiresort.com/en/ski-resort/praz-de-lys-sommand-taninges-mieussy/,France,Auvergne-Rhône-Alpes,Savoie Mont Blanc / Haute-Savoie / Bonneville / Faucigny,726,1240,1966,72,23,"€ 36,-",slope+alt
Andermatt/Oberalp/Sedrun,https://www.skiresort.com/en/ski-resort/andermatt-oberalp-sedrun/,Switzerland,Central Switzerland,Uri / Andermatt / Europe / Switzerland / Eastern Switzerland / Graubünden / Disentis Sedrun,1156,1444,2600,70,13,"SFr. 89,- / approx. € 94,-",slope+alt
Scuol – Motta Naluns,https://www.skiresort.com/en/ski-resort/scuol-motta-naluns/,Switzerland,Eastern Switzerland,Graubünden / Engadin Samnaun Val Müstair,1535,1250,2785,70,12,"SFr. 69,- / approx. € 73,-",slope+alt
Titlis – Engelberg,https://www.skiresort.com/en/ski-resort/titlis-engelberg/,Switzerland,Central Switzerland,Engelberg-Titlis,2017,1003,3020,70,18,,slope+alt+glacier
Pila,https://www.skiresort.com/en/ski-resort/pila/,Italy,Aosta Valley (Valle d'Aosta),Aosta and surroundings,1200,1540,2740,70,13,"€ 58,-",slope+alt
Valfréjus,https://www.skiresort.com/en/ski-resort/valfrejus/,France,Auvergne-Rhône-Alpes,Savoie Mont Blanc / Savoie / Maurienne,1187,1550,2737,70,9,"€ 43,-",slope+alt
Dorfgastein/Großarltal,https://www.skiresort.com/en/ski-resort/dorfgastein-grossarltal/,Austria,Salzburg (Salzburger Land),Pongau / Grossarltal / Europe / Austria / Salzburg (Salzburger Land) / Pongau / Gastein,1184,849,2033,67.5,16,€ 81.50,slope+alt
Passo San Pellegrino/Falcade,https://www.skiresort.com/en/ski-resort/passo-san-pellegrino-falcade/,Italy,Trentino-Alto Adige (Trentino-Südtirol),Trentino / Val di Fassa (Fassa Valley/​Fassatal),1323,1190,2513,67.5,15,"€ 71,-",slope+alt
Flumserberg,https://www.skiresort.com/en/ski-resort/flumserberg/,Switzerland,Eastern Switzerland,Heidiland,1557,665,2222,65,17,"SFr. 74,- / approx. € 78,-",slope+alt
Belpiano (Schöneben)/Malga San Valentino (Haideralm),https://www.skiresort.com/en/ski-resort/belpiano-schoeneben-malga-san-valentino-haideralm/,Italy,Trentino-Alto Adige (Trentino-Südtirol),South Tyrol (Südtirol) / Venosta Valley (Vinschgau),930,1460,2390,65,10,"€ 70,-",slope+alt
Stubai Glacier (Stubaier Gletscher),https://www.skiresort.com/en/ski-resort/stubai-glacier-stubaier-gletscher/,Austria,Tyrol (Tirol),Innsbruck / Innsbruck-Land / Stubai,1515,1695,3210,65,26,€ 72.50,slope+alt+glacier
La Norma,https://www.skiresort.com/en/ski-resort/la-norma/,France,Auvergne-Rhône-Alpes,Savoie Mont Blanc / Savoie / Maurienne / Haute Maurienne Vanoise,1394,1352,2746,65,13,"€ 43,-",slope+alt
Super Sauze,https://www.skiresort.com/en/ski-resort/super-sauze/,France,Provence-Alpes-Côte d’Azur,Alpes-de-Haute-Provence / Barcelonnette / Vallée de l'Ubaye,1050,1400,2450,65,19,"€ 39,-",slope+alt
Hintertux Glacier (Hintertuxer Gletscher),https://www.skiresort.com/en/ski-resort/hintertux-glacier-hintertuxer-gletscher/,Austria,Tyrol (Tirol),Tiroler Unterland / Schwaz / Zillertal / Tux-Finkenberg,1750,1500,3250,64,20,"€ 82,-",slope+alt+glacier
Arabba/Marmolada,https://www.skiresort.com/en/ski-resort/arabba-marmolada/,Italy,Venetia (Veneto),Belluno,1823,1446,3269,63,24,"€ 75,-",slope+alt+glacier
Kitzsteinhorn/Maiskogel – Kaprun,https://www.skiresort.com/en/ski-resort/kitzsteinhorn-maiskogel-kaprun/,Austria,Salzburg (Salzburger Land),Pinzgau / Zell am See-Kaprun,2261,768,3029,62.5,24,"€ 82,-",slope+alt+glacier
San Martino di Castrozza,https://www.skiresort.com/en/ski-resort/san-martino-di-castrozza/,Italy,Trentino-Alto Adige (Trentino-Südtirol),Trentino / San Martino di Castrozza/​Passo Rolle/​Primiero/​Vanoi,953,1404,2357,60,20,"€ 70,-",slope+alt
Meiringen-Hasliberg,https://www.skiresort.com/en/ski-resort/meiringen-hasliberg/,Switzerland,Espace Mittelland,Bern / Bernese Oberland / Haslital,1368,1065,2433,60,13,"SFr. 65,- / approx. € 69,-",slope+alt
Disentis,https://www.skiresort.com/en/ski-resort/disentis/,Switzerland,Eastern Switzerland,Graubünden / Disentis Sedrun,1606,1227,2833,60,12,"SFr. 64,- / approx. € 68,-",slope+alt
Saint Luc/Chandolin (Anniviers),https://www.skiresort.com/en/ski-resort/saint-luc-chandolin-anniviers/,Switzerland,Lemanic Region,Valais (Wallis) / Val d'Anniviers,1300,1680,2980,60,15,"SFr. 66,- / approx. € 70,-",slope+alt
Leysin,https://www.skiresort.com/en/ski-resort/leysin/,Switzerland,Lemanic Region,Waadt,948,1250,2198,60,12,"SFr. 68,- / approx. € 72,-",slope+alt
Les Karellis,https://www.skiresort.com/en/ski-resort/les-karellis/,France,Auvergne-Rhône-Alpes,Savoie Mont Blanc / Savoie / Maurienne,932,1550,2482,60,17,"€ 35,-",slope+alt
Eggli/La Videmanette – Gstaad/Saanen/Rougemont,https://www.skiresort.com/en/ski-resort/eggli-la-videmanette-gstaad-saanen-rougemont/,Switzerland,Espace Mittelland,Bern / Bernese Oberland / Gstaad,1159,992,2151,58,9,"SFr. 89,- / approx. € 94,-",slope+alt
Anzère,https://www.skiresort.com/en/ski-resort/anzere/,Switzerland,Lemanic Region,Valais (Wallis),904,1516,2420,58,12,"SFr. 68,- / approx. € 72,-",slope+alt
Brévent/Flégère (Chamonix),https://www.skiresort.com/en/ski-resort/brevent-flegere-chamonix/,France,Auvergne-Rhône-Alpes,Savoie Mont Blanc / Haute-Savoie / Bonneville / Pays du Mont Blanc / Chamonix-Mont-Blanc,1495,1030,2525,56,17,"€ 74,-",slope+alt
Belvedere/Col Rodella/Ciampac/Buffaure – Canazei/Campitello/Alba/Pozza di Fassa,https://www.skiresort.com/en/ski-resort/belvedere-col-rodella-ciampac-buffaure-canazei-campitello-alba-pozza-di-fassa/,Italy,Trentino-Alto Adige (Trentino-Südtirol),Trentino / Val di Fassa (Fassa Valley/​Fassatal),1165,1320,2485,55.2,35,"€ 76,-",slope+alt
Gitschberg Jochtal,https://www.skiresort.com/en/ski-resort/gitschberg-jochtal/,Italy,Trentino-Alto Adige (Trentino-Südtirol),South Tyrol (Südtirol) / Eisacktal / Gitschberg-Jochtal,1203,1307,2510,55,14,"€ 73,-",slope+alt
Kaunertal Glacier (Kaunertaler Gletscher),https://www.skiresort.com/en/ski-resort/kaunertal-glacier-kaunertaler-gletscher/,Austria,Tyrol (Tirol),Tiroler Oberland (region) / Landeck / Tiroler Oberland,963,2150,3113,55,9,"€ 75,-",slope+alt+glacier
Les Houches/Saint-Gervais – Prarion/Bellevue (Chamonix),https://www.skiresort.com/en/ski-resort/les-houches-saint-gervais-prarion-bellevue-chamonix/,France,Auvergne-Rhône-Alpes,Savoie Mont Blanc / Haute-Savoie / Bonneville / Pays du Mont Blanc / Chamonix-Mont-Blanc,900,1000,1900,55,15,"€ 59,-",slope+alt
Grossglockner Heiligenblut,https://www.skiresort.com/en/ski-resort/grossglockner-heiligenblut/,Austria,Carinthia (Kärnten),Upper Carinthia (Oberkärnten) / Spittal an der Drau / Mölltal,1601,1301,2902,55,11,,slope+alt
Aussois,https://www.skiresort.com/en/ski-resort/aussois/,France,Auvergne-Rhône-Alpes,Savoie Mont Blanc / Savoie / Maurienne / Haute Maurienne Vanoise,1175,1530,2705,55,7,"€ 40,-",slope+alt
Alpe du Grand-Serre – La Morte,https://www.skiresort.com/en/ski-resort/alpe-du-grand-serre-la-morte/,France,Auvergne-Rhône-Alpes,Isère / Grenoble,817,1367,2184,55,14,"€ 33,-",slope+alt
Hochzeiger – Jerzens,https://www.skiresort.com/en/ski-resort/hochzeiger-jerzens/,Austria,Tyrol (Tirol),Tiroler Oberland (region) / Imst (District) / Pitztal,1038,1450,2488,54,9,"€ 69,-",slope+alt
Schilthorn – Mürren/Lauterbrunnen,https://www.skiresort.com/en/ski-resort/schilthorn-muerren-lauterbrunnen/,Switzerland,Espace Mittelland,Bern / Bernese Oberland / Jungfrau Region,2174,796,2970,54,17,"SFr. 83,- / approx. € 88,-",slope+alt
Gerlitzen,https://www.skiresort.com/en/ski-resort/gerlitzen/,Austria,Carinthia (Kärnten),Villach Region,911,1000,1911,52.9,21,€ 69.50,slope+alt
Riserva Bianca – Limone Piemonte,https://www.skiresort.com/en/ski-resort/riserva-bianca-limone-piemonte/,Italy,Piedmont (Piemonte),Cuneo,1014,1046,2060,52,16,"€ 48,-",slope+alt
Rinerhorn (Davos Klosters),https://www.skiresort.com/en/ski-resort/rinerhorn-davos-klosters/,Switzerland,Eastern Switzerland,Graubünden / Davos Klosters,1031,1459,2490,51.5,7,"SFr. 68,- / approx. € 72,-",slope+alt
Dachstein West – Gosau/Russbach/Annaberg,https://www.skiresort.com/en/ski-resort/dachstein-west-gosau-russbach-annaberg/,Austria,Salzburg (Salzburger Land),Tennengau / Europe / Austria / Upper Austria (Oberösterreich) / Salzkammergut / Dachstein-Salzkammergut,872,745,1617,51,24,"€ 73,-",slope+alt
Bormio – Cima Bianca,https://www.skiresort.com/en/ski-resort/bormio-cima-bianca/,Italy,Lombardy,Valtellina / Alta Valtellina,1817,1200,3017,50,12,"€ 60,-",slope+alt
Hoch-Ybrig – Unteriberg/Oberiberg,https://www.skiresort.com/en/ski-resort/hoch-ybrig-unteriberg-oberiberg/,Switzerland,Central Switzerland,Schwyz,791,1040,1831,50,12,"SFr. 62,- / approx. € 66,-",slope+alt
Aprica,https://www.skiresort.com/en/ski-resort/aprica/,Italy,Lombardy,Camonica Valley (Val Camonica) / Europe / Italy / Lombardy / Valtellina,1108,1162,2270,50,16,"€ 57,-",slope+alt
Grosseck/Speiereck – Mauterndorf/St. Michael,https://www.skiresort.com/en/ski-resort/grosseck-speiereck-mauterndorf-st-michael/,Austria,Salzburg (Salzburger Land),Lungau,1305,1095,2400,50,10,"€ 61,-",slope+alt
Chäserrugg – Unterwasser/Alt St. Johann (Toggenburg),https://www.skiresort.com/en/ski-resort/chaeserrugg-unterwasser-alt-st-johann-toggenburg/,Switzerland,Eastern Switzerland,St. Gallen / Toggenburg,1362,900,2262,50,12,,slope+alt
Arêches (Beaufort),https://www.skiresort.com/en/ski-resort/areches-beaufort/,France,Auvergne-Rhône-Alpes,Savoie Mont Blanc / Savoie / Albertville / Beaufortain,1220,1080,2300,50,14,"€ 41,-",slope+alt
St. Jean Montclar,https://www.skiresort.com/en/ski-resort/st-jean-montclar/,France,Provence-Alpes-Côte d’Azur,Alpes-de-Haute-Provence / Digne-les-Bains,1125,1325,2450,50,10,€ 33.50,slope+alt
Le Seignus,https://www.skiresort.com/en/ski-resort/le-seignus/,France,Provence-Alpes-Côte d’Azur,Alpes-de-Haute-Provence / Castellane / Val d'Allos (Haut Verdon),913,1513,2426,50,6,"€ 35,-",slope+alt
Mythenregion,https://www.skiresort.com/en/ski-resort/mythenregion/,Switzerland,Central Switzerland,Schwyz / Mythen Region,523,1070,1593,50,17,"SFr. 49,- / approx. € 52,-",slope+alt
Hirmentaz/Les Habères – Bellevaux/Habère-Poche,https://www.skiresort.com/en/ski-resort/hirmentaz-les-haberes-bellevaux-habere-poche/,France,Auvergne-Rhône-Alpes,Savoie Mont Blanc / Haute-Savoie / Chablais,656,920,1576,50,22,"€ 35,-",slope+alt
Kühtai,https://www.skiresort.com/en/ski-resort/kuehtai/,Austria,Tyrol (Tirol),Innsbruck region / Sellraintal,582,1938,2520,49.8,12,€ 66.50,slope+alt
Latemar – Obereggen/Pampeago/Predazzo,https://www.skiresort.com/en/ski-resort/latemar-obereggen-pampeago-predazzo/,Italy,Trentino-Alto Adige (Trentino-Südtirol),South Tyrol (Südtirol) / Eggental Valley (Val D’ega) / Europe / Italy / Trentino-Alto Adige (Trentino-Südtirol) / Trentino / Val di Fiemme,848,1540,2388,49,18,"€ 71,-",slope+alt
First – Grindelwald,https://www.skiresort.com/en/ski-resort/first-grindelwald/,Switzerland,Espace Mittelland,Bern / Bernese Oberland / Jungfrau Region,1466,1034,2500,49,10,"SFr. 83,- / approx. € 88,-",slope+alt
Brandnertal – Brand/Bürserberg,https://www.skiresort.com/en/ski-resort/brandnertal-brand-buerserberg/,Austria,Vorarlberg,Bludenz / Alpenregion Bludenz,1096,904,2000,47.6,13,,slope+alt
Leukerbad,https://www.skiresort.com/en/ski-resort/leukerbad/,Switzerland,Lemanic Region,Valais (Wallis) / Dalatal,1199,1411,2610,47.5,13,"SFr. 65,- / approx. € 69,-",slope+alt
Almenwelt Lofer,https://www.skiresort.com/en/ski-resort/almenwelt-lofer/,Austria,Salzburg (Salzburger Land),Pinzgau / Salzburger Saalachtal,1030,640,1670,46,10,€ 64.50,slope+alt
Zauchensee/Flachauwinkl,https://www.skiresort.com/en/ski-resort/zauchensee-flachauwinkl/,Austria,Salzburg (Salzburger Land),Pongau / Salzburger Sportwelt / Altenmarkt-Zauchensee,1176,1000,2176,45,16,"€ 75,-",slope+alt
Grächen,https://www.skiresort.com/en/ski-resort/graechen/,Switzerland,Lemanic Region,Valais (Wallis) / Matter Valley (Mattertal),1245,1619,2864,44,10,,slope+alt
Pizol – Bad Ragaz/Wangs,https://www.skiresort.com/en/ski-resort/pizol-bad-ragaz-wangs/,Switzerland,Eastern Switzerland,Heidiland,1741,509,2250,43.6,12,"SFr. 69,- / approx. € 73,-",slope+alt
Tauplitz – Bad Mitterndorf,https://www.skiresort.com/en/ski-resort/tauplitz-bad-mitterndorf/,Austria,Styria (Steiermark),Salzkammergut / Ausseerland,1069,896,1965,43.5,17,"€ 62,-",slope+alt
Galtür – Silvapark,https://www.skiresort.com/en/ski-resort/galtuer-silvapark/,Austria,Tyrol (Tirol),Tiroler Oberland (region) / Landeck / Paznaun-Ischgl,700,1600,2300,43,8,"€ 63,-",slope+alt
Sainte-Foy-Tarentaise,https://www.skiresort.com/en/ski-resort/sainte-foy-tarentaise/,France,Auvergne-Rhône-Alpes,Savoie Mont Blanc / Savoie / Albertville / Tarentaise,1070,1550,2620,43,6,€ 40.50,slope+alt
Turracher Höhe,https://www.skiresort.com/en/ski-resort/turracher-hoehe/,Austria,Styria (Steiermark),Murau / Europe / Austria / Carinthia (Kärnten) / Upper Carinthia (Oberkärnten) / Feldkirchen / Nockberge,805,1400,2205,42.7,15,€ 68.50,slope+alt
See,https://www.skiresort.com/en/ski-resort/see/,Austria,Tyrol (Tirol),Tiroler Oberland (region) / Landeck / Paznaun-Ischgl,1530,1040,2570,42.5,10,"€ 67,-",slope+alt
Kreischberg,https://www.skiresort.com/en/ski-resort/kreischberg/,Austria,Styria (Steiermark),Murtal / Europe / Austria / Styria (Steiermark) / Murau,1250,868,2118,42.5,12,"€ 68,-",slope+alt
Plose – Brixen (Bressanone),https://www.skiresort.com/en/ski-resort/plose-brixen-bressanone/,Italy,Trentino-Alto Adige (Trentino-Südtirol),South Tyrol (Südtirol) / Eisacktal,1466,1039,2505,42.5,7,"€ 70,-",slope+alt
Steinplatte Winklmoosalm – Waidring/Reit im Winkl,https://www.skiresort.com/en/ski-resort/steinplatte-winklmoosalm-waidring-reit-im-winkl/,Austria,Tyrol (Tirol),Tiroler Unterland / Kitzbüheler Alpen / Pillersee Valley (Pillerseetal) / Europe / Germany / Bavaria (Bayern) / Upper Bavaria (Oberbayern) / Chiemgau,1120,740,1860,42,14,"€ 63,-",slope+alt
Val Senales Glacier (Schnalstaler Gletscher),https://www.skiresort.com/en/ski-resort/val-senales-glacier-schnalstaler-gletscher/,Italy,Trentino-Alto Adige (Trentino-Südtirol),South Tyrol (Südtirol) / Merano and Environs / Val Senales (Schnalstal),1201,2011,3212,42,11,"€ 62,-",slope+alt+glacier
Betelberg – Lenk,https://www.skiresort.com/en/ski-resort/betelberg-lenk/,Switzerland,Espace Mittelland,Bern / Bernese Oberland / Lenk-Simmental,918,1083,2001,42,11,"SFr. 63,- / approx. € 67,-",slope+alt
Sörenberg – Rothorn/Dorf,https://www.skiresort.com/en/ski-resort/soerenberg-rothorn-dorf/,Switzerland,Central Switzerland,Lucerne,1188,1110,2298,42,14,"SFr. 64,- / approx. € 68,-",slope+alt
Speikboden – Skiworld Ahrntal,https://www.skiresort.com/en/ski-resort/speikboden-skiworld-ahrntal/,Italy,Trentino-Alto Adige (Trentino-Südtirol),South Tyrol (Südtirol) / Tauferer Ahrntal (Valli di Tures e Aurina) / Skiworld Ahrntal,1450,950,2400,41.5,8,"€ 75,-",slope+alt
Courmayeur – Chécrouit/Val Veny,https://www.skiresort.com/en/ski-resort/courmayeur-checrouit-val-veny/,Italy,Aosta Valley (Valle d'Aosta),Mont Blanc (Monte Bianco),1550,1205,2755,41.5,18,"€ 69,-",slope+alt
Jakobshorn (Davos Klosters),https://www.skiresort.com/en/ski-resort/jakobshorn-davos-klosters/,Switzerland,Eastern Switzerland,Graubünden / Davos Klosters,1033,1535,2568,41.2,13,"SFr. 86,- / approx. € 91,-",slope+alt
Evolène,https://www.skiresort.com/en/ski-resort/evolene/,Switzerland,Lemanic Region,Valais (Wallis) / Val d’Hérens / Espace Dent-Blanche,1228,1404,2632,41.1,5,"SFr. 50,- / approx. € 53,-",slope+alt
Pitztal Glacier (Pitztaler Gletscher),https://www.skiresort.com/en/ski-resort/pitztal-glacier-pitztaler-gletscher/,Austria,Tyrol (Tirol),Tiroler Oberland (region) / Imst (District) / Pitztal,755,2685,3440,41,7,"€ 77,-",slope+alt+glacier
Balderschwang – Hochschelpen/Riedberger Horn,https://www.skiresort.com/en/ski-resort/balderschwang-hochschelpen-riedberger-horn/,Germany,Bavaria (Bayern),Swabia (Schwaben) / Oberallgäu / Hörnerdörfer,500,1000,1500,41,12,"€ 45,-",slope+alt
Axamer Lizum,https://www.skiresort.com/en/ski-resort/axamer-lizum/,Austria,Tyrol (Tirol),Innsbruck region,780,1560,2340,40.7,9,"€ 63,-",slope+alt
Klausberg – Skiworld Ahrntal,https://www.skiresort.com/en/ski-resort/klausberg-skiworld-ahrntal/,Italy,Trentino-Alto Adige (Trentino-Südtirol),South Tyrol (Südtirol) / Tauferer Ahrntal (Valli di Tures e Aurina) / Skiworld Ahrntal,1460,1050,2510,40.5,11,"€ 75,-",slope+alt
Sulden am Ortler (Solda all'Ortles),https://www.skiresort.com/en/ski-resort/sulden-am-ortler-solda-allortles/,Italy,Trentino-Alto Adige (Trentino-Südtirol),South Tyrol (Südtirol) / Venosta Valley (Vinschgau) / Ortles Region,1350,1900,3250,40.2,11,"€ 60,-",slope+alt
Carezza,https://www.skiresort.com/en/ski-resort/carezza/,Italy,Trentino-Alto Adige (Trentino-Südtirol),South Tyrol (Südtirol) / Eggental Valley (Val D’ega) / Europe / Italy / Trentino-Alto Adige (Trentino-Südtirol) / Trentino / Val di Fassa (Fassa Valley/​Fassatal),1155,1182,2337,40,13,"€ 72,-",slope+alt
Großglockner Resort Kals-Matrei,https://www.skiresort.com/en/ski-resort/grossglockner-resort-kals-matrei/,Austria,Tyrol (Tirol),Osttirol (East Tyrol),1493,933,2426,40,12,"€ 74,-",slope+alt
Elm im Sernftal,https://www.skiresort.com/en/ski-resort/elm-im-sernftal/,Switzerland,Eastern Switzerland,Glarus / Sernftal,1085,1020,2105,40,5,"SFr. 59,- / approx. € 63,-",slope+alt
St. Johann in Tirol/Oberndorf – Harschbichl,https://www.skiresort.com/en/ski-resort/st-johann-in-tirol-oberndorf-harschbichl/,Austria,Tyrol (Tirol),Tiroler Unterland / Kitzbüheler Alpen / St. Johann in Tirol,945,659,1604,40,9,"€ 65,-",slope+alt
Brigels/Waltensburg/Andiast,https://www.skiresort.com/en/ski-resort/brigels-waltensburg-andiast/,Switzerland,Eastern Switzerland,Graubünden / Surselva,1316,1102,2418,40,10,"SFr. 65,- / approx. € 69,-",slope+alt
Meran 2000,https://www.skiresort.com/en/ski-resort/meran-2000/,Italy,Trentino-Alto Adige (Trentino-Südtirol),South Tyrol (Südtirol) / Merano and Environs,741,1609,2350,40,8,"€ 61,-",slope+alt
Lauchernalp – Lötschental,https://www.skiresort.com/en/ski-resort/lauchernalp-loetschental/,Switzerland,Lemanic Region,Valais (Wallis) / Lötschental,1697,1403,3100,40,6,"SFr. 70,- / approx. € 74,-",slope+alt
Garmisch-Classic – Garmisch-Partenkirchen,https://www.skiresort.com/en/ski-resort/garmisch-classic-garmisch-partenkirchen/,Germany,Bavaria (Bayern),Upper Bavaria (Oberbayern) / Zugspitz Region / Zugspitzland,1310,740,2050,40,18,"€ 69,-",slope+alt
Diedamskopf – Schoppernau,https://www.skiresort.com/en/ski-resort/diedamskopf-schoppernau/,Austria,Vorarlberg,Bregenz / Bregenzerwald,1240,820,2060,40,9,"€ 67,-",slope+alt
Klewenalp/Stockhütte – Beckenried/Emmetten,https://www.skiresort.com/en/ski-resort/klewenalp-stockhuette-beckenried-emmetten/,Switzerland,Central Switzerland,Nidwalden,739,1199,1938,40,15,"SFr. 61,- / approx. € 65,-",slope+alt
Chabanon,https://www.skiresort.com/en/ski-resort/chabanon/,France,Provence-Alpes-Côte d’Azur,Alpes-de-Haute-Provence / Digne-les-Bains,479,1546,2025,40,12,€ 30.50,slope+alt
Les Mosses/La Lécherette,https://www.skiresort.com/en/ski-resort/les-mosses-la-lecherette/,Switzerland,Lemanic Region,Waadt,495,1379,1874,40,14,"SFr. 49,- / approx. € 52,-",slope+alt
Hinterstoder – Höss,https://www.skiresort.com/en/ski-resort/hinterstoder-hoess/,Austria,Upper Austria (Oberösterreich),Steyr-Kirchdorf / Kirchdorf an der Krems / Pyhrn-Priel / Stodertal,1400,600,2000,39.9,13,,slope+alt
San Bernardino,https://www.skiresort.com/en/ski-resort/san-bernardino/,Switzerland,Eastern Switzerland,Graubünden / San Bernardino Mesolcina Calanca / Val Mesolcina (Misox),888,1637,2525,39.8,11,"SFr. 49,- / approx. € 52,-",slope+alt
Belalp – Blatten,https://www.skiresort.com/en/ski-resort/belalp-blatten/,Switzerland,Lemanic Region,Valais (Wallis),1796,1322,3118,38.1,10,"SFr. 74,- / approx. € 78,-",slope+alt
Hochoetz – Oetz,https://www.skiresort.com/en/ski-resort/hochoetz-oetz/,Austria,Tyrol (Tirol),Tiroler Oberland (region) / Imst (District) / Ötztal,862,1410,2272,37.5,15,€ 66.50,slope+alt
Paganella – Andalo,https://www.skiresort.com/en/ski-resort/paganella-andalo/,Italy,Trentino-Alto Adige (Trentino-Südtirol),Trentino / Altopiano della Paganella/​Dolomiti di Brenta/​Lago di Molveno,1085,1040,2125,37.2,15,"€ 73,-",slope+alt
Les Brasses,https://www.skiresort.com/en/ski-resort/les-brasses/,France,Auvergne-Rhône-Alpes,Savoie Mont Blanc / Haute-Savoie / Bonneville / Faucigny,600,900,1500,37,12,€ 32.50,slope+alt
Fellhorn/Kanzelwand – Oberstdorf/Riezlern,https://www.skiresort.com/en/ski-resort/fellhorn-kanzelwand-oberstdorf-riezlern/,Germany,Bavaria (Bayern),Swabia (Schwaben) / Oberallgäu / Oberstdorf,1047,920,1967,36,13,€ 68.70,slope+alt
Kappl,https://www.skiresort.com/en/ski-resort/kappl/,Austria,Tyrol (Tirol),Tiroler Oberland (region) / Landeck / Paznaun-Ischgl,1515,1175,2690,36,10,"€ 67,-",slope+alt
Moelltal Glacier (Mölltaler Gletscher),https://www.skiresort.com/en/ski-resort/moelltal-glacier-moelltaler-gletscher/,Austria,Carinthia (Kärnten),Upper Carinthia (Oberkärnten) / Spittal an der Drau / Mölltal,1014,2108,3122,36,8,"€ 69,-",slope+alt+glacier
Valchiavenna – Madesimo/Campodolcino,https://www.skiresort.com/en/ski-resort/valchiavenna-madesimo-campodolcino/,Italy,Lombardy,Valtellina / Valchiavenna,1398,1550,2948,36,10,"€ 57,-",slope+alt
Melchsee-Frutt (Kerns),https://www.skiresort.com/en/ski-resort/melchsee-frutt-kerns/,Switzerland,Central Switzerland,Obwalden,1175,1080,2255,36,15,"SFr. 69,- / approx. € 73,-",slope+alt
"Innerkrems – Kremsbrücke (Krems in Kärnten) <span class=""closed-resort red""> (temporarily closed)</span>",https://www.skiresort.com/en/ski-resort/innerkrems-kremsbruecke-krems-in-kaernten/,Austria,Carinthia (Kärnten),Upper Carinthia (Oberkärnten) / Spittal an der Drau,650,1550,2200,36,9,"€ 44,-",slope+alt
Berwang/Bichlbach/Rinnen,https://www.skiresort.com/en/ski-resort/berwang-bichlbach-rinnen/,Austria,Tyrol (Tirol),Außerfern / Tiroler Zugspitz Arena,664,1079,1743,35.3,12,€ 70.50,slope+alt
Stoos – Fronalpstock/Klingenstock,https://www.skiresort.com/en/ski-resort/stoos-fronalpstock-klingenstock/,Switzerland,Central Switzerland,Schwyz,635,1300,1935,35,8,"SFr. 56,- / approx. € 59,-",slope+alt
Diavolezza/Lagalb,https://www.skiresort.com/en/ski-resort/diavolezza-lagalb/,Switzerland,Eastern Switzerland,Graubünden / Engadin St. Moritz / Val Bernina,913,2093,3006,35,5,,slope+alt+glacier
Vercorin,https://www.skiresort.com/en/ski-resort/vercorin/,Switzerland,Lemanic Region,Valais (Wallis) / Val d'Anniviers,1034,1340,2374,35,10,"SFr. 61,- / approx. € 65,-",slope+alt
Mariborsko Pohorje – Maribor,https://www.skiresort.com/en/ski-resort/mariborsko-pohorje-maribor/,Slovenia,Podravska,,999,328,1327,35,13,"€ 46,-",slope+alt
Piani di Bobbio,https://www.skiresort.com/en/ski-resort/piani-di-bobbio/,Italy,Lombardy,Bergamo / Val Brembana,610,1340,1950,35,12,"€ 47,-",slope+alt
Le Collet d'Allevard,https://www.skiresort.com/en/ski-resort/le-collet-dallevard/,France,Auvergne-Rhône-Alpes,Isère / Grenoble,690,1450,2140,35,11,"€ 29,-",slope+alt
Nax – Mont-Noble,https://www.skiresort.com/en/ski-resort/nax-mont-noble/,Switzerland,Lemanic Region,Valais (Wallis) / Val d’Hérens,1145,1495,2640,35,6,"SFr. 57,- / approx. € 60,-",slope+alt
Sangiacomo/Cardini – Monte Alpet,https://www.skiresort.com/en/ski-resort/sangiacomo-cardini-monte-alpet/,Italy,Piedmont (Piemonte),Cuneo,513,1098,1611,35,8,"€ 24,-",slope+alt
Albiez-Montrond,https://www.skiresort.com/en/ski-resort/albiez-montrond/,France,Auvergne-Rhône-Alpes,Savoie Mont Blanc / Savoie / Maurienne,580,1520,2100,35,7,"€ 32,-",slope+alt
Loser – Altaussee,https://www.skiresort.com/en/ski-resort/loser-altaussee/,Austria,Styria (Steiermark),Salzkammergut / Ausseerland,950,850,1800,34,8,"€ 59,-",slope+alt
Walmendingerhorn/Heuberg – Mittelberg/Hirschegg,https://www.skiresort.com/en/ski-resort/walmendingerhorn-heuberg-mittelberg-hirschegg/,Austria,Vorarlberg,Bregenz / Kleinwalsertal,876,1070,1946,33.7,13,€ 68.70,slope+alt
Riesneralm – Donnersbachwald,https://www.skiresort.com/en/ski-resort/riesneralm-donnersbachwald/,Austria,Styria (Steiermark),Liezen / Schladming-Dachstein,847,973,1820,33,8,"€ 59,-",slope+alt
Abriès,https://www.skiresort.com/en/ski-resort/abries/,France,Provence-Alpes-Côte d’Azur,Hautes-Alpes / Briançon,1000,1450,2450,33,7,€ 38.90,slope+alt
Molines-en-Queyras/Saint-Véran,https://www.skiresort.com/en/ski-resort/molines-en-queyras-saint-veran/,France,Provence-Alpes-Côte d’Azur,Hautes-Alpes / Briançon,1050,1750,2800,33,13,€ 39.90,slope+alt
San Domenico – Alpe Ciamporino,https://www.skiresort.com/en/ski-resort/san-domenico-alpe-ciamporino/,Italy,Piedmont (Piemonte),Verbano-Cusio-Ossola,1080,1420,2500,32.6,5,"€ 46,-",slope+alt
Rauriser Hochalmbahnen – Rauris,https://www.skiresort.com/en/ski-resort/rauriser-hochalmbahnen-rauris/,Austria,Salzburg (Salzburger Land),Pinzgau / Raurisertal,1225,950,2175,32.5,10,"€ 65,-",slope+alt
Macugnaga,https://www.skiresort.com/en/ski-resort/macugnaga/,Italy,Piedmont (Piemonte),Verbano-Cusio-Ossola / Valle Anzasca,1553,1347,2900,32.1,9,"€ 34,-",slope+alt+glacier
Oberjoch (Bad Hindelang) – Iseler,https://www.skiresort.com/en/ski-resort/oberjoch-bad-hindelang-iseler/,Germany,Bavaria (Bayern),Swabia (Schwaben) / Oberallgäu,429,1130,1559,32,5,€ 52.50,slope+alt
Tschiertschen,https://www.skiresort.com/en/ski-resort/tschiertschen/,Switzerland,Eastern Switzerland,Graubünden / Arosa,1031,1350,2381,32,4,"SFr. 61,- / approx. € 65,-",slope+alt
Bonneval sur Arc,https://www.skiresort.com/en/ski-resort/bonneval-sur-arc/,France,Auvergne-Rhône-Alpes,Savoie Mont Blanc / Savoie / Maurienne / Haute Maurienne Vanoise,1150,1797,2947,32,10,€ 37.20,slope+alt
Sainte-Anne la Condamine – La Condamine-Châtelard,https://www.skiresort.com/en/ski-resort/sainte-anne-la-condamine-la-condamine-chatelard/,France,Provence-Alpes-Côte d’Azur,Alpes-de-Haute-Provence / Barcelonnette / Vallée de l'Ubaye,570,1830,2400,31.6,6,€ 24.60,slope+alt
Sudelfeld – Bayrischzell,https://www.skiresort.com/en/ski-resort/sudelfeld-bayrischzell/,Germany,Bavaria (Bayern),Upper Bavaria (Oberbayern) / Tegernsee-Schliersee,713,850,1563,31.5,13,"€ 55,-",slope+alt
Grüsch Danusa,https://www.skiresort.com/en/ski-resort/gruesch-danusa/,Switzerland,Eastern Switzerland,Graubünden / Prättigau,1200,600,1800,31,6,"SFr. 61,- / approx. € 65,-",slope+alt
Gemsstock – Andermatt,https://www.skiresort.com/en/ski-resort/gemsstock-andermatt/,Switzerland,Central Switzerland,Uri / Andermatt,1517,1444,2961,31,4,"SFr. 89,- / approx. € 94,-",slope+alt
Glacier 3000 – Les Diablerets,https://www.skiresort.com/en/ski-resort/glacier-3000-les-diablerets/,Switzerland,Espace Mittelland,Bern / Bernese Oberland / Gstaad,1673,1343,3016,31,11,"SFr. 79,- / approx. € 84,-",slope+alt+glacier
Brauneck – Lenggries/Wegscheid,https://www.skiresort.com/en/ski-resort/brauneck-lenggries-wegscheid/,Germany,Bavaria (Bayern),Upper Bavaria (Oberbayern) / Tölzer Land,1012,700,1712,30.7,15,"€ 53,-",slope+alt
Splügen – Tambo,https://www.skiresort.com/en/ski-resort/spluegen-tambo/,Switzerland,Eastern Switzerland,Graubünden / Viamala,731,1484,2215,30,7,"SFr. 61,- / approx. € 65,-",slope+alt
Krvavec,https://www.skiresort.com/en/ski-resort/krvavec/,Slovenia,Gorenjska (Upper Carniola),,521,1450,1971,30,13,"€ 45,-",slope+alt
Lavarone,https://www.skiresort.com/en/ski-resort/lavarone/,Italy,Trentino-Alto Adige (Trentino-Südtirol),Trentino / Alpe Cimbra,426,1174,1600,30,14,"€ 48,-",slope+alt
Charmey,https://www.skiresort.com/en/ski-resort/charmey/,Switzerland,Espace Mittelland,Fribourg / La Gruyere,751,875,1626,30,5,"SFr. 49,- / approx. € 52,-",slope+alt
Kanin – Sella Nevea/Bovec,https://www.skiresort.com/en/ski-resort/kanin-sella-nevea-bovec/,Slovenia,Goriška,,1189,1103,2292,30,10,"€ 44,-",slope+alt
Ovronnaz,https://www.skiresort.com/en/ski-resort/ovronnaz/,Switzerland,Lemanic Region,Valais (Wallis) / Martigny,1027,1400,2427,30,7,"SFr. 61,- / approx. € 65,-",slope+alt
Nara – Leontica,https://www.skiresort.com/en/ski-resort/nara-leontica/,Switzerland,Ticino,Bellinzonese and Upper Ticino / Blenio Valley (Valle di Blenio),1198,925,2123,30,7,"SFr. 47,- / approx. € 50,-",slope+alt
Bosco Gurin – Grossalp,https://www.skiresort.com/en/ski-resort/bosco-gurin-grossalp/,Switzerland,Ticino,Lago Maggiore and Valleys,849,1482,2331,30,7,"SFr. 57,- / approx. € 60,-",slope+alt
Montecampione – Alpiaz/Prato Secondino/Plan di Montecampione,https://www.skiresort.com/en/ski-resort/montecampione-alpiaz-prato-secondino-plan-di-montecampione/,Italy,Lombardy,Camonica Valley (Val Camonica),692,1149,1841,30,10,"€ 30,-",slope+alt
Pesciüm – Airolo,https://www.skiresort.com/en/ski-resort/pesciuem-airolo/,Switzerland,Ticino,Bellinzonese and Upper Ticino / Valle Leventina,1075,1175,2250,30,8,,slope+alt
Moléson,https://www.skiresort.com/en/ski-resort/moleson/,Switzerland,Espace Mittelland,Fribourg / La Gruyere,869,1109,1978,30,6,"SFr. 49,- / approx. € 52,-",slope+alt
La Colmiane,https://www.skiresort.com/en/ski-resort/la-colmiane/,France,Provence-Alpes-Côte d’Azur,Alpes-Maritimes / Nice,350,1450,1800,30,6,"€ 25,-",slope+alt
Réallon,https://www.skiresort.com/en/ski-resort/reallon/,France,Provence-Alpes-Côte d’Azur,Hautes-Alpes / Gap,586,1560,2146,30,6,"€ 29,-",slope+alt
"Gaissau-Hintersee <span class=""closed-resort red""> (temporarily closed)</span>",https://www.skiresort.com/en/ski-resort/gaissau-hintersee/,Austria,Salzburg (Salzburger Land),Tennengau / Europe / Austria / Salzburg (Salzburger Land) / Salzkammergut / Lake Fuschl (Fuschlsee),817,750,1567,30,7,"€ 42,-",slope+alt
Roubion les Buisses,https://www.skiresort.com/en/ski-resort/roubion-les-buisses/,France,Provence-Alpes-Côte d’Azur,Alpes-Maritimes / Nice,483,1424,1907,30,6,"€ 20,-",slope+alt
Ancelle,https://www.skiresort.com/en/ski-resort/ancelle/,France,Provence-Alpes-Côte d’Azur,Hautes-Alpes / Gap,467,1340,1807,30,13,€ 30.50,slope+alt
Elsigen-Metsch – Frutigen,https://www.skiresort.com/en/ski-resort/elsigen-metsch-frutigen/,Switzerland,Espace Mittelland,Bern / Bernese Oberland / Adelboden-Frutigen,955,1334,2289,30,11,,slope+alt
Sonnenkopf – Klösterle,https://www.skiresort.com/en/ski-resort/sonnenkopf-kloesterle/,Austria,Vorarlberg,Bludenz / Alpenregion Bludenz,1300,1000,2300,29.5,9,"€ 58,-",slope+alt
Gargellen,https://www.skiresort.com/en/ski-resort/gargellen/,Austria,Vorarlberg,Bludenz / Montafon,877,1423,2300,29.3,8,,slope+alt
Bergeralm – Steinach am Brenner,https://www.skiresort.com/en/ski-resort/bergeralm-steinach-am-brenner/,Austria,Tyrol (Tirol),Innsbruck / Innsbruck-Land / Wipptal,1132,1048,2180,29,7,€ 60.20,slope+alt
Grands Montets – Argentière (Chamonix),https://www.skiresort.com/en/ski-resort/grands-montets-argentiere-chamonix/,France,Auvergne-Rhône-Alpes,Savoie Mont Blanc / Haute-Savoie / Bonneville / Pays du Mont Blanc / Chamonix-Mont-Blanc,1513,1252,2765,29,8,"€ 74,-",slope+alt+glacier
Werfenweng,https://www.skiresort.com/en/ski-resort/werfenweng/,Austria,Salzburg (Salzburger Land),Pongau,932,902,1834,29,9,"€ 58,-",slope+alt
Balme/Les Autannes – Vallorcine/Le Tour,https://www.skiresort.com/en/ski-resort/balme-les-autannes-vallorcine-le-tour/,France,Auvergne-Rhône-Alpes,Savoie Mont Blanc / Haute-Savoie / Bonneville / Pays du Mont Blanc / Chamonix-Mont-Blanc,797,1453,2250,29,13,"€ 74,-",slope+alt
Col de Rousset,https://www.skiresort.com/en/ski-resort/col-de-rousset/,France,Auvergne-Rhône-Alpes,Drôme,445,1255,1700,29,11,"€ 26,-",slope+alt
Audibergue,https://www.skiresort.com/en/ski-resort/audibergue/,France,Provence-Alpes-Côte d’Azur,Alpes-Maritimes / Grasse,252,1405,1657,29,6,"€ 18,-",slope+alt
"La Braye – Château d'Oex <span class=""closed-resort red""> (temporarily closed)</span>",https://www.skiresort.com/en/ski-resort/la-braye-chateau-doex/,Switzerland,Lemanic Region,Waadt,415,1215,1630,28.5,7,,slope+alt
Racines-Giovo (Ratschings-Jaufen)/Malga Calice (Kalcheralm),https://www.skiresort.com/en/ski-resort/racines-giovo-ratschings-jaufen-malga-calice-kalcheralm/,Italy,Trentino-Alto Adige (Trentino-Südtirol),South Tyrol (Südtirol) / Eisacktal / Sterzing-Ratschings-Gossensass,800,1300,2100,28.1,7,"€ 67,-",slope+alt
Wildhaus – Gamserrugg (Toggenburg),https://www.skiresort.com/en/ski-resort/wildhaus-gamserrugg-toggenburg/,Switzerland,Eastern Switzerland,St. Gallen / Toggenburg,1056,1020,2076,28,6,"SFr. 63,- / approx. € 67,-",slope+alt
Flachauwinkl/Kleinarl (Shuttleberg),https://www.skiresort.com/en/ski-resort/flachauwinkl-kleinarl-shuttleberg/,Austria,Salzburg (Salzburger Land),Pongau / Salzburger Sportwelt,980,1000,1980,28,10,"€ 75,-",slope+alt
Roc d'Enfer – St. Jean d'Aulps-La Grande Terche/Bellevaux-La Chèvrerie,https://www.skiresort.com/en/ski-resort/roc-denfer-st-jean-daulps-la-grande-terche-bellevaux-la-chevrerie/,France,Auvergne-Rhône-Alpes,Savoie Mont Blanc / Haute-Savoie / Portes du Soleil / Europe / France / Auvergne-Rhône-Alpes / Savoie Mont Blanc / Haute-Savoie / Chablais,850,950,1800,28,16,"€ 39,-",slope+alt
Klippitztörl,https://www.skiresort.com/en/ski-resort/klippitztoerl/,Austria,Carinthia (Kärnten),Lower Carinthia (Unterkärnten) / Wolfsberg / Lavanttal,358,1460,1818,28,6,"€ 47,-",slope+alt
Alpe Lusia – Moena/Bellamonte,https://www.skiresort.com/en/ski-resort/alpe-lusia-moena-bellamonte/,Italy,Trentino-Alto Adige (Trentino-Südtirol),Trentino / Val di Fassa (Fassa Valley/​Fassatal) / Europe / Italy / Trentino-Alto Adige (Trentino-Südtirol) / Trentino / Val di Fiemme,973,1367,2340,27.5,8,"€ 71,-",slope+alt
Ehrwalder Alm – Ehrwald,https://www.skiresort.com/en/ski-resort/ehrwalder-alm-ehrwald/,Austria,Tyrol (Tirol),Außerfern / Tiroler Zugspitz Arena / « / ‹ / 1,811,1112,1923,27.5,8,"€ 68,-",slope+alt
Schwemmalm,https://www.skiresort.com/en/ski-resort/schwemmalm/,Italy,Trentino-Alto Adige (Trentino-Südtirol),South Tyrol (Südtirol) / Merano and Environs / Val d’Ultimo (Ultental),1120,1505,2625,27.4,8,"€ 56,-",slope+alt
Christlum – Achenkirch,https://www.skiresort.com/en/ski-resort/christlum-achenkirch/,Austria,Tyrol (Tirol),Tiroler Unterland / Schwaz / Achensee,850,950,1800,27,10,"€ 68,-",slope+alt
Laterns – Gapfohl,https://www.skiresort.com/en/ski-resort/laterns-gapfohl/,Austria,Vorarlberg,Bodensee-Vorarlberg,745,1040,1785,27,5,"€ 51,-",slope+alt
Bivio,https://www.skiresort.com/en/ski-resort/bivio/,Switzerland,Eastern Switzerland,Graubünden / Savognin Bivio Albula / Surses (Oberhalbstein),791,1769,2560,27,4,"SFr. 47,- / approx. € 50,-",slope+alt
Golm,https://www.skiresort.com/en/ski-resort/golm/,Austria,Vorarlberg,Bludenz / Montafon,1450,650,2100,26.7,9,,slope+alt
Arolla,https://www.skiresort.com/en/ski-resort/arolla/,Switzerland,Lemanic Region,Valais (Wallis) / Val d’Hérens / Espace Dent-Blanche,893,1984,2877,26.7,6,"SFr. 50,- / approx. € 53,-",slope+alt
Lermoos – Grubigstein,https://www.skiresort.com/en/ski-resort/lermoos-grubigstein/,Austria,Tyrol (Tirol),Außerfern / Tiroler Zugspitz Arena,1096,1004,2100,26.5,8,"€ 68,-",slope+alt
Lachtal,https://www.skiresort.com/en/ski-resort/lachtal/,Austria,Styria (Steiermark),Murtal / Europe / Austria / Styria (Steiermark) / Murau,622,1600,2222,26.2,10,"€ 59,-",slope+alt
Hohsaas – Saas-Grund,https://www.skiresort.com/en/ski-resort/hohsaas-saas-grund/,Switzerland,Lemanic Region,Valais (Wallis) / Saas-Fee/​Saastal,1641,1559,3200,26.1,8,"SFr. 62,- / approx. € 66,-",slope+alt
Madrisa (Davos Klosters),https://www.skiresort.com/en/ski-resort/madrisa-davos-klosters/,Switzerland,Eastern Switzerland,Graubünden / Davos Klosters,1460,1142,2602,26,9,"SFr. 73,- / approx. € 77,-",slope+alt
Rifflsee,https://www.skiresort.com/en/ski-resort/rifflsee/,Austria,Tyrol (Tirol),Tiroler Oberland (region) / Imst (District) / Pitztal,1160,1640,2800,26,6,"€ 77,-",slope+alt
"Braunwald <span class=""closed-resort red""> (temporarily closed)</span>",https://www.skiresort.com/en/ski-resort/braunwald/,Switzerland,Eastern Switzerland,Glarus,665,1236,1901,26,10,"SFr. 58,- / approx. € 61,-",slope+alt
Pralognan la Vanoise,https://www.skiresort.com/en/ski-resort/pralognan-la-vanoise/,France,Auvergne-Rhône-Alpes,Savoie Mont Blanc / Savoie / Albertville / Tarentaise,945,1410,2355,26,12,"€ 41,-",slope+alt
Stuhleck – Spital am Semmering,https://www.skiresort.com/en/ski-resort/stuhleck-spital-am-semmering/,Austria,Styria (Steiermark),Hochsteiermark,997,777,1774,25.9,11,€ 64.50,slope+alt
Schlick 2000 – Fulpmes,https://www.skiresort.com/en/ski-resort/schlick-2000-fulpmes/,Austria,Tyrol (Tirol),Innsbruck / Innsbruck-Land / Stubai,1240,1000,2240,25,9,€ 61.50,slope+alt
Bürchen/Törbel – Moosalp,https://www.skiresort.com/en/ski-resort/buerchen-toerbel-moosalp/,Switzerland,Lemanic Region,Valais (Wallis) / Visp,1056,1476,2532,25,7,"SFr. 53,- / approx. € 56,-",slope+alt
Vals – Dachberg,https://www.skiresort.com/en/ski-resort/vals-dachberg/,Switzerland,Eastern Switzerland,Graubünden / Vals (Valsertal),1565,1286,2851,25,6,"SFr. 39,- / approx. € 41,-",slope+alt
La Berra – La Roche,https://www.skiresort.com/en/ski-resort/la-berra-la-roche/,Switzerland,Espace Mittelland,Fribourg / La Gruyere,596,1040,1636,25,6,"SFr. 49,- / approx. € 52,-",slope+alt
Pelvoux/Vallouise,https://www.skiresort.com/en/ski-resort/pelvoux-vallouise/,France,Provence-Alpes-Côte d’Azur,Hautes-Alpes / Briançon / Vallée de l'Onde à Vallouise,1050,1250,2300,25,7,"€ 27,-",slope+alt
Ceillac en Queyras,https://www.skiresort.com/en/ski-resort/ceillac-en-queyras/,France,Provence-Alpes-Côte d’Azur,Hautes-Alpes / Briançon,850,1650,2500,25,6,€ 37.70,slope+alt
Bödele – Schwarzenberg,https://www.skiresort.com/en/ski-resort/boedele-schwarzenberg/,Austria,Vorarlberg,Bregenz / Bregenzerwald,767,700,1467,25,12,€ 48.10,slope+alt
Rothwald/Wasenalp (Simplon Pass),https://www.skiresort.com/en/ski-resort/rothwald-wasenalp-simplon-pass/,Switzerland,Lemanic Region,Valais (Wallis) / Brig Simplon,520,1750,2270,25,3,"SFr. 44,- / approx. € 47,-",slope+alt
Tschappina/Urmein (Heinzenberg),https://www.skiresort.com/en/ski-resort/tschappina-urmein-heinzenberg/,Switzerland,Eastern Switzerland,Graubünden / Viamala,600,1580,2180,25,7,"SFr. 38,- / approx. € 40,-",slope+alt
"Espace Super Saint-Bernard – Bourg-St-Pierre <span class=""closed-resort red""> (temporarily closed)</span>",https://www.skiresort.com/en/ski-resort/espace-super-saint-bernard-bourg-st-pierre/,Switzerland,Lemanic Region,Valais (Wallis) / Pays du St-Bernard,850,1950,2800,25,3,"SFr. 38,- / approx. € 40,-",slope+alt
Ifen,https://www.skiresort.com/en/ski-resort/ifen/,Austria,Vorarlberg,Bregenz / Kleinwalsertal,760,1270,2030,24.7,4,€ 68.70,slope+alt
Goldeck – Spittal an der Drau,https://www.skiresort.com/en/ski-resort/goldeck-spittal-an-der-drau/,Austria,Carinthia (Kärnten),Upper Carinthia (Oberkärnten) / Millstätter See,1595,547,2142,24.4,6,€ 61.50,slope+alt
Zoncolan – Ravascletto/Sutrio,https://www.skiresort.com/en/ski-resort/zoncolan-ravascletto-sutrio/,Italy,Friuli-Venezia Giulia,Udine,1070,900,1970,24.1,11,"€ 44,-",slope+alt
Alpe Cermis – Cavalese,https://www.skiresort.com/en/ski-resort/alpe-cermis-cavalese/,Italy,Trentino-Alto Adige (Trentino-Südtirol),Trentino / Val di Fiemme,1390,860,2250,24,7,"€ 71,-",slope+alt
Fanningberg,https://www.skiresort.com/en/ski-resort/fanningberg/,Austria,Salzburg (Salzburger Land),Lungau,618,1497,2115,24,6,"€ 61,-",slope+alt
Markbachjoch/Lanerköpfl – Niederau,https://www.skiresort.com/en/ski-resort/markbachjoch-lanerkoepfl-niederau/,Austria,Tyrol (Tirol),Tiroler Unterland / Kufstein / Wildschönau,735,825,1560,24,12,€ 71.50,slope+alt
Aillons-Margériaz,https://www.skiresort.com/en/ski-resort/aillons-margeriaz/,France,Auvergne-Rhône-Alpes,Savoie Mont Blanc / Savoie / Chambéry / Lac du Bourget,415,1370,1785,24,10,"€ 29,-",slope+alt
Saint-Léger-les-Mélèzes,https://www.skiresort.com/en/ski-resort/saint-leger-les-melezes/,France,Provence-Alpes-Côte d’Azur,Hautes-Alpes / Gap,722,1260,1982,24,8,€ 28.90,slope+alt
Lans en Vercors,https://www.skiresort.com/en/ski-resort/lans-en-vercors/,France,Auvergne-Rhône-Alpes,Isère / Grenoble,407,1400,1807,24,12,"€ 26,-",slope+alt
St. Jakob im Defereggental – Brunnalm,https://www.skiresort.com/en/ski-resort/st-jakob-im-defereggental-brunnalm/,Austria,Tyrol (Tirol),Osttirol (East Tyrol) / Deferreggen Valley (Defereggental),1283,1400,2683,23.7,7,"€ 74,-",slope+alt
Tarvisio – Monte Lussari,https://www.skiresort.com/en/ski-resort/tarvisio-monte-lussari/,Italy,Friuli-Venezia Giulia,Udine,998,754,1752,23.1,13,"€ 44,-",slope+alt
Glungezer – Tulfes,https://www.skiresort.com/en/ski-resort/glungezer-tulfes/,Austria,Tyrol (Tirol),Innsbruck / Innsbruck-Land / Hall-Wattens Region,1354,950,2304,23,6,"€ 50,-",slope+alt
Malbun,https://www.skiresort.com/en/ski-resort/malbun/,Liechtenstein,,,400,1600,2000,23,6,"SFr. 55,- / approx. € 58,-",slope+alt
Kasberg – Grünau im Almtal,https://www.skiresort.com/en/ski-resort/kasberg-gruenau-im-almtal/,Austria,Upper Austria (Oberösterreich),Salzkammergut / Almtal,980,620,1600,23,13,"€ 58,-",slope+alt
Weissee Gletscherwelt – Uttendorf,https://www.skiresort.com/en/ski-resort/weissee-gletscherwelt-uttendorf/,Austria,Salzburg (Salzburger Land),Pinzgau / Stubachtal,1118,1482,2600,23,7,"€ 51,-",slope+alt
Wurzeralm – Spital am Pyhrn,https://www.skiresort.com/en/ski-resort/wurzeralm-spital-am-pyhrn/,Austria,Upper Austria (Oberösterreich),Steyr-Kirchdorf / Kirchdorf an der Krems / Pyhrn-Priel,1060,810,1870,22.5,8,,slope+alt
Sillian – Thurntaler (Hochpustertal),https://www.skiresort.com/en/ski-resort/sillian-thurntaler-hochpustertal/,Austria,Tyrol (Tirol),Osttirol (East Tyrol) / East Tyrolean Hochpustertal,1307,1100,2407,22.4,7,"€ 74,-",slope+alt
Vogel – Bohinj,https://www.skiresort.com/en/ski-resort/vogel-bohinj/,Slovenia,Gorenjska (Upper Carniola),,1231,569,1800,22,9,"€ 45,-",slope+alt
Reinswald (San Martino in Sarentino),https://www.skiresort.com/en/ski-resort/reinswald-san-martino-in-sarentino/,Italy,Trentino-Alto Adige (Trentino-Südtirol),South Tyrol (Südtirol) / Bolzano and environs / Val Sarentino (Sarntal),890,1570,2460,22,4,"€ 54,-",slope+alt
Foppolo/Carona (Brembo Ski),https://www.skiresort.com/en/ski-resort/foppolo-carona-brembo-ski/,Italy,Lombardy,Bergamo / Val Brembana,528,1635,2163,22,9,"€ 40,-",slope+alt
Altopiano di Brentonico – Polsa/San Valentino,https://www.skiresort.com/en/ski-resort/altopiano-di-brentonico-polsa-san-valentino/,Italy,Trentino-Alto Adige (Trentino-Südtirol),Trentino / Rovereto/​Vallagarina/​Altopiano di Brentonico,388,1195,1583,22,7,"€ 48,-",slope+alt
Hochkössen (Unterberghorn) – Kössen,https://www.skiresort.com/en/ski-resort/hochkoessen-unterberghorn-koessen/,Austria,Tyrol (Tirol),Tiroler Unterland / Kaiserwinkl,1075,613,1688,21.7,11,"€ 36,-",slope+alt
Crévoux,https://www.skiresort.com/en/ski-resort/crevoux/,France,Provence-Alpes-Côte d’Azur,Hautes-Alpes / Gap,936,1600,2536,21.5,6,"€ 29,-",slope+alt
Colere,https://www.skiresort.com/en/ski-resort/colere/,Italy,Lombardy,Bergamo,1118,1060,2178,21.3,5,"€ 48,-",slope+alt
Valmalenco – Alpe Palù,https://www.skiresort.com/en/ski-resort/valmalenco-alpe-palu/,Italy,Lombardy,Valtellina / Valmalenco,826,1527,2353,21.3,9,"€ 58,-",slope+alt
Buchensteinwand (Pillersee) – St. Ulrich am Pillersee/St. Jakob in Haus/Hochfilzen,https://www.skiresort.com/en/ski-resort/buchensteinwand-pillersee-st-ulrich-am-pillersee-st-jakob-in-haus-hochfilzen/,Austria,Tyrol (Tirol),Tiroler Unterland / Kitzbüheler Alpen / Pillersee Valley (Pillerseetal),601,855,1456,21.2,9,"€ 50,-",slope+alt
Zettersfeld – Lienz,https://www.skiresort.com/en/ski-resort/zettersfeld-lienz/,Austria,Tyrol (Tirol),Osttirol (East Tyrol) / Lienz Dolomites,618,1660,2278,21,6,"€ 70,-",slope+alt
Ehrwalder Wettersteinbahnen – Ehrwald,https://www.skiresort.com/en/ski-resort/ehrwalder-wettersteinbahnen-ehrwald/,Austria,Tyrol (Tirol),Außerfern / Tiroler Zugspitz Arena,530,1000,1530,21,6,"€ 55,-",slope+alt
Crévacol,https://www.skiresort.com/en/ski-resort/crevacol/,Italy,Aosta Valley (Valle d'Aosta),Great Saint Bernard (Gran San Bernardo),787,1667,2454,21,3,"€ 37,-",slope+alt
Hochrindl – Sirnitz,https://www.skiresort.com/en/ski-resort/hochrindl-sirnitz/,Austria,Carinthia (Kärnten),Upper Carinthia (Oberkärnten) / Feldkirchen / Nockberge,362,1470,1832,20.6,7,"€ 52,-",slope+alt
Spieljoch – Fügen,https://www.skiresort.com/en/ski-resort/spieljoch-fuegen/,Austria,Tyrol (Tirol),Tiroler Unterland / Schwaz / Zillertal / Fügen-Kaltenbach,1444,610,2054,20.5,10,"€ 80,-",slope+alt
Santa Caterina Valfurva,https://www.skiresort.com/en/ski-resort/santa-caterina-valfurva/,Italy,Lombardy,Valtellina / Alta Valtellina / Valfurva,1158,1722,2880,20.5,9,"€ 63,-",slope+alt
Giw – Visperterminen,https://www.skiresort.com/en/ski-resort/giw-visperterminen/,Switzerland,Lemanic Region,Valais (Wallis) / Visp,928,1381,2309,20.5,5,"SFr. 53,- / approx. € 56,-",slope+alt
Pejo 3000,https://www.skiresort.com/en/ski-resort/pejo-3000/,Italy,Trentino-Alto Adige (Trentino-Südtirol),Trentino / Val di Sole (Sole Valley),1600,1400,3000,20,7,"€ 58,-",slope+alt
Bellwald,https://www.skiresort.com/en/ski-resort/bellwald/,Switzerland,Lemanic Region,Valais (Wallis) / Goms,958,1600,2558,20,5,,slope+alt
Rosskopf (Monte Cavallo) – Sterzing (Vipiteno),https://www.skiresort.com/en/ski-resort/rosskopf-monte-cavallo-sterzing-vipiteno/,Italy,Trentino-Alto Adige (Trentino-Südtirol),South Tyrol (Südtirol) / Eisacktal / Sterzing-Ratschings-Gossensass,1160,960,2120,20,3,"€ 61,-",slope+alt
Filzmoos,https://www.skiresort.com/en/ski-resort/filzmoos/,Austria,Salzburg (Salzburger Land),Pongau / Salzburger Sportwelt,621,970,1591,20,8,"€ 70,-",slope+alt
Carì,https://www.skiresort.com/en/ski-resort/cari/,Switzerland,Ticino,Bellinzonese and Upper Ticino / Valle Leventina,630,1650,2280,20,4,"SFr. 48,- / approx. € 51,-",slope+alt
Kaiseregg/Riggisalp – Schwarzsee,https://www.skiresort.com/en/ski-resort/kaiseregg-riggisalp-schwarzsee/,Switzerland,Espace Mittelland,Fribourg / Schwarzsee-Senseland,704,1047,1751,20,6,"SFr. 49,- / approx. € 52,-",slope+alt
Präbichl – Vordernberg,https://www.skiresort.com/en/ski-resort/praebichl-vordernberg/,Austria,Styria (Steiermark),Hochsteiermark,508,1100,1608,20,6,€ 53.50,slope+alt
Torgnon,https://www.skiresort.com/en/ski-resort/torgnon/,Italy,Aosta Valley (Valle d'Aosta),Matterhorn (Monte Cervino),731,1515,2246,20,7,"€ 39,-",slope+alt
Brambrüesch/Dreibündenstein – Chur,https://www.skiresort.com/en/ski-resort/brambrueesch-dreibuendenstein-chur/,Switzerland,Eastern Switzerland,Graubünden / Chur,1004,1170,2174,20,5,"SFr. 46,- / approx. € 49,-",slope+alt
Jaun,https://www.skiresort.com/en/ski-resort/jaun/,Switzerland,Espace Mittelland,Fribourg / La Gruyere,548,1023,1571,20,4,"SFr. 44,- / approx. € 47,-",slope+alt
Darlux – Bergün,https://www.skiresort.com/en/ski-resort/darlux-berguen/,Switzerland,Eastern Switzerland,Graubünden / Bergün Filisur,1185,1384,2569,20,3,"SFr. 47,- / approx. € 50,-",slope+alt
Passo Maniva,https://www.skiresort.com/en/ski-resort/passo-maniva/,Italy,Lombardy,Brescia,577,1511,2088,20,7,"€ 38,-",slope+alt
Lizzola,https://www.skiresort.com/en/ski-resort/lizzola/,Italy,Lombardy,Bergamo,766,1262,2028,20,5,"€ 38,-",slope+alt
Kranjska Gora,https://www.skiresort.com/en/ski-resort/kranjska-gora/,Slovenia,Gorenjska (Upper Carniola),,475,807,1282,20,15,"€ 49,-",slope+alt
Sarn (Heinzenberg),https://www.skiresort.com/en/ski-resort/sarn-heinzenberg/,Switzerland,Eastern Switzerland,Graubünden / Viamala,775,1300,2075,20,4,"SFr. 36,- / approx. € 38,-",slope+alt
Bielmonte,https://www.skiresort.com/en/ski-resort/bielmonte/,Italy,Piedmont (Piemonte),Biella,392,1229,1621,20,7,"€ 48,-",slope+alt
"Argentera <span class=""closed-resort red""> (temporarily closed)</span>",https://www.skiresort.com/en/ski-resort/argentera/,Italy,Piedmont (Piemonte),Cuneo / Valle Stura di Demonte,850,1630,2480,20,4,,slope+alt
Autrans – La Sure,https://www.skiresort.com/en/ski-resort/autrans-la-sure/,France,Auvergne-Rhône-Alpes,Isère / Grenoble,660,1050,1710,20,7,€ 23.70,slope+alt
Gresse en Vercors,https://www.skiresort.com/en/ski-resort/gresse-en-vercors/,France,Auvergne-Rhône-Alpes,Isère / Grenoble,506,1245,1751,20,11,"€ 27,-",slope+alt
Schwanden – Sigriswil,https://www.skiresort.com/en/ski-resort/schwanden-sigriswil/,Switzerland,Espace Mittelland,Bern / Lake Thun (Thunersee),390,1070,1460,20,3,"SFr. 37,- / approx. € 39,-",slope+alt
Cima Piazzi/San Colombano – Isolaccia/Oga,https://www.skiresort.com/en/ski-resort/cima-piazzi-san-colombano-isolaccia-oga/,Italy,Lombardy,Valtellina / Alta Valtellina / Valdidentro,1018,1342,2360,19.6,10,"€ 60,-",slope+alt
Hochwang – Goldgruben,https://www.skiresort.com/en/ski-resort/hochwang-goldgruben/,Switzerland,Eastern Switzerland,Graubünden / Arosa,755,1544,2299,19.6,3,"SFr. 55,- / approx. € 58,-",slope+alt
Hochkar – Göstling,https://www.skiresort.com/en/ski-resort/hochkar-goestling/,Austria,Lower Austria (Niederösterreich),Mostviertel / Scheibbs,428,1380,1808,19.2,8,,slope+alt
Rosshütte – Seefeld,https://www.skiresort.com/en/ski-resort/rosshuette-seefeld/,Austria,Tyrol (Tirol),Innsbruck / Innsbruck-Land / Region Seefeld – Tirols Hochplateau,834,1230,2064,19.1,12,€ 59.50,slope+alt
Patscherkofel – Innsbruck-Igls,https://www.skiresort.com/en/ski-resort/patscherkofel-innsbruck-igls/,Austria,Tyrol (Tirol),Innsbruck region,956,1009,1965,19,6,"€ 52,-",slope+alt
Bernex,https://www.skiresort.com/en/ski-resort/bernex/,France,Auvergne-Rhône-Alpes,Savoie Mont Blanc / Haute-Savoie / Chablais,875,996,1871,19,11,€ 29.90,slope+alt
Unterbäch – Brandalp/Ginals,https://www.skiresort.com/en/ski-resort/unterbaech-brandalp-ginals/,Switzerland,Lemanic Region,Valais (Wallis) / Vispertal,1213,1230,2443,19,7,"SFr. 49,- / approx. € 52,-",slope+alt
"Chiomonte Frais <span class=""closed-resort red""> (temporarily closed)</span>",https://www.skiresort.com/en/ski-resort/chiomonte-frais/,Italy,Piedmont (Piemonte),Turin (Torino) / Susa Valley (Val di Susa),630,1460,2090,19,4,"€ 25,-",slope+alt
Monte Bondone,https://www.skiresort.com/en/ski-resort/monte-bondone/,Italy,Trentino-Alto Adige (Trentino-Südtirol),Trentino / Trento/​Monte Bondone/​Valle di Laghi/​Valle dell´Adige,901,1189,2090,18.8,4,"€ 54,-",slope+alt
Gréolières les Neiges,https://www.skiresort.com/en/ski-resort/greolieres-les-neiges/,France,Provence-Alpes-Côte d’Azur,Alpes-Maritimes / Grasse,400,1400,1800,18.6,9,"€ 27,-",slope+alt
Sportgastein,https://www.skiresort.com/en/ski-resort/sportgastein/,Austria,Salzburg (Salzburger Land),Pongau / Gastein,1065,1585,2650,18.2,3,€ 78.50,slope+alt
LeMelette – Gallio,https://www.skiresort.com/en/ski-resort/lemelette-gallio/,Italy,Venetia (Veneto),Vicenza / Asiago,320,1413,1733,18.2,4,"€ 43,-",slope+alt
Pfelders (Moos in Passeier),https://www.skiresort.com/en/ski-resort/pfelders-moos-in-passeier/,Italy,Trentino-Alto Adige (Trentino-Südtirol),South Tyrol (Südtirol) / Merano and Environs / Passeier Valley (Passeiertal),901,1601,2502,18,4,"€ 55,-",slope+alt
Ladurns,https://www.skiresort.com/en/ski-resort/ladurns/,Italy,Trentino-Alto Adige (Trentino-Südtirol),South Tyrol (Südtirol) / Eisacktal / Sterzing-Ratschings-Gossensass,890,1140,2030,18,3,"€ 57,-",slope+alt
Watles – Malles Venosta (Mals),https://www.skiresort.com/en/ski-resort/watles-malles-venosta-mals/,Italy,Trentino-Alto Adige (Trentino-Südtirol),South Tyrol (Südtirol) / Venosta Valley (Vinschgau) / Upper Venosta Valley (Obervinschgau),770,1750,2520,18,3,"€ 59,-",slope+alt
Minschuns – Val Müstair-Tschierv,https://www.skiresort.com/en/ski-resort/minschuns-val-muestair-tschierv/,Switzerland,Eastern Switzerland,Graubünden / Engadin Samnaun Val Müstair,547,2126,2673,18,4,"SFr. 42,- / approx. € 45,-",slope+alt
Cerkno,https://www.skiresort.com/en/ski-resort/cerkno/,Slovenia,Gorenjska (Upper Carniola),Europe / Slovenia / Goriška,352,935,1287,18,7,"€ 43,-",slope+alt
Hündle/Thalkirchdorf (Oberstaufen),https://www.skiresort.com/en/ski-resort/huendle-thalkirchdorf-oberstaufen/,Germany,Bavaria (Bayern),Swabia (Schwaben) / Oberallgäu / Nagelfluhkette,425,745,1170,18,8,"€ 49,-",slope
Le Semnoz,https://www.skiresort.com/en/ski-resort/le-semnoz/,France,Auvergne-Rhône-Alpes,Savoie Mont Blanc / Haute-Savoie / Annecy / Lac d’Annecy,254,1450,1704,18,10,€ 18.50,slope+alt
Méaudre,https://www.skiresort.com/en/ski-resort/meaudre/,France,Auvergne-Rhône-Alpes,Isère / Grenoble,588,1012,1600,18,8,€ 23.70,slope+alt
Panarotta 2002 – Valsugana,https://www.skiresort.com/en/ski-resort/panarotta-2002-valsugana/,Italy,Trentino-Alto Adige (Trentino-Südtirol),Trentino / Sugana Valley (Valsugana),484,1518,2002,18,5,"€ 30,-",slope+alt
Arvieux,https://www.skiresort.com/en/ski-resort/arvieux/,France,Provence-Alpes-Côte d’Azur,Hautes-Alpes / Briançon,650,1550,2200,18,6,€ 39.90,slope+alt
Koralpe,https://www.skiresort.com/en/ski-resort/koralpe/,Austria,Carinthia (Kärnten),Lower Carinthia (Unterkärnten) / Wolfsberg / Lavanttal,420,1650,2070,18,5,€ 41.50,slope+alt
Weinebene – Frantschach-Sankt Gertraud,https://www.skiresort.com/en/ski-resort/weinebene-frantschach-sankt-gertraud/,Austria,Carinthia (Kärnten),Lower Carinthia (Unterkärnten) / Wolfsberg / Lavanttal,306,1580,1886,18,8,€ 38.50,slope+alt
Mottarone,https://www.skiresort.com/en/ski-resort/mottarone/,Italy,Piedmont (Piemonte),Verbano-Cusio-Ossola,186,1305,1491,17.9,6,"€ 38,-",slope+alt
Steibis – Imberg (Oberstaufen),https://www.skiresort.com/en/ski-resort/steibis-imberg-oberstaufen/,Germany,Bavaria (Bayern),Swabia (Schwaben) / Oberallgäu / Nagelfluhkette,479,859,1338,17.6,12,"€ 52,-",slope+alt
Radstadt/Altenmarkt,https://www.skiresort.com/en/ski-resort/radstadt-altenmarkt/,Austria,Salzburg (Salzburger Land),Pongau / Salzburger Sportwelt / Radstadt / Europe / Austria / Salzburg (Salzburger Land) / Pongau / Salzburger Sportwelt / Altenmarkt-Zauchensee,721,850,1571,17.3,7,"€ 75,-",slope+alt
Sampeyre,https://www.skiresort.com/en/ski-resort/sampeyre/,Italy,Piedmont (Piemonte),Cuneo,865,995,1860,17.2,2,"€ 27,-",slope+alt
Hörnerbahn – Bolsterlang,https://www.skiresort.com/en/ski-resort/hoernerbahn-bolsterlang/,Germany,Bavaria (Bayern),Swabia (Schwaben) / Oberallgäu / Hörnerdörfer,771,894,1665,17,5,€ 54.50,slope+alt
Zugspitze,https://www.skiresort.com/en/ski-resort/zugspitze/,Germany,Bavaria (Bayern),Upper Bavaria (Oberbayern) / Zugspitz Region / Zugspitzland / Europe / Austria / Tyrol (Tirol) / Außerfern / Tiroler Zugspitz Arena,650,2000,2650,17,8,"€ 69,-",slope+alt
Kitzbüheler Horn,https://www.skiresort.com/en/ski-resort/kitzbueheler-horn/,Austria,Tyrol (Tirol),Tiroler Unterland / Kitzbühel (District) / Kitzbühel,1230,770,2000,17,10,"€ 54,-",slope+alt
Alpe di Mera – Scopello,https://www.skiresort.com/en/ski-resort/alpe-di-mera-scopello/,Italy,Piedmont (Piemonte),Vercelli,1057,682,1739,17,7,"€ 42,-",slope+alt
Thollon les Mémises,https://www.skiresort.com/en/ski-resort/thollon-les-memises/,France,Auvergne-Rhône-Alpes,Savoie Mont Blanc / Haute-Savoie / Chablais,504,1370,1874,17,15,"€ 30,-",slope+alt
Amden – Arvenbüel/Mattstock,https://www.skiresort.com/en/ski-resort/amden-arvenbueel-mattstock/,Switzerland,Eastern Switzerland,St. Gallen,753,931,1684,17,6,"SFr. 38,- / approx. € 40,-",slope+alt
Engstligenalp – Adelboden,https://www.skiresort.com/en/ski-resort/engstligenalp-adelboden/,Switzerland,Espace Mittelland,Bern / Bernese Oberland / Adelboden-Frutigen,382,1971,2353,17,8,,slope+alt
Lurisia – Monte Pigna,https://www.skiresort.com/en/ski-resort/lurisia-monte-pigna/,Italy,Piedmont (Piemonte),Cuneo,920,814,1734,17,5,"€ 28,-",slope+alt
"Grüntenlifte – Kranzegg (Rettenberg) <span class=""closed-resort red""> (temporarily closed)</span>",https://www.skiresort.com/en/ski-resort/gruentenlifte-kranzegg-rettenberg/,Germany,Bavaria (Bayern),Swabia (Schwaben) / Oberallgäu / Alpsee Grünten,800,900,1700,16.8,8,"€ 32,-",slope+alt
Petzen – Feistritz ob Bleiburg,https://www.skiresort.com/en/ski-resort/petzen-feistritz-ob-bleiburg/,Austria,Carinthia (Kärnten),Lower Carinthia (Unterkärnten) / Völkermarkt,1250,650,1900,16.7,6,€ 47.50,slope+alt
Ofterschwang/Gunzesried – Ofterschwanger Horn,https://www.skiresort.com/en/ski-resort/ofterschwang-gunzesried-ofterschwanger-horn/,Germany,Bavaria (Bayern),Swabia (Schwaben) / Oberallgäu / Hörnerdörfer,525,880,1405,16.5,7,€ 54.50,slope+alt
Muttereralm – Mutters/Götzens,https://www.skiresort.com/en/ski-resort/muttereralm-mutters-goetzens/,Austria,Tyrol (Tirol),Innsbruck region,907,897,1804,16.4,5,"€ 57,-",slope+alt
Hahnenkamm – Höfen/Reutte,https://www.skiresort.com/en/ski-resort/hahnenkamm-hoefen-reutte/,Austria,Tyrol (Tirol),Außerfern / Naturparkregion Reutte,1046,854,1900,16,3,"€ 52,-",slope+alt
Planneralm – Donnersbach,https://www.skiresort.com/en/ski-resort/planneralm-donnersbach/,Austria,Styria (Steiermark),Liezen / Schladming-Dachstein,400,1600,2000,16,6,"€ 62,-",slope+alt
Pian Munè – Paesana,https://www.skiresort.com/en/ski-resort/pian-mune-paesana/,Italy,Piedmont (Piemonte),Cuneo,530,1530,2060,16,4,"€ 23,-",slope+alt
Unterberg,https://www.skiresort.com/en/ski-resort/unterberg/,Austria,Lower Austria (Niederösterreich),Wiener Alpen,614,710,1324,16,5,€ 36.50,slope+alt
Gemeindealpe – Mitterbach am Erlaufsee,https://www.skiresort.com/en/ski-resort/gemeindealpe-mitterbach-am-erlaufsee/,Austria,Lower Austria (Niederösterreich),Mostviertel / Lilienfeld,826,800,1626,15.5,4,"€ 53,-",slope+alt
Ötscher – Lackenhof (Gaming),https://www.skiresort.com/en/ski-resort/oetscher-lackenhof-gaming/,Austria,Lower Austria (Niederösterreich),Mostviertel / Scheibbs,616,810,1426,15.5,7,,slope+alt
Heidbodme – Saas-Almagell,https://www.skiresort.com/en/ski-resort/heidbodme-saas-almagell/,Switzerland,Lemanic Region,Valais (Wallis) / Saas-Fee/​Saastal,663,1684,2347,15.4,7,"SFr. 56,- / approx. € 59,-",slope+alt
Zuoz – Pizzet/Albanas,https://www.skiresort.com/en/ski-resort/zuoz-pizzet-albanas/,Switzerland,Eastern Switzerland,Graubünden / Engadin St. Moritz,745,1720,2465,15,5,,slope+alt
Vent,https://www.skiresort.com/en/ski-resort/vent/,Austria,Tyrol (Tirol),Tiroler Oberland (region) / Imst (District) / Ötztal,746,1900,2646,15,4,"€ 51,-",slope+alt
Venet – Landeck/Zams/Fliess,https://www.skiresort.com/en/ski-resort/venet-landeck-zams-fliess/,Austria,Tyrol (Tirol),Tiroler Oberland (region) / Landeck / Tirol West,1432,780,2212,15,6,"€ 43,-",slope+alt
Monte Verena – Mezzaselva di Roana,https://www.skiresort.com/en/ski-resort/monte-verena-mezzaselva-di-roana/,Italy,Venetia (Veneto),Vicenza / Asiago,380,1640,2020,15,5,"€ 45,-",slope+alt
L'Essert – Abondance,https://www.skiresort.com/en/ski-resort/lessert-abondance/,France,Auvergne-Rhône-Alpes,Savoie Mont Blanc / Haute-Savoie / Portes du Soleil,794,936,1730,15,8,€ 27.50,slope+alt
Spiazzi di Gromo,https://www.skiresort.com/en/ski-resort/spiazzi-di-gromo/,Italy,Lombardy,Bergamo,549,1156,1705,15,4,"€ 35,-",slope+alt
La Fouly,https://www.skiresort.com/en/ski-resort/la-fouly/,Switzerland,Lemanic Region,Valais (Wallis) / Pays du St-Bernard,565,1607,2172,15,4,"SFr. 46,- / approx. € 49,-",slope+alt
Champex-Lac (Orsières),https://www.skiresort.com/en/ski-resort/champex-lac-orsieres/,Switzerland,Lemanic Region,Valais (Wallis) / Pays du St-Bernard,726,1468,2194,15,4,"SFr. 46,- / approx. € 49,-",slope+alt
Eischoll,https://www.skiresort.com/en/ski-resort/eischoll/,Switzerland,Lemanic Region,Valais (Wallis),940,1260,2200,15,4,"SFr. 49,- / approx. € 52,-",slope+alt
Passo Rolle (Rolle Pass),https://www.skiresort.com/en/ski-resort/passo-rolle-rolle-pass/,Italy,Trentino-Alto Adige (Trentino-Südtirol),Trentino / San Martino di Castrozza/​Passo Rolle/​Primiero/​Vanoi,343,1873,2216,15,6,"€ 70,-",slope+alt
"Bagolino <span class=""closed-resort red""> (temporarily closed)</span>",https://www.skiresort.com/en/ski-resort/bagolino/,Italy,Lombardy,Brescia,634,1458,2092,15,6,,slope+alt
Vichères (Liddes),https://www.skiresort.com/en/ski-resort/vicheres-liddes/,Switzerland,Lemanic Region,Valais (Wallis) / Pays du St-Bernard,670,1595,2265,15,4,"SFr. 46,- / approx. € 49,-",slope+alt
Axalp ob Brienz,https://www.skiresort.com/en/ski-resort/axalp-ob-brienz/,Switzerland,Espace Mittelland,Bern / Bernese Oberland / Interlaken,537,1422,1959,15,6,"SFr. 55,- / approx. € 58,-",slope+alt
Kranzberg – Mittenwald,https://www.skiresort.com/en/ski-resort/kranzberg-mittenwald/,Germany,Bavaria (Bayern),Upper Bavaria (Oberbayern) / Zugspitz Region / Alpenwelt Karwendel,370,980,1350,15,10,"€ 41,-",slope+alt
"Schwefelberg – Badmatte/Louigrat <span class=""closed-resort red""> (temporarily closed)</span>",https://www.skiresort.com/en/ski-resort/schwefelberg-badmatte-louigrat/,Switzerland,Espace Mittelland,Bern,318,1386,1704,15,,"SFr. 28,- / approx. € 30,-",slope+alt
Fideriser Heuberge – Arflina,https://www.skiresort.com/en/ski-resort/fideriser-heuberge-arflina/,Switzerland,Eastern Switzerland,Graubünden / Prättigau,404,1952,2356,15,4,"SFr. 46,- / approx. € 49,-",slope+alt
Simonhöhe – St. Urban,https://www.skiresort.com/en/ski-resort/simonhoehe-st-urban/,Austria,Carinthia (Kärnten),Mittelkärnten (Central Carinthia),298,1042,1340,15,8,"€ 47,-",slope+alt
Sappada,https://www.skiresort.com/en/ski-resort/sappada/,Italy,Friuli-Venezia Giulia,Udine,777,1223,2000,14.5,9,"€ 44,-",slope+alt
Spitzingsee-Tegernsee,https://www.skiresort.com/en/ski-resort/spitzingsee-tegernsee/,Germany,Bavaria (Bayern),Upper Bavaria (Oberbayern) / Tegernsee-Schliersee,600,980,1580,14.2,11,"€ 51,-",slope+alt
Fageralm – Forstau,https://www.skiresort.com/en/ski-resort/fageralm-forstau/,Austria,Salzburg (Salzburger Land),Pongau,955,930,1885,14.2,6,€ 69.50,slope+alt
Söllereck – Oberstdorf,https://www.skiresort.com/en/ski-resort/soellereck-oberstdorf/,Germany,Bavaria (Bayern),Swabia (Schwaben) / Oberallgäu / Oberstdorf,630,820,1450,14,8,€ 56.90,slope+alt
GrebenzenHöhen – St. Lambrecht,https://www.skiresort.com/en/ski-resort/grebenzenhoehen-st-lambrecht/,Austria,Styria (Steiermark),Murtal / Europe / Austria / Styria (Steiermark) / Murau,860,1010,1870,14,8,"€ 55,-",slope+alt
Zauberberg Semmering,https://www.skiresort.com/en/ski-resort/zauberberg-semmering/,Austria,Lower Austria (Niederösterreich),Wiener Alpen / Neunkirchen,365,985,1350,14,2,€ 56.50,slope+alt
Kellerjoch – Schwaz,https://www.skiresort.com/en/ski-resort/kellerjoch-schwaz/,Austria,Tyrol (Tirol),Silberregion Karwendel,535,1352,1887,14,5,€ 45.50,slope+alt
"Aflenz Bürgeralm <span class=""closed-resort red""> (temporarily closed)</span>",https://www.skiresort.com/en/ski-resort/aflenz-buergeralm/,Austria,Styria (Steiermark),Hochsteiermark / Alpenregion Hochschwab,1000,810,1810,14,8,"€ 40,-",slope+alt
Monte Pora,https://www.skiresort.com/en/ski-resort/monte-pora/,Italy,Lombardy,Bergamo,493,1387,1880,14,7,"€ 44,-",slope+alt
"Königsberg – Hollenstein an der Ybbs <span class=""closed-resort red""> (temporarily closed)</span>",https://www.skiresort.com/en/ski-resort/koenigsberg-hollenstein-an-der-ybbs/,Austria,Lower Austria (Niederösterreich),Mostviertel / Amstetten,357,700,1057,14,6,"€ 32,-",slope
Nordkette – Innsbruck,https://www.skiresort.com/en/ski-resort/nordkette-innsbruck/,Austria,Tyrol (Tirol),Innsbruck region,1396,860,2256,13.9,6,"€ 56,-",slope+alt
Champorcher,https://www.skiresort.com/en/ski-resort/champorcher/,Italy,Aosta Valley (Valle d'Aosta),Central Valley and Mont Avic (Valle Centrale/​Mont Avic),1060,1440,2500,13.6,7,"€ 36,-",slope+alt
Catinaccio/Ciampedie – Vigo di Fassa/Pera di Fassa,https://www.skiresort.com/en/ski-resort/catinaccio-ciampedie-vigo-di-fassa-pera-di-fassa/,Italy,Trentino-Alto Adige (Trentino-Südtirol),Trentino / Val di Fassa (Fassa Valley/​Fassatal),773,1322,2095,13.5,6,"€ 76,-",slope+alt
Mönichkirchen/Mariensee,https://www.skiresort.com/en/ski-resort/moenichkirchen-mariensee/,Austria,Lower Austria (Niederösterreich),Wiener Alpen / Neunkirchen,567,865,1432,13.5,7,,slope+alt
Galsterberg – Pruggern,https://www.skiresort.com/en/ski-resort/galsterberg-pruggern/,Austria,Styria (Steiermark),Liezen / Schladming-Dachstein,842,1142,1984,13.5,4,€ 71.50,slope+alt
Arnoldstein – Dreiländereck,https://www.skiresort.com/en/ski-resort/arnoldstein-dreilaendereck/,Austria,Carinthia (Kärnten),Villach Region,872,680,1552,13.5,7,"€ 49,-",slope+alt
Piancavallo,https://www.skiresort.com/en/ski-resort/piancavallo/,Italy,Friuli-Venezia Giulia,Pordenone,620,1245,1865,13.3,12,"€ 44,-",slope+alt
Rittner Horn (Corno del Renon) – Ritten (Renon),https://www.skiresort.com/en/ski-resort/rittner-horn-corno-del-renon-ritten-renon/,Italy,Trentino-Alto Adige (Trentino-Südtirol),South Tyrol (Südtirol) / Bolzano and environs,722,1538,2260,13,3,€ 43.50,slope+alt
Oeschinensee – Kandersteg,https://www.skiresort.com/en/ski-resort/oeschinensee-kandersteg/,Switzerland,Espace Mittelland,Bern / Bernese Oberland / Kandertal,530,1200,1730,13,6,"SFr. 40,- / approx. € 42,-",slope+alt
"Krinnenalpe – Nesselwängle <span class=""closed-resort red""> (temporarily closed)</span>",https://www.skiresort.com/en/ski-resort/krinnenalpe-nesselwaengle/,Austria,Tyrol (Tirol),Reutte / Tannheimer Tal,521,1150,1671,13,6,"€ 43,-",slope+alt
Saint-Michel-de-Chaillol,https://www.skiresort.com/en/ski-resort/saint-michel-de-chaillol/,France,Provence-Alpes-Côte d’Azur,Hautes-Alpes / Gap,550,1450,2000,13,8,€ 28.90,slope+alt
Passy Plaine Joux,https://www.skiresort.com/en/ski-resort/passy-plaine-joux/,France,Auvergne-Rhône-Alpes,Savoie Mont Blanc / Haute-Savoie / Bonneville / Pays du Mont Blanc,400,1340,1740,13,7,€ 25.50,slope+alt
Rüschegg-Eywald – Lischboden,https://www.skiresort.com/en/ski-resort/rueschegg-eywald-lischboden/,Switzerland,Espace Mittelland,Bern,509,1050,1559,13,2,"SFr. 38,- / approx. € 40,-",slope+alt
Rieseralm – Obdach,https://www.skiresort.com/en/ski-resort/rieseralm-obdach/,Austria,Styria (Steiermark),Murtal,300,1320,1620,13,6,"€ 40,-",slope+alt
Nebelhorn – Oberstdorf,https://www.skiresort.com/en/ski-resort/nebelhorn-oberstdorf/,Germany,Bavaria (Bayern),Swabia (Schwaben) / Oberallgäu / Oberstdorf,1396,828,2224,12.9,6,€ 68.70,slope+alt
Ramsau am Dachstein – Rittisberg,https://www.skiresort.com/en/ski-resort/ramsau-am-dachstein-rittisberg/,Austria,Styria (Steiermark),Liezen / Schladming-Dachstein,601,1035,1636,12.9,8,"€ 54,-",slope+alt
Ankogel – Mallnitz,https://www.skiresort.com/en/ski-resort/ankogel-mallnitz/,Austria,Carinthia (Kärnten),Upper Carinthia (Oberkärnten) / Spittal an der Drau,1370,1266,2636,12.8,5,"€ 54,-",slope+alt
Borno – Monte Altissimo,https://www.skiresort.com/en/ski-resort/borno-monte-altissimo/,Italy,Lombardy,Camonica Valley (Val Camonica),738,956,1694,12.8,6,"€ 37,-",slope+alt
Forni di Sopra,https://www.skiresort.com/en/ski-resort/forni-di-sopra/,Italy,Friuli-Venezia Giulia,Udine,1184,882,2066,12.7,8,"€ 44,-",slope+alt
Baranci (Haunold) – San Candido (Innichen),https://www.skiresort.com/en/ski-resort/baranci-haunold-san-candido-innichen/,Italy,Trentino-Alto Adige (Trentino-Südtirol),South Tyrol (Südtirol) / 3 Zinnen Dolomites,435,1175,1610,12.6,5,"€ 63,-",slope+alt
Annaberg,https://www.skiresort.com/en/ski-resort/annaberg/,Austria,Lower Austria (Niederösterreich),Mostviertel / Lilienfeld,404,896,1300,12.5,6,,slope+alt
Obertilliach – Golzentipp,https://www.skiresort.com/en/ski-resort/obertilliach-golzentipp/,Austria,Tyrol (Tirol),Osttirol (East Tyrol) / East Tyrolean Hochpustertal,818,1430,2248,12.2,5,"€ 48,-",slope+alt
Wolzenalp – Krummenau,https://www.skiresort.com/en/ski-resort/wolzenalp-krummenau/,Switzerland,Eastern Switzerland,St. Gallen / Toggenburg,736,728,1464,12.2,6,"SFr. 38,- / approx. € 40,-",slope+alt
"Hochstein – Lienz <span class=""closed-resort red""> (temporarily closed)</span>",https://www.skiresort.com/en/ski-resort/hochstein-lienz/,Austria,Tyrol (Tirol),Osttirol (East Tyrol) / Lienz Dolomites,1320,668,1988,12,4,"€ 70,-",slope+alt
Stari Vrh,https://www.skiresort.com/en/ski-resort/stari-vrh/,Slovenia,Gorenjska (Upper Carniola),,637,580,1217,12,4,"€ 29,-",slope+alt
Krippenstein – Obertraun,https://www.skiresort.com/en/ski-resort/krippenstein-obertraun/,Austria,Upper Austria (Oberösterreich),Salzkammergut / Dachstein-Salzkammergut,1500,609,2109,12,7,"€ 65,-",slope+alt
Gressoney-Saint-Jean – Weissmatten,https://www.skiresort.com/en/ski-resort/gressoney-saint-jean-weissmatten/,Italy,Aosta Valley (Valle d'Aosta),Monte Rosa,675,1348,2023,12,4,"€ 31,-",slope+alt
Karwendel Bergbahn (Zwölferkopf) – Pertisau,https://www.skiresort.com/en/ski-resort/karwendel-bergbahn-zwoelferkopf-pertisau/,Austria,Tyrol (Tirol),Tiroler Unterland / Schwaz / Achensee,600,960,1560,12,5,€ 35.50,slope+alt
Rogla,https://www.skiresort.com/en/ski-resort/rogla/,Slovenia,Podravska,Europe / Slovenia / Savinjska,467,1050,1517,12,12,"€ 47,-",slope+alt
Golte,https://www.skiresort.com/en/ski-resort/golte/,Slovenia,Savinjska,,420,1150,1570,12,7,"€ 20,-",slope+alt
Garéssio 2000,https://www.skiresort.com/en/ski-resort/garessio-2000/,Italy,Piedmont (Piemonte),Cuneo,236,1342,1578,12,4,"€ 28,-",slope+alt
Heutal – Unken,https://www.skiresort.com/en/ski-resort/heutal-unken/,Austria,Salzburg (Salzburger Land),Pinzgau / Salzburger Saalachtal,561,970,1531,12,4,"€ 39,-",slope+alt
Niederalpl – Mürzsteg (Neuberg an der Mürz),https://www.skiresort.com/en/ski-resort/niederalpl-muerzsteg-neuberg-an-der-muerz/,Austria,Styria (Steiermark),Hochsteiermark / Mürztal,240,1220,1460,12,6,"€ 49,-",slope+alt
Mörlialp – Giswil,https://www.skiresort.com/en/ski-resort/moerlialp-giswil/,Switzerland,Central Switzerland,Obwalden,482,1355,1837,12,8,"SFr. 45,- / approx. € 48,-",slope+alt
Mont Serein/Mont Ventoux Nord,https://www.skiresort.com/en/ski-resort/mont-serein-mont-ventoux-nord/,France,Provence-Alpes-Côte d’Azur,Vaucluse,400,1400,1800,12,7,"€ 26,-",slope+alt
Font d'Urle – Chaud Clapier,https://www.skiresort.com/en/ski-resort/font-durle-chaud-clapier/,France,Auvergne-Rhône-Alpes,Drôme,293,1279,1572,12,11,"€ 26,-",slope+alt
Salzstiegl – Hirschegg,https://www.skiresort.com/en/ski-resort/salzstiegl-hirschegg/,Austria,Styria (Steiermark),Voitsberg,420,1320,1740,12,7,"€ 48,-",slope+alt
"Graukogel – Bad Gastein <span class=""closed-resort red""> (temporarily closed)</span>",https://www.skiresort.com/en/ski-resort/graukogel-bad-gastein/,Austria,Salzburg (Salzburger Land),Pongau / Gastein,928,1079,2007,11.9,3,"€ 55,-",slope+alt
Bürgeralpe – Mariazell,https://www.skiresort.com/en/ski-resort/buergeralpe-mariazell/,Austria,Styria (Steiermark),Hochsteiermark,416,851,1267,11.5,4,"€ 53,-",slope+alt
Hirnkopf – Flattnitz (Glödnitz),https://www.skiresort.com/en/ski-resort/hirnkopf-flattnitz-gloednitz/,Austria,Carinthia (Kärnten),Mittelkärnten (Central Carinthia),440,1400,1840,11.3,5,€ 25.50,slope+alt
Wiriehorn,https://www.skiresort.com/en/ski-resort/wiriehorn/,Switzerland,Espace Mittelland,Bern / Bernese Oberland / Diemtigtal,884,984,1868,11.2,6,"SFr. 55,- / approx. € 58,-",slope+alt
Wendelstein – Brannenburg/Osterhofen,https://www.skiresort.com/en/ski-resort/wendelstein-brannenburg-osterhofen/,Germany,Bavaria (Bayern),Upper Bavaria (Oberbayern) / Tegernsee-Schliersee / Europe / Germany / Bavaria (Bayern) / Upper Bavaria (Oberbayern) / Chiemsee Alpenland (Chiemsee Alps),932,791,1723,11.2,4,"€ 49,-",slope+alt
"Valbella – Gallio <span class=""closed-resort red""> (temporarily closed)</span>",https://www.skiresort.com/en/ski-resort/valbella-gallio/,Italy,Venetia (Veneto),Vicenza / Asiago,211,1100,1311,11.2,6,,slope+alt
Biberwier – Marienberg,https://www.skiresort.com/en/ski-resort/biberwier-marienberg/,Austria,Tyrol (Tirol),Außerfern / Tiroler Zugspitz Arena,820,1000,1820,11,5,"€ 68,-",slope+alt
Grasgehren – Bolgengrat,https://www.skiresort.com/en/ski-resort/grasgehren-bolgengrat/,Germany,Bavaria (Bayern),Swabia (Schwaben) / Oberallgäu / Hörnerdörfer,217,1438,1655,11,5,"€ 43,-",slope+alt
Schetteregg – Egg,https://www.skiresort.com/en/ski-resort/schetteregg-egg/,Austria,Vorarlberg,Bregenz / Bregenzerwald,255,1070,1325,11,8,€ 47.50,slope+alt
Rofan – Maurach,https://www.skiresort.com/en/ski-resort/rofan-maurach/,Austria,Tyrol (Tirol),Tiroler Unterland / Schwaz / Achensee,890,980,1870,11,5,€ 44.50,slope+alt
"Tarscher Alm (Malga di Tarres) – Latsch (Laces) <span class=""closed-resort red""> (temporarily closed)</span>",https://www.skiresort.com/en/ski-resort/tarscher-alm-malga-di-tarres-latsch-laces/,Italy,Trentino-Alto Adige (Trentino-Südtirol),South Tyrol (Südtirol) / Venosta Valley (Vinschgau) / Laces-Val Martello (Latsch-Martelltal),1066,1184,2250,11,4,,slope+alt
Cordon,https://www.skiresort.com/en/ski-resort/cordon/,France,Auvergne-Rhône-Alpes,Savoie Mont Blanc / Haute-Savoie / Bonneville / Pays du Mont Blanc / « / 1,550,1050,1600,11,5,€ 25.50,slope+alt
Hohentauern,https://www.skiresort.com/en/ski-resort/hohentauern/,Austria,Styria (Steiermark),Murtal,493,1241,1734,11,6,€ 48.30,slope+alt
Heidialm Skipark – Falkert,https://www.skiresort.com/en/ski-resort/heidialm-skipark-falkert/,Austria,Carinthia (Kärnten),Upper Carinthia (Oberkärnten) / Feldkirchen / Nockberge,267,1840,2107,11,4,€ 38.50,slope+alt
Antagnod,https://www.skiresort.com/en/ski-resort/antagnod/,Italy,Aosta Valley (Valle d'Aosta),Monte Rosa,577,1730,2307,10.7,4,"€ 31,-",slope+alt
Feuerkogel – Ebensee,https://www.skiresort.com/en/ski-resort/feuerkogel-ebensee/,Austria,Upper Austria (Oberösterreich),Salzkammergut / Lake Traunsee,593,1055,1648,10.6,8,"€ 62,-",slope+alt
Kope,https://www.skiresort.com/en/ski-resort/kope/,Slovenia,Carinthia (Koroška),,532,1010,1542,10.5,8,"€ 39,-",slope+alt
"San Simone (Brembo Ski) <span class=""closed-resort red""> (temporarily closed)</span>",https://www.skiresort.com/en/ski-resort/san-simone-brembo-ski/,Italy,Lombardy,Bergamo / Val Brembana,432,1668,2100,10.5,6,"€ 28,-",slope+alt
La Féclaz,https://www.skiresort.com/en/ski-resort/la-feclaz/,France,Auvergne-Rhône-Alpes,Savoie Mont Blanc / Savoie / Chambéry / Lac du Bourget,199,1326,1525,10.5,5,€ 25.50,slope+alt
Brunnalm/Hohe Veitsch – Veitsch (St. Barbara im Mürztal),https://www.skiresort.com/en/ski-resort/brunnalm-hohe-veitsch-veitsch-st-barbara-im-muerztal/,Austria,Styria (Steiermark),Hochsteiermark / Mürztal,386,1064,1450,10.5,6,"€ 45,-",slope+alt
Hochhäderich – Hittisau,https://www.skiresort.com/en/ski-resort/hochhaederich-hittisau/,Austria,Vorarlberg,Bregenz / Bregenzerwald,350,1250,1600,10.5,5,€ 46.50,slope+alt
Lagorai/Passo Brocon – Castello Tesino,https://www.skiresort.com/en/ski-resort/lagorai-passo-brocon-castello-tesino/,Italy,Trentino-Alto Adige (Trentino-Südtirol),Trentino / Sugana Valley (Valsugana),452,1598,2050,10.4,4,"€ 45,-",slope+alt
Hoch-Imst – Imst,https://www.skiresort.com/en/ski-resort/hoch-imst-imst/,Austria,Tyrol (Tirol),Tiroler Oberland (region) / Imst (District) / Imst,973,1053,2026,10.3,4,"€ 47,-",slope+alt
Feldis,https://www.skiresort.com/en/ski-resort/feldis/,Switzerland,Eastern Switzerland,Graubünden / Viamala,516,1480,1996,10.3,4,"SFr. 39,- / approx. € 41,-",slope+alt
Selital – Schwarzenbühl,https://www.skiresort.com/en/ski-resort/selital-schwarzenbuehl/,Switzerland,Espace Mittelland,Bern,307,1299,1606,10.1,3,"SFr. 40,- / approx. € 42,-",slope+alt
Rangger Köpfl – Oberperfuss,https://www.skiresort.com/en/ski-resort/rangger-koepfl-oberperfuss/,Austria,Tyrol (Tirol),Innsbruck region / Sellraintal,1110,820,1930,10,5,"€ 47,-",slope+alt
Jungholz,https://www.skiresort.com/en/ski-resort/jungholz/,Austria,Tyrol (Tirol),Reutte / Tannheimer Tal,442,1058,1500,10,7,"€ 42,-",slope+alt
San Vito di Cadore,https://www.skiresort.com/en/ski-resort/san-vito-di-cadore/,Italy,Venetia (Veneto),Belluno / Cortina d’Ampezzo,536,1048,1584,10,5,"€ 51,-",slope+alt
Marbach – Marbachegg,https://www.skiresort.com/en/ski-resort/marbach-marbachegg/,Switzerland,Central Switzerland,Lucerne,589,885,1474,10,5,"SFr. 41,- / approx. € 43,-",slope+alt
TschentenAlp – Adelboden,https://www.skiresort.com/en/ski-resort/tschentenalp-adelboden/,Switzerland,Espace Mittelland,Bern / Bernese Oberland / Adelboden-Frutigen,583,1367,1950,10,4,"SFr. 61,- / approx. € 65,-",slope+alt
Crêt-Béni/La Combe – La Chapelle d'Abondance,https://www.skiresort.com/en/ski-resort/cret-beni-la-combe-la-chapelle-dabondance/,France,Auvergne-Rhône-Alpes,Savoie Mont Blanc / Haute-Savoie / Portes du Soleil,610,1020,1630,10,7,"€ 33,-",slope+alt
Gerlosstein,https://www.skiresort.com/en/ski-resort/gerlosstein/,Austria,Tyrol (Tirol),Tiroler Unterland / Schwaz / Zillertal / Zell-Gerlos,907,929,1836,10,5,"€ 82,-",slope+alt
"La Sambuy – Seythenex <span class=""closed-resort red""> (temporarily closed)</span>",https://www.skiresort.com/en/ski-resort/la-sambuy-seythenex/,France,Auvergne-Rhône-Alpes,Savoie Mont Blanc / Haute-Savoie / Annecy / Lac d’Annecy,701,1150,1851,10,5,€ 19.50,slope+alt
Monte Baldo – Malcesine/Prà Alpesina,https://www.skiresort.com/en/ski-resort/monte-baldo-malcesine-pra-alpesina/,Italy,Trentino-Alto Adige (Trentino-Südtirol),Trentino / Rovereto/​Vallagarina/​Altopiano di Brentonico,391,1446,1837,10,6,,slope+alt
Brusson – Estoul,https://www.skiresort.com/en/ski-resort/brusson-estoul/,Italy,Aosta Valley (Valle d'Aosta),Monte Rosa,498,1736,2234,10,4,"€ 31,-",slope+alt
Ebenalp-Horn – Wasserauen/Schwende,https://www.skiresort.com/en/ski-resort/ebenalp-horn-wasserauen-schwende/,Switzerland,Eastern Switzerland,Appenzellerland / Appenzell Innerrhoden,872,848,1720,10,7,"SFr. 40,- / approx. € 42,-",slope+alt
Laye,https://www.skiresort.com/en/ski-resort/laye/,France,Provence-Alpes-Côte d’Azur,Hautes-Alpes / Gap,550,1300,1850,10,5,€ 24.60,slope+alt
Schwabenbergarena – Turnau,https://www.skiresort.com/en/ski-resort/schwabenbergarena-turnau/,Austria,Styria (Steiermark),Hochsteiermark,450,800,1250,10,4,"€ 44,-",slope+alt
Neusell – Rothenthurm-Biberegg,https://www.skiresort.com/en/ski-resort/neusell-rothenthurm-biberegg/,Switzerland,Central Switzerland,Schwyz,374,954,1328,10,3,"SFr. 29,- / approx. € 31,-",slope+alt
Bumbach (Schangnau),https://www.skiresort.com/en/ski-resort/bumbach-schangnau/,Switzerland,Espace Mittelland,Bern / Emmental,445,920,1365,10,4,"SFr. 39,- / approx. € 41,-",slope+alt
Pescegallo – Valgerola,https://www.skiresort.com/en/ski-resort/pescegallo-valgerola/,Italy,Lombardy,Valtellina,550,1450,2000,9.6,4,"€ 34,-",slope+alt
Adelharz- and Breitensteinlifts – Kranzegg (Rettenberg),https://www.skiresort.com/en/ski-resort/adelharz-and-breitensteinlifts-kranzegg-rettenberg/,Germany,Bavaria (Bayern),Swabia (Schwaben) / Oberallgäu / Alpsee Grünten,341,979,1320,9.5,4,"€ 22,-",slope+alt
Aeschiried,https://www.skiresort.com/en/ski-resort/aeschiried/,Switzerland,Espace Mittelland,Bern / Lake Thun (Thunersee),462,927,1389,9.5,3,"SFr. 35,- / approx. € 37,-",slope+alt
Wasserngrat – Gstaad,https://www.skiresort.com/en/ski-resort/wasserngrat-gstaad/,Switzerland,Espace Mittelland,Bern / Bernese Oberland / Gstaad,665,1275,1940,9.3,,"SFr. 89,- / approx. € 94,-",slope+alt
Füssener Jöchle – Grän,https://www.skiresort.com/en/ski-resort/fuessener-joechle-graen/,Austria,Tyrol (Tirol),Reutte / Tannheimer Tal,671,1150,1821,9,5,"€ 53,-",slope+alt
Les Marécottes (Salvan),https://www.skiresort.com/en/ski-resort/les-marecottes-salvan/,Switzerland,Lemanic Region,Valais (Wallis) / Martigny,1110,1110,2220,9,4,"SFr. 54,- / approx. € 57,-",slope+alt
Passo dello Stelvio (Stelvio Pass),https://www.skiresort.com/en/ski-resort/passo-dello-stelvio-stelvio-pass/,Italy,Lombardy,Valtellina / Alta Valtellina,690,2760,3450,9,6,"€ 61,-",slope+alt+glacier
Karkogel – Abtenau,https://www.skiresort.com/en/ski-resort/karkogel-abtenau/,Austria,Salzburg (Salzburger Land),Tennengau,488,712,1200,9,5,€ 41.50,slope+alt
Rosswald – Brig,https://www.skiresort.com/en/ski-resort/rosswald-brig/,Switzerland,Lemanic Region,Valais (Wallis) / Brig Simplon,716,1820,2536,9,6,"SFr. 49,- / approx. € 52,-",slope+alt
Prali,https://www.skiresort.com/en/ski-resort/prali/,Italy,Piedmont (Piemonte),Turin (Torino),1060,1450,2510,9,4,"€ 30,-",slope+alt
Mittagbahn – Immenstadt,https://www.skiresort.com/en/ski-resort/mittagbahn-immenstadt/,Germany,Bavaria (Bayern),Swabia (Schwaben) / Oberallgäu / Alpsee Grünten,666,750,1416,9,2,"€ 33,-",slope+alt
Alpe Teglio – Prato Valentino,https://www.skiresort.com/en/ski-resort/alpe-teglio-prato-valentino/,Italy,Lombardy,Valtellina,650,1690,2340,9,2,"€ 29,-",slope+alt
"Monesi di Triora <span class=""closed-resort red""> (temporarily closed)</span>",https://www.skiresort.com/en/ski-resort/monesi-di-triora/,Italy,Liguria,Imperia,775,1389,2164,9,2,"€ 16,-",slope+alt
Rigi,https://www.skiresort.com/en/ski-resort/rigi/,Switzerland,Central Switzerland,Lucerne / Europe / Switzerland / Central Switzerland / Schwyz,437,1315,1752,9,7,"SFr. 78,- / approx. € 83,-",slope+alt
Les Paccots/Châtel-St-Denis – Corbetta,https://www.skiresort.com/en/ski-resort/les-paccots-chatel-st-denis-corbetta/,Switzerland,Espace Mittelland,Fribourg,528,1065,1593,9,11,"SFr. 45,- / approx. € 48,-",slope+alt
Wispile – Gstaad,https://www.skiresort.com/en/ski-resort/wispile-gstaad/,Switzerland,Espace Mittelland,Bern / Bernese Oberland / Gstaad,896,1043,1939,8.9,5,"SFr. 89,- / approx. € 94,-",slope+alt
St. Gréé,https://www.skiresort.com/en/ski-resort/st-gree/,Italy,Piedmont (Piemonte),Cuneo,688,1052,1740,8.8,2,"€ 24,-",slope+alt
Götschen – Bischofswiesen,https://www.skiresort.com/en/ski-resort/goetschen-bischofswiesen/,Germany,Bavaria (Bayern),Upper Bavaria (Oberbayern) / Berchtesgadener Land,400,880,1280,8.7,3,"€ 31,-",slope+alt
Neunerköpfle – Tannheim,https://www.skiresort.com/en/ski-resort/neunerkoepfle-tannheim/,Austria,Tyrol (Tirol),Reutte / Tannheimer Tal,710,1110,1820,8.5,6,"€ 53,-",slope+alt
Fendels,https://www.skiresort.com/en/ski-resort/fendels/,Austria,Tyrol (Tirol),Tiroler Oberland (region) / Landeck / Tiroler Oberland,946,1325,2271,8.5,6,"€ 54,-",slope+alt
Brunni – Engelberg,https://www.skiresort.com/en/ski-resort/brunni-engelberg/,Switzerland,Central Switzerland,Engelberg-Titlis,1062,1013,2075,8.5,10,"SFr. 48,- / approx. € 51,-",slope+alt
Padola – Ski Area Comelico,https://www.skiresort.com/en/ski-resort/padola-ski-area-comelico/,Italy,Trentino-Alto Adige (Trentino-Südtirol),South Tyrol (Südtirol) / 3 Zinnen Dolomites,732,1211,1943,8.3,2,"€ 80,-",slope+alt
Furkel – Trafoi (Stilfs),https://www.skiresort.com/en/ski-resort/furkel-trafoi-stilfs/,Italy,Trentino-Alto Adige (Trentino-Südtirol),South Tyrol (Südtirol) / Venosta Valley (Vinschgau) / Ortles Region,870,1530,2400,8.3,4,€ 47.50,slope+alt
Wannenjoch/Rohnenspitze – Schattwald/Zöblen,https://www.skiresort.com/en/ski-resort/wannenjoch-rohnenspitze-schattwald-zoeblen/,Austria,Tyrol (Tirol),Reutte / Tannheimer Tal,475,1090,1565,8.2,4,"€ 53,-",slope+alt
Postalm am Wolfgangsee,https://www.skiresort.com/en/ski-resort/postalm-am-wolfgangsee/,Austria,Salzburg (Salzburger Land),Tennengau,255,1163,1418,8.2,5,"€ 44,-",slope+alt
Le Revard,https://www.skiresort.com/en/ski-resort/le-revard/,France,Auvergne-Rhône-Alpes,Savoie Mont Blanc / Savoie / Chambéry / Lac du Bourget,268,1294,1562,8.1,5,€ 25.50,slope+alt
Nesselwang – Alpspitze (Alpspitzbahn),https://www.skiresort.com/en/ski-resort/nesselwang-alpspitze-alpspitzbahn/,Germany,Bavaria (Bayern),Swabia (Schwaben) / Ostallgäu,563,900,1463,8,5,"€ 44,-",slope+alt
Oberaudorf – Hocheck,https://www.skiresort.com/en/ski-resort/oberaudorf-hocheck/,Germany,Bavaria (Bayern),Upper Bavaria (Oberbayern) / Chiemsee Alpenland (Chiemsee Alps),362,490,852,8,6,€ 34.50,slope
"Recoaro Mille <span class=""closed-resort red""> (temporarily closed)</span>",https://www.skiresort.com/en/ski-resort/recoaro-mille/,Italy,Venetia (Veneto),Vicenza,620,1010,1630,8,4,"€ 27,-",slope+alt
Cogne – Gran Paradiso,https://www.skiresort.com/en/ski-resort/cogne-gran-paradiso/,Italy,Aosta Valley (Valle d'Aosta),Gran Paradiso,737,1530,2267,8,4,"€ 37,-",slope+alt
Chamois,https://www.skiresort.com/en/ski-resort/chamois/,Italy,Aosta Valley (Valle d'Aosta),Matterhorn (Monte Cervino),687,1812,2499,8,6,"€ 30,-",slope+alt
Alpe Devero – Baceno,https://www.skiresort.com/en/ski-resort/alpe-devero-baceno/,Italy,Piedmont (Piemonte),Verbano-Cusio-Ossola / Ossola (Val d’Ossola),600,1640,2240,8,3,"€ 30,-",slope+alt
Zinkenlifte – Dürrnberg (Hallein),https://www.skiresort.com/en/ski-resort/zinkenlifte-duerrnberg-hallein/,Austria,Salzburg (Salzburger Land),Tennengau,484,837,1321,8,3,€ 37.50,slope+alt
Jeizinen Feselalp – Gampel/Steg,https://www.skiresort.com/en/ski-resort/jeizinen-feselalp-gampel-steg/,Switzerland,Lemanic Region,Valais (Wallis),674,1519,2193,8,6,"SFr. 52,- / approx. € 55,-",slope+alt
Gaaler Lifte – Gaal,https://www.skiresort.com/en/ski-resort/gaaler-lifte-gaal/,Austria,Styria (Steiermark),Murtal,370,860,1230,8,3,"€ 47,-",slope+alt
"Colle di Joux <span class=""closed-resort red""> (temporarily closed)</span>",https://www.skiresort.com/en/ski-resort/colle-di-joux/,Italy,Aosta Valley (Valle d'Aosta),Central Valley and Mont Avic (Valle Centrale/​Mont Avic),347,1610,1957,8,2,,slope+alt
Eggberge – Altdorf,https://www.skiresort.com/en/ski-resort/eggberge-altdorf/,Switzerland,Central Switzerland,Uri / Reuss Valley (Reusstal),280,1460,1740,8,2,"SFr. 32,- / approx. € 34,-",slope+alt
Aillon-le-Jeune,https://www.skiresort.com/en/ski-resort/aillon-le-jeune/,France,Auvergne-Rhône-Alpes,Savoie Mont Blanc / Savoie / Chambéry / Lac du Bourget,312,945,1257,8,5,,slope+alt
Atzmännig – Goldingen,https://www.skiresort.com/en/ski-resort/atzmaennig-goldingen/,Switzerland,Eastern Switzerland,St. Gallen,377,821,1198,8,5,"SFr. 35,- / approx. € 37,-",slope+alt
Avers,https://www.skiresort.com/en/ski-resort/avers/,Switzerland,Eastern Switzerland,Graubünden / Viamala,551,1988,2539,8,3,"SFr. 35,- / approx. € 37,-",slope+alt
Habkern – Sattelegg,https://www.skiresort.com/en/ski-resort/habkern-sattelegg/,Switzerland,Espace Mittelland,Bern / Bernese Oberland / Interlaken,353,1128,1481,8,2,"SFr. 37,- / approx. € 39,-",slope+alt
Hochkeil am Hochkönig,https://www.skiresort.com/en/ski-resort/hochkeil-am-hochkoenig/,Austria,Salzburg (Salzburger Land),Hochkönig,430,1340,1770,8,5,€ 54.50,slope+alt
"Stoderzinken – Gröbming <span class=""closed-resort red""> (temporarily closed)</span>",https://www.skiresort.com/en/ski-resort/stoderzinken-groebming/,Austria,Styria (Steiermark),Liezen / Schladming-Dachstein,275,1700,1975,8,4,,slope+alt
Rathvel – Châtel-St-Denis,https://www.skiresort.com/en/ski-resort/rathvel-chatel-st-denis/,Switzerland,Espace Mittelland,Fribourg,280,1211,1491,8,4,"SFr. 30,- / approx. € 32,-",slope+alt
Rossfeld – Berchtesgaden-Oberau,https://www.skiresort.com/en/ski-resort/rossfeld-berchtesgaden-oberau/,Germany,Bavaria (Bayern),Upper Bavaria (Oberbayern) / Berchtesgadener Land,254,1300,1554,8,4,"€ 28,-",slope+alt
Les Pléiades,https://www.skiresort.com/en/ski-resort/les-pleiades/,Switzerland,Lemanic Region,Waadt,317,1080,1397,7.9,7,"SFr. 37,- / approx. € 39,-",slope+alt
Kristberg – Silbertal,https://www.skiresort.com/en/ski-resort/kristberg-silbertal/,Austria,Vorarlberg,Bludenz / Montafon,700,889,1589,7.8,4,,slope+alt
Schatzalp – Strela,https://www.skiresort.com/en/ski-resort/schatzalp-strela/,Switzerland,Eastern Switzerland,Graubünden / Davos Klosters,743,1609,2352,7.8,4,"SFr. 43,- / approx. € 46,-",slope+alt
Buron – Wertach,https://www.skiresort.com/en/ski-resort/buron-wertach/,Germany,Bavaria (Bayern),Swabia (Schwaben) / Oberallgäu,528,890,1418,7.7,3,"€ 28,-",slope+alt
Domobianca,https://www.skiresort.com/en/ski-resort/domobianca/,Italy,Piedmont (Piemonte),Verbano-Cusio-Ossola / Ossola (Val d’Ossola),757,1088,1845,7.5,6,"€ 42,-",slope+alt
Pontechianale,https://www.skiresort.com/en/ski-resort/pontechianale/,Italy,Piedmont (Piemonte),Cuneo,1031,1623,2654,7.5,5,"€ 25,-",slope+alt
Serre-Eyraud (Orcières),https://www.skiresort.com/en/ski-resort/serre-eyraud-orcieres/,France,Provence-Alpes-Côte d’Azur,Hautes-Alpes / Gap,620,1480,2100,7.4,3,"€ 18,-",slope+alt
Spieserlifte – Unterjoch,https://www.skiresort.com/en/ski-resort/spieserlifte-unterjoch/,Germany,Bavaria (Bayern),Swabia (Schwaben) / Oberallgäu,295,1055,1350,7.3,4,€ 34.50,slope+alt
Grimmialp,https://www.skiresort.com/en/ski-resort/grimmialp/,Switzerland,Espace Mittelland,Bern / Bernese Oberland / Diemtigtal,600,1233,1833,7.2,3,"SFr. 42,- / approx. € 45,-",slope+alt
Oclini,https://www.skiresort.com/en/ski-resort/oclini/,Italy,Trentino-Alto Adige (Trentino-Südtirol),South Tyrol (Südtirol) / Bolzano and environs,385,1838,2223,7,4,"€ 32,-",slope+alt
"Breitenberg/Hochalpe – Pfronten <span class=""closed-resort red""> (temporarily closed)</span>",https://www.skiresort.com/en/ski-resort/breitenberg-hochalpe-pfronten/,Germany,Bavaria (Bayern),Swabia (Schwaben) / Ostallgäu,875,800,1675,7,5,"€ 34,-",slope+alt
Sonntag-Stein,https://www.skiresort.com/en/ski-resort/sonntag-stein/,Austria,Vorarlberg,Bludenz / Alpenregion Bludenz / Great Walser Valley (Großes Walsertal),450,1300,1750,7,3,"€ 50,-",slope+alt
Biel-Kinzig – Bürglen,https://www.skiresort.com/en/ski-resort/biel-kinzig-buerglen/,Switzerland,Central Switzerland,Uri,300,1630,1930,7,5,"SFr. 40,- / approx. € 42,-",slope+alt
Soriška Planina,https://www.skiresort.com/en/ski-resort/soriska-planina/,Slovenia,Gorenjska (Upper Carniola),,259,1290,1549,7,5,"€ 30,-",slope+alt
Emberger Alm – Berg im Drautal,https://www.skiresort.com/en/ski-resort/emberger-alm-berg-im-drautal/,Austria,Carinthia (Kärnten),Upper Carinthia (Oberkärnten) / Spittal an der Drau / Outdoorpark Oberdrautal,470,1650,2120,7,4,"€ 43,-",slope+alt
Sollegg – Appenzell,https://www.skiresort.com/en/ski-resort/sollegg-appenzell/,Switzerland,Eastern Switzerland,Appenzellerland / Appenzell Innerrhoden,391,813,1204,7,2,"SFr. 27,- / approx. € 29,-",slope+alt
Raggal,https://www.skiresort.com/en/ski-resort/raggal/,Austria,Vorarlberg,Bludenz / Alpenregion Bludenz / Great Walser Valley (Großes Walsertal),320,980,1300,7,4,"€ 26,-",slope+alt
Mont Ventoux Sud,https://www.skiresort.com/en/ski-resort/mont-ventoux-sud/,France,Provence-Alpes-Côte d’Azur,Vaucluse,210,1440,1650,7,2,,slope+alt
Rossberg – Oberwil,https://www.skiresort.com/en/ski-resort/rossberg-oberwil/,Switzerland,Espace Mittelland,Bern / Bernese Oberland / Lenk-Simmental,316,1148,1464,7,2,"SFr. 37,- / approx. € 39,-",slope+alt
Pany (Luzein),https://www.skiresort.com/en/ski-resort/pany-luzein/,Switzerland,Eastern Switzerland,Graubünden / Prättigau,235,1330,1565,7,2,"SFr. 32,- / approx. € 34,-",slope+alt
Gaberl/Plankogel – Salla (Maria Lankowitz),https://www.skiresort.com/en/ski-resort/gaberl-plankogel-salla-maria-lankowitz/,Austria,Styria (Steiermark),Voitsberg,248,1303,1551,6.9,3,"€ 36,-",slope+alt
Faschina (Fontanella),https://www.skiresort.com/en/ski-resort/faschina-fontanella/,Austria,Vorarlberg,Bludenz / Alpenregion Bludenz / Great Walser Valley (Großes Walsertal),530,1450,1980,6.8,7,€ 56.50,slope+alt
Mont Saxonnex,https://www.skiresort.com/en/ski-resort/mont-saxonnex/,France,Auvergne-Rhône-Alpes,Savoie Mont Blanc / Haute-Savoie / Bonneville / Faucigny,524,1050,1574,6.8,6,"€ 15,-",slope+alt
Gschwandtkopf – Seefeld,https://www.skiresort.com/en/ski-resort/gschwandtkopf-seefeld/,Austria,Tyrol (Tirol),Innsbruck / Innsbruck-Land / Region Seefeld – Tirols Hochplateau,300,1200,1500,6.4,10,€ 55.50,slope+alt
Piana di Vigezzo – Craveggia/Santa Maria Maggiore,https://www.skiresort.com/en/ski-resort/piana-di-vigezzo-craveggia-santa-maria-maggiore/,Italy,Piedmont (Piemonte),Verbano-Cusio-Ossola,551,1513,2064,6.2,5,"€ 36,-",slope+alt
Auronzo di Cadore – Monte Agudo,https://www.skiresort.com/en/ski-resort/auronzo-di-cadore-monte-agudo/,Italy,Venetia (Veneto),Belluno / Cortina d’Ampezzo,729,856,1585,6.1,3,"€ 49,-",slope+alt
Monte Popolo – Eben im Pongau,https://www.skiresort.com/en/ski-resort/monte-popolo-eben-im-pongau/,Austria,Salzburg (Salzburger Land),Pongau / Salzburger Sportwelt,726,875,1601,6,4,"€ 55,-",slope+alt
Naggler Alm – Techendorf (Weissensee),https://www.skiresort.com/en/ski-resort/naggler-alm-techendorf-weissensee/,Austria,Carinthia (Kärnten),Upper Carinthia (Oberkärnten) / Naturpark Weissensee,394,930,1324,6,5,€ 49.90,slope+alt
Chanavey,https://www.skiresort.com/en/ski-resort/chanavey/,Italy,Aosta Valley (Valle d'Aosta),Gran Paradiso,408,1723,2131,6,,"€ 23,-",slope+alt
Kötschach-Mauthen – Vorhegg,https://www.skiresort.com/en/ski-resort/koetschach-mauthen-vorhegg/,Austria,Carinthia (Kärnten),Nassfeld-Pressegger See,590,710,1300,6,4,"€ 40,-",slope+alt
Oropa – Biella,https://www.skiresort.com/en/ski-resort/oropa-biella/,Italy,Piedmont (Piemonte),Biella,1182,1206,2388,6,2,,slope+alt
"Col de l'Arzelier <span class=""closed-resort red""> (temporarily closed)</span>",https://www.skiresort.com/en/ski-resort/col-de-larzelier/,France,Auvergne-Rhône-Alpes,Isère / Grenoble,146,1154,1300,6,5,"€ 15,-",slope+alt
Le Chazelet,https://www.skiresort.com/en/ski-resort/le-chazelet/,France,Provence-Alpes-Côte d’Azur,Hautes-Alpes / Briançon,430,1740,2170,6,7,"€ 21,-",slope+alt
Schilt – Mollis,https://www.skiresort.com/en/ski-resort/schilt-mollis/,Switzerland,Eastern Switzerland,Glarus,492,1110,1602,6,2,"SFr. 33,- / approx. € 35,-",slope+alt
Seeberg – Seewiesen (Turnau),https://www.skiresort.com/en/ski-resort/seeberg-seewiesen-turnau/,Austria,Styria (Steiermark),Hochsteiermark,241,1158,1399,6,2,"€ 34,-",slope+alt
Jaunpass – Boltigen,https://www.skiresort.com/en/ski-resort/jaunpass-boltigen/,Switzerland,Espace Mittelland,Bern / Bernese Oberland / Lenk-Simmental,202,1406,1608,6,4,"SFr. 37,- / approx. € 39,-",slope+alt
Springenboden,https://www.skiresort.com/en/ski-resort/springenboden/,Switzerland,Espace Mittelland,Bern / Bernese Oberland / Diemtigtal,316,1207,1523,6,3,"SFr. 28,- / approx. € 30,-",slope+alt
Hoislifts – Modriach (Edelschrott),https://www.skiresort.com/en/ski-resort/hoislifts-modriach-edelschrott/,Austria,Styria (Steiermark),Voitsberg,155,1015,1170,6,7,"€ 25,-",slope
Gantrisch Gurnigel,https://www.skiresort.com/en/ski-resort/gantrisch-gurnigel/,Switzerland,Espace Mittelland,Bern,250,1340,1590,6,3,"SFr. 44,- / approx. € 47,-",slope+alt
Eriz,https://www.skiresort.com/en/ski-resort/eriz/,Switzerland,Espace Mittelland,Bern,334,1044,1378,6,6,"SFr. 34,- / approx. € 36,-",slope+alt
La Jarjatte – Lus-la-Croix-Haute,https://www.skiresort.com/en/ski-resort/la-jarjatte-lus-la-croix-haute/,France,Auvergne-Rhône-Alpes,Drôme,361,1160,1521,6,6,"€ 17,-",slope+alt
Maseben – Langtaufers (Vallelunga),https://www.skiresort.com/en/ski-resort/maseben-langtaufers-vallelunga/,Italy,Trentino-Alto Adige (Trentino-Südtirol),South Tyrol (Südtirol) / Venosta Valley (Vinschgau),408,1858,2266,5.8,,"€ 12,-",slope+alt
Serles – Mieders,https://www.skiresort.com/en/ski-resort/serles-mieders/,Austria,Tyrol (Tirol),Innsbruck / Innsbruck-Land / Stubai,714,960,1674,5.7,5,"€ 48,-",slope+alt
Saint Hilaire du Touvet,https://www.skiresort.com/en/ski-resort/saint-hilaire-du-touvet/,France,Auvergne-Rhône-Alpes,Isère / Grenoble,597,818,1415,5.7,6,"€ 17,-",slope+alt
Kaberlaba,https://www.skiresort.com/en/ski-resort/kaberlaba/,Italy,Venetia (Veneto),Vicenza / Asiago,150,992,1142,5.6,6,,slope
Teichalm – Fladnitz,https://www.skiresort.com/en/ski-resort/teichalm-fladnitz/,Austria,Styria (Steiermark),Oststeiermark / Naturpark Almenland,250,1200,1450,5.6,5,€ 32.50,slope+alt
Alpe del Nevegal,https://www.skiresort.com/en/ski-resort/alpe-del-nevegal/,Italy,Venetia (Veneto),Belluno,573,1041,1614,5.5,5,"€ 39,-",slope+alt
"Passo Fedaia – Pian dei Fiacconi (Marmolada) <span class=""closed-resort red""> (temporarily closed)</span>",https://www.skiresort.com/en/ski-resort/passo-fedaia-pian-dei-fiacconi-marmolada/,Italy,Trentino-Alto Adige (Trentino-Südtirol),Trentino / Val di Fassa (Fassa Valley/​Fassatal),570,2080,2650,5.5,,"€ 59,-",slope+alt
Ala di Stura,https://www.skiresort.com/en/ski-resort/ala-di-stura/,Italy,Piedmont (Piemonte),Turin (Torino),890,1000,1890,5.4,5,"€ 27,-",slope+alt
Usséglio – Pian Benot,https://www.skiresort.com/en/ski-resort/usseglio-pian-benot/,Italy,Piedmont (Piemonte),Turin (Torino),422,1618,2040,5.4,5,"€ 28,-",slope+alt
La Forclaz,https://www.skiresort.com/en/ski-resort/la-forclaz/,Switzerland,Lemanic Region,Valais (Wallis) / Val d’Hérens / Espace Dent-Blanche,493,1711,2204,5.3,4,"SFr. 31,- / approx. € 33,-",slope+alt
Monte Avena,https://www.skiresort.com/en/ski-resort/monte-avena/,Italy,Venetia (Veneto),Belluno,231,1216,1447,5.3,3,,slope+alt
Jöchelspitze – Bach,https://www.skiresort.com/en/ski-resort/joechelspitze-bach/,Austria,Tyrol (Tirol),Reutte / Lechtal,568,1200,1768,5,2,"€ 54,-",slope+alt
Kampenwand – Aschau im Chiemgau,https://www.skiresort.com/en/ski-resort/kampenwand-aschau-im-chiemgau/,Germany,Bavaria (Bayern),Upper Bavaria (Oberbayern) / Chiemsee Alpenland (Chiemsee Alps),849,626,1475,5,4,"€ 32,-",slope+alt
Niederhorn – Beatenberg,https://www.skiresort.com/en/ski-resort/niederhorn-beatenberg/,Switzerland,Espace Mittelland,Bern / Bernese Oberland / Interlaken,818,1127,1945,5,3,"SFr. 49,- / approx. € 52,-",slope+alt
Španov vrh,https://www.skiresort.com/en/ski-resort/spanov-vrh/,Slovenia,Gorenjska (Upper Carniola),,380,981,1361,5,,"€ 25,-",slope+alt
Rigi – Scheidegg/Burggeist,https://www.skiresort.com/en/ski-resort/rigi-scheidegg-burggeist/,Switzerland,Central Switzerland,Schwyz,644,1012,1656,5,5,,slope+alt
Entracque,https://www.skiresort.com/en/ski-resort/entracque/,Italy,Piedmont (Piemonte),Cuneo,165,944,1109,5,3,"€ 28,-",slope
"Malga San Giorgio <span class=""closed-resort red""> (temporarily closed)</span>",https://www.skiresort.com/en/ski-resort/malga-san-giorgio/,Italy,Venetia (Veneto),Verona,311,1495,1806,5,2,"€ 23,-",slope+alt
Valgrisenche,https://www.skiresort.com/en/ski-resort/valgrisenche/,Italy,Aosta Valley (Valle d'Aosta),Gran Paradiso,386,1664,2050,5,3,"€ 21,-",slope+alt
Buchenberg – Buching (Halblech),https://www.skiresort.com/en/ski-resort/buchenberg-buching-halblech/,Germany,Bavaria (Bayern),Swabia (Schwaben) / Ostallgäu,341,800,1141,5,,"€ 28,-",slope
Gitschenen – Isenthal,https://www.skiresort.com/en/ski-resort/gitschenen-isenthal/,Switzerland,Central Switzerland,Uri,217,1353,1570,5,2,"SFr. 32,- / approx. € 34,-",slope+alt
Gspon (Staldenried),https://www.skiresort.com/en/ski-resort/gspon-staldenried/,Switzerland,Lemanic Region,Valais (Wallis) / Visp,328,1865,2193,5,4,"SFr. 41,- / approx. € 43,-",slope+alt
Gurtis/Bazora,https://www.skiresort.com/en/ski-resort/gurtis-bazora/,Austria,Vorarlberg,Bodensee-Vorarlberg,470,920,1390,5,4,"€ 24,-",slope+alt
St. Pierre de Chartreuse – Le Planolet,https://www.skiresort.com/en/ski-resort/st-pierre-de-chartreuse-le-planolet/,France,Auvergne-Rhône-Alpes,Isère / Grenoble,900,900,1800,5,5,"€ 15,-",slope+alt
Hochwechsellifts – Mönichwald,https://www.skiresort.com/en/ski-resort/hochwechsellifts-moenichwald/,Austria,Styria (Steiermark),Oststeiermark / Joglland-Waldheimat,270,996,1266,5,4,"€ 33,-",slope+alt
Weissbriach (Gitschtal),https://www.skiresort.com/en/ski-resort/weissbriach-gitschtal/,Austria,Carinthia (Kärnten),Nassfeld-Pressegger See,330,820,1150,5,4,"€ 42,-",slope
Le Reposoir – Village,https://www.skiresort.com/en/ski-resort/le-reposoir-village/,France,Auvergne-Rhône-Alpes,Savoie Mont Blanc / Haute-Savoie / Bonneville / Faucigny,102,1030,1132,5,4,"€ 15,-",slope
Hochbärneck – St. Anton an der Jeßnitz,https://www.skiresort.com/en/ski-resort/hochbaerneck-st-anton-an-der-jessnitz/,Austria,Lower Austria (Niederösterreich),Mostviertel / Scheibbs,160,880,1040,5,2,€ 22.50,slope
Biancoia – Conco,https://www.skiresort.com/en/ski-resort/biancoia-conco/,Italy,Venetia (Veneto),Vicenza / Asiago,164,1090,1254,4.9,4,"€ 31,-",slope+alt
Kiental,https://www.skiresort.com/en/ski-resort/kiental/,Switzerland,Espace Mittelland,Bern / Bernese Oberland / Kandertal,565,904,1469,4.7,3,"SFr. 35,- / approx. € 37,-",slope+alt
Paluda – Dalaas,https://www.skiresort.com/en/ski-resort/paluda-dalaas/,Austria,Vorarlberg,Bludenz / Alpenregion Bludenz,300,850,1150,4.7,,"€ 15,-",slope
Faltschen – Reichenbach,https://www.skiresort.com/en/ski-resort/faltschen-reichenbach/,Switzerland,Espace Mittelland,Bern / Bernese Oberland / Kandertal,327,1032,1359,4.7,2,"SFr. 32,- / approx. € 34,-",slope+alt
Col d'Ornon,https://www.skiresort.com/en/ski-resort/col-dornon/,France,Auvergne-Rhône-Alpes,Isère / Grenoble,650,1350,2000,4.5,4,"€ 13,-",slope+alt
Maiszinken – Lunz am See,https://www.skiresort.com/en/ski-resort/maiszinken-lunz-am-see/,Austria,Lower Austria (Niederösterreich),Mostviertel / Scheibbs,310,760,1070,4.5,3,€ 27.50,slope
Tenna,https://www.skiresort.com/en/ski-resort/tenna/,Switzerland,Eastern Switzerland,Graubünden / Surselva,135,1656,1791,4.5,,"SFr. 30,- / approx. € 32,-",slope+alt
Pian Cales – San Bernardino,https://www.skiresort.com/en/ski-resort/pian-cales-san-bernardino/,Switzerland,Eastern Switzerland,Graubünden / San Bernardino Mesolcina Calanca / Val Mesolcina (Misox),166,1625,1791,4.5,4,"SFr. 25,- / approx. € 27,-",slope+alt
Gfellen – Entlebuch-Finsterwald,https://www.skiresort.com/en/ski-resort/gfellen-entlebuch-finsterwald/,Switzerland,Central Switzerland,Lucerne,270,1025,1295,4.5,2,"SFr. 25,- / approx. € 27,-",slope+alt
Piazzatorre,https://www.skiresort.com/en/ski-resort/piazzatorre/,Italy,Lombardy,Bergamo / Val Brembana,670,1110,1780,4.2,2,"€ 30,-",slope+alt
Misurina – Passo Tre Croci,https://www.skiresort.com/en/ski-resort/misurina-passo-tre-croci/,Italy,Venetia (Veneto),Belluno / Cortina d’Ampezzo,362,1752,2114,4.2,2,"€ 49,-",slope+alt
Hochschwarzeck – Ramsau bei Berchtesgaden,https://www.skiresort.com/en/ski-resort/hochschwarzeck-ramsau-bei-berchtesgaden/,Germany,Bavaria (Bayern),Upper Bavaria (Oberbayern) / Berchtesgadener Land,370,1020,1390,4.2,4,"€ 32,-",slope+alt
Prags (Braies),https://www.skiresort.com/en/ski-resort/prags-braies/,Italy,Trentino-Alto Adige (Trentino-Südtirol),South Tyrol (Südtirol) / 3 Zinnen Dolomites,227,1428,1655,4.2,2,,slope+alt
Hauereck – St. Kathrein am Hauenstein,https://www.skiresort.com/en/ski-resort/hauereck-st-kathrein-am-hauenstein/,Austria,Styria (Steiermark),Oststeiermark / Joglland-Waldheimat,305,1000,1305,4.1,4,€ 40.50,slope+alt
Reither Kogel – Reith im Alpbachtal,https://www.skiresort.com/en/ski-resort/reither-kogel-reith-im-alpbachtal/,Austria,Tyrol (Tirol),Tiroler Unterland / Kufstein / Holiday Region Alpbachtal,610,670,1280,4,5,€ 71.50,slope+alt
Tirolina (Haltjochlift) – Hinterthiersee,https://www.skiresort.com/en/ski-resort/tirolina-haltjochlift-hinterthiersee/,Austria,Tyrol (Tirol),Tiroler Unterland / Kufstein / Kufsteinerland,225,852,1077,4,2,"€ 27,-",slope
Laber – Oberammergau,https://www.skiresort.com/en/ski-resort/laber-oberammergau/,Germany,Bavaria (Bayern),Upper Bavaria (Oberbayern) / Zugspitz Region / Ammergauer Alpen,784,900,1684,4,,"€ 35,-",slope+alt
Rein in Taufers (Riva di Tures),https://www.skiresort.com/en/ski-resort/rein-in-taufers-riva-di-tures/,Italy,Trentino-Alto Adige (Trentino-Südtirol),South Tyrol (Südtirol) / Tauferer Ahrntal (Valli di Tures e Aurina) / Skiworld Ahrntal,252,1583,1835,4,2,"€ 33,-",slope+alt
Alpe Cialma – Locana,https://www.skiresort.com/en/ski-resort/alpe-cialma-locana/,Italy,Piedmont (Piemonte),Turin (Torino) / Orco Valley (Valle dell'Orco),400,1350,1750,4,3,"€ 20,-",slope+alt
Val Formica – Cima Larici,https://www.skiresort.com/en/ski-resort/val-formica-cima-larici/,Italy,Venetia (Veneto),Vicenza / Asiago,122,1645,1767,4,4,"€ 28,-",slope+alt
Hochlecken – Neukirchen (Altmünster),https://www.skiresort.com/en/ski-resort/hochlecken-neukirchen-altmuenster/,Austria,Upper Austria (Oberösterreich),Salzkammergut / Lake Traunsee,295,784,1079,4,5,"€ 22,-",slope
Prato (Leventina),https://www.skiresort.com/en/ski-resort/prato-leventina/,Switzerland,Ticino,Bellinzonese and Upper Ticino / Valle Leventina,225,1045,1270,4,2,"SFr. 21,- / approx. € 22,-",slope+alt
Pian Neiretto,https://www.skiresort.com/en/ski-resort/pian-neiretto/,Italy,Piedmont (Piemonte),Turin (Torino),300,1300,1600,4,2,"€ 20,-",slope+alt
Schuttannen – Hohenems,https://www.skiresort.com/en/ski-resort/schuttannen-hohenems/,Austria,Vorarlberg,Bodensee-Vorarlberg,170,1150,1320,4,2,"€ 15,-",slope+alt
St. Oswald (Kartitsch),https://www.skiresort.com/en/ski-resort/st-oswald-kartitsch/,Austria,Tyrol (Tirol),Osttirol (East Tyrol) / East Tyrolean Hochpustertal,464,1356,1820,4,3,"€ 49,-",slope+alt
Le Sappey en Chartreuse,https://www.skiresort.com/en/ski-resort/le-sappey-en-chartreuse/,France,Auvergne-Rhône-Alpes,Isère / Grenoble,390,960,1350,4,4,"€ 15,-",slope+alt
Tonnerhütte – Mühlen,https://www.skiresort.com/en/ski-resort/tonnerhuette-muehlen/,Austria,Styria (Steiermark),Murtal / Europe / Austria / Styria (Steiermark) / Murau,162,1592,1754,4,2,"€ 29,-",slope+alt
Hohwald – Beatenberg-Waldegg,https://www.skiresort.com/en/ski-resort/hohwald-beatenberg-waldegg/,Switzerland,Espace Mittelland,Bern / Bernese Oberland / Interlaken,314,1291,1605,4,3,"SFr. 35,- / approx. € 37,-",slope+alt
Fischenthal-Aurüti – Oberegg,https://www.skiresort.com/en/ski-resort/fischenthal-aurueti-oberegg/,Switzerland,Zürich,,226,824,1050,4,2,"SFr. 29,- / approx. € 31,-",slope
Oberholz – Farner,https://www.skiresort.com/en/ski-resort/oberholz-farner/,Switzerland,Eastern Switzerland,St. Gallen,303,852,1155,4,3,"SFr. 32,- / approx. € 34,-",slope
St. Jakob im Walde,https://www.skiresort.com/en/ski-resort/st-jakob-im-walde/,Austria,Styria (Steiermark),Oststeiermark / Joglland-Waldheimat,200,1000,1200,4,4,"€ 33,-",slope+alt
Kluglifte Hebalm – Rettenbach (Deutschlandsberg),https://www.skiresort.com/en/ski-resort/kluglifte-hebalm-rettenbach-deutschlandsberg/,Austria,Styria (Steiermark),Schilcherland,100,1350,1450,4,3,"€ 31,-",slope+alt
Val Pelens,https://www.skiresort.com/en/ski-resort/val-pelens/,France,Provence-Alpes-Côte d’Azur,Alpes-Maritimes / Nice,137,1600,1737,4,2,"€ 15,-",slope+alt
Heiligkreuz-First – Hasle,https://www.skiresort.com/en/ski-resort/heiligkreuz-first-hasle/,Switzerland,Central Switzerland,Lucerne,335,1133,1468,4,2,"SFr. 25,- / approx. € 27,-",slope+alt
Alpsteinblick – Gonten,https://www.skiresort.com/en/ski-resort/alpsteinblick-gonten/,Switzerland,Eastern Switzerland,Appenzellerland / Appenzell Innerrhoden,250,892,1142,4,3,"SFr. 27,- / approx. € 29,-",slope
Niederthai (Umhausen),https://www.skiresort.com/en/ski-resort/niederthai-umhausen/,Austria,Tyrol (Tirol),Tiroler Oberland (region) / Imst (District) / Ötztal,138,1532,1670,4,4,"€ 36,-",slope+alt
Niedere – Andelsbuch/Bezau,https://www.skiresort.com/en/ski-resort/niedere-andelsbuch-bezau/,Austria,Vorarlberg,Bregenz / Bregenzerwald,1060,655,1715,3.9,4,"€ 38,-",slope+alt
Rienz – Toblach (Dobbiaco),https://www.skiresort.com/en/ski-resort/rienz-toblach-dobbiaco/,Italy,Trentino-Alto Adige (Trentino-Südtirol),South Tyrol (Südtirol) / 3 Zinnen Dolomites,210,1200,1410,3.9,2,"€ 52,-",slope+alt
"Furtnerlifts – Rohr im Gebirge <span class=""closed-resort red""> (temporarily closed)</span>",https://www.skiresort.com/en/ski-resort/furtnerlifts-rohr-im-gebirge/,Austria,Lower Austria (Niederösterreich),Wiener Alpen,127,800,927,3.9,3,,slope
Schneeberg,https://www.skiresort.com/en/ski-resort/schneeberg/,Austria,Lower Austria (Niederösterreich),Wiener Alpen / Neunkirchen,430,780,1210,3.8,5,€ 33.50,slope+alt
Arabichl – Kirchberg am Wechsel,https://www.skiresort.com/en/ski-resort/arabichl-kirchberg-am-wechsel/,Austria,Lower Austria (Niederösterreich),Wiener Alpen / Neunkirchen,144,1369,1513,3.8,,,slope+alt
Hinterreit,https://www.skiresort.com/en/ski-resort/hinterreit/,Austria,Salzburg (Salzburger Land),Hochkönig,420,780,1200,3.7,3,"€ 47,-",slope+alt
Eckbauer – Garmisch-Partenkirchen,https://www.skiresort.com/en/ski-resort/eckbauer-garmisch-partenkirchen/,Germany,Bavaria (Bayern),Upper Bavaria (Oberbayern) / Zugspitz Region / Zugspitzland,500,730,1230,3.6,3,"€ 42,-",slope+alt
Bichlalm,https://www.skiresort.com/en/ski-resort/bichlalm/,Austria,Tyrol (Tirol),Tiroler Unterland / Kitzbühel (District) / Kitzbühel,693,904,1597,3.6,,"€ 45,-",slope+alt
Ratzi – Spiringen,https://www.skiresort.com/en/ski-resort/ratzi-spiringen/,Switzerland,Central Switzerland,Uri,890,950,1840,3.6,2,"SFr. 36,- / approx. € 38,-",slope+alt
Ottenleue – Sangernboden,https://www.skiresort.com/en/ski-resort/ottenleue-sangernboden/,Switzerland,Espace Mittelland,Bern,150,1450,1600,3.6,,"SFr. 36,- / approx. € 38,-",slope+alt
Rucas di Bagnolo,https://www.skiresort.com/en/ski-resort/rucas-di-bagnolo/,Italy,Piedmont (Piemonte),Cuneo,300,1480,1780,3.6,2,"€ 21,-",slope+alt
Heiden – Bischofsberg,https://www.skiresort.com/en/ski-resort/heiden-bischofsberg/,Switzerland,Eastern Switzerland,Appenzellerland / Appenzell Ausserrhoden,110,813,923,3.6,2,"SFr. 28,- / approx. € 30,-",slope
Lauenen,https://www.skiresort.com/en/ski-resort/lauenen/,Switzerland,Espace Mittelland,Bern / Bernese Oberland / Gstaad,167,1238,1405,3.5,,"SFr. 37,- / approx. € 39,-",slope+alt
Tanzboden – Ebnat-Kappel,https://www.skiresort.com/en/ski-resort/tanzboden-ebnat-kappel/,Switzerland,Eastern Switzerland,St. Gallen / Toggenburg,316,865,1181,3.5,2,"SFr. 34,- / approx. € 36,-",slope
Le Désert d'Entremont,https://www.skiresort.com/en/ski-resort/le-desert-dentremont/,France,Auvergne-Rhône-Alpes,Savoie Mont Blanc / Savoie / Chambéry,200,1200,1400,3.5,3,€ 14.50,slope+alt
Oberegg – St. Anton,https://www.skiresort.com/en/ski-resort/oberegg-st-anton/,Switzerland,Eastern Switzerland,Appenzellerland / Appenzell Innerrhoden,255,855,1110,3.5,,"SFr. 28,- / approx. € 30,-",slope
Skizentrum Pfronten,https://www.skiresort.com/en/ski-resort/skizentrum-pfronten/,Germany,Bavaria (Bayern),Swabia (Schwaben) / Ostallgäu,382,850,1232,3.4,5,"€ 32,-",slope+alt
Wallberg – Rottach-Egern,https://www.skiresort.com/en/ski-resort/wallberg-rottach-egern/,Germany,Bavaria (Bayern),Upper Bavaria (Oberbayern) / Tegernsee-Schliersee,830,790,1620,3.2,,,slope+alt
Katzenkopf – Leutasch,https://www.skiresort.com/en/ski-resort/katzenkopf-leutasch/,Austria,Tyrol (Tirol),Innsbruck / Innsbruck-Land / Region Seefeld – Tirols Hochplateau,223,1140,1363,3.2,2,"€ 42,-",slope+alt
Col de Marcieu – Saint Bernard du Touvet,https://www.skiresort.com/en/ski-resort/col-de-marcieu-saint-bernard-du-touvet/,France,Auvergne-Rhône-Alpes,Isère / Grenoble,357,993,1350,3.2,3,"€ 17,-",slope+alt
Eibisberg – Anger,https://www.skiresort.com/en/ski-resort/eibisberg-anger/,Austria,Styria (Steiermark),Oststeiermark / Naturpark Almenland,205,963,1168,3.1,,,slope
Les Coulmes – Col de Romeyère (Rencurel),https://www.skiresort.com/en/ski-resort/les-coulmes-col-de-romeyere-rencurel/,France,Auvergne-Rhône-Alpes,Isère / Grenoble / « / 1,183,1050,1233,3.1,3,€ 10.40,slope+alt
Steg im Tösstal,https://www.skiresort.com/en/ski-resort/steg-im-toesstal/,Switzerland,Zürich,,323,700,1023,3.1,2,"SFr. 30,- / approx. € 32,-",slope
Steckenberg – Unterammergau,https://www.skiresort.com/en/ski-resort/steckenberg-unterammergau/,Germany,Bavaria (Bayern),Upper Bavaria (Oberbayern) / Zugspitz Region / Ammergauer Alpen,160,860,1020,3,6,"€ 23,-",slope
Sattel – Hochstuckli,https://www.skiresort.com/en/ski-resort/sattel-hochstuckli/,Switzerland,Central Switzerland,Schwyz,691,800,1491,3,5,"SFr. 35,- / approx. € 37,-",slope+alt
La Grave – La Meije,https://www.skiresort.com/en/ski-resort/la-grave-la-meije/,France,Provence-Alpes-Côte d’Azur,Hautes-Alpes / Briançon,2064,1470,3534,3,4,"€ 62,-",slope+alt
Velika Planina,https://www.skiresort.com/en/ski-resort/velika-planina/,Slovenia,Osrednjeslovenska (Central Slovenia),,254,1412,1666,3,4,"€ 29,-",slope+alt
Bannalp – Oberrickenbach,https://www.skiresort.com/en/ski-resort/bannalp-oberrickenbach/,Switzerland,Central Switzerland,Engelberg-Titlis,130,1663,1793,3,3,"SFr. 34,- / approx. € 36,-",slope+alt
Val Formazza,https://www.skiresort.com/en/ski-resort/val-formazza/,Italy,Piedmont (Piemonte),Verbano-Cusio-Ossola / Ossola (Val d’Ossola),474,1298,1772,3,3,"€ 25,-",slope+alt
Romme – Nancy-sur-Cluses,https://www.skiresort.com/en/ski-resort/romme-nancy-sur-cluses/,France,Auvergne-Rhône-Alpes,Savoie Mont Blanc / Haute-Savoie / Bonneville / Faucigny,638,920,1558,3,4,"€ 15,-",slope+alt
Vorderthal – Skilift Wägital,https://www.skiresort.com/en/ski-resort/vorderthal-skilift-waegital/,Switzerland,Central Switzerland,Schwyz,510,750,1260,3,,"SFr. 25,- / approx. € 27,-",slope+alt
Homberg,https://www.skiresort.com/en/ski-resort/homberg/,Switzerland,Espace Mittelland,Bern,153,940,1093,3,,"SFr. 20,- / approx. € 21,-",slope
Park kralja Matjaža – Črna na Koroškem,https://www.skiresort.com/en/ski-resort/park-kralja-matjaza-crna-na-koroskem/,Slovenia,Carinthia (Koroška),,214,575,789,3,,"€ 21,-",slope
Les Rafforts – Héry sur Ugine,https://www.skiresort.com/en/ski-resort/les-rafforts-hery-sur-ugine/,France,Auvergne-Rhône-Alpes,Savoie Mont Blanc / Savoie / Albertville,312,912,1224,3,2,,slope+alt
Dent de Jaman – Montreux,https://www.skiresort.com/en/ski-resort/dent-de-jaman-montreux/,Switzerland,Lemanic Region,Waadt,384,1354,1738,3,2,"SFr. 37,- / approx. € 39,-",slope+alt
Aiguilles,https://www.skiresort.com/en/ski-resort/aiguilles/,France,Provence-Alpes-Côte d’Azur,Hautes-Alpes / Briançon,169,1450,1619,3,3,"€ 5,-",slope+alt
Aela – Maloja,https://www.skiresort.com/en/ski-resort/aela-maloja/,Switzerland,Eastern Switzerland,Graubünden / Bregaglia Engadin,335,1801,2136,3,2,"SFr. 35,- / approx. € 37,-",slope+alt
St. Martin im Tennengebirge,https://www.skiresort.com/en/ski-resort/st-martin-im-tennengebirge/,Austria,Salzburg (Salzburger Land),Pongau,255,955,1210,3,2,"€ 38,-",slope+alt
Eggiwil – Netschbühl,https://www.skiresort.com/en/ski-resort/eggiwil-netschbuehl/,Switzerland,Espace Mittelland,Bern / Emmental,300,720,1020,3,,"SFr. 27,- / approx. € 29,-",slope
Mastrils,https://www.skiresort.com/en/ski-resort/mastrils/,Switzerland,Eastern Switzerland,Heidiland,230,720,950,3,,"SFr. 18,- / approx. € 19,-",slope
Almblicklifts – Strallegg,https://www.skiresort.com/en/ski-resort/almblicklifts-strallegg/,Austria,Styria (Steiermark),Oststeiermark / Joglland-Waldheimat,295,699,994,3,4,"€ 33,-",slope
Turmkogel – Puchenstuben,https://www.skiresort.com/en/ski-resort/turmkogel-puchenstuben/,Austria,Lower Austria (Niederösterreich),Mostviertel / Scheibbs,233,905,1138,3,3,"€ 24,-",slope
Rotecklift – Tobadill,https://www.skiresort.com/en/ski-resort/rotecklift-tobadill/,Austria,Tyrol (Tirol),Tiroler Oberland (region) / Landeck / Tirol West,191,1186,1377,3,,€ 44.50,slope+alt
Col de Turini/Camp d'Argent,https://www.skiresort.com/en/ski-resort/col-de-turini-camp-dargent/,France,Provence-Alpes-Côte d’Azur,Alpes-Maritimes / Nice,180,1740,1920,3,3,"€ 13,-",slope+alt
Tockneralmlift Krakauebene – Krakauhintermühlen (Krakau),https://www.skiresort.com/en/ski-resort/tockneralmlift-krakauebene-krakauhintermuehlen-krakau/,Austria,Styria (Steiermark),Murtal / Europe / Austria / Styria (Steiermark) / Murau,230,1220,1450,3,2,"€ 26,-",slope+alt
Halblech,https://www.skiresort.com/en/ski-resort/halblech/,Germany,Bavaria (Bayern),Swabia (Schwaben) / Ostallgäu,220,823,1043,3,,,slope
Hochlitten – Riefensberg,https://www.skiresort.com/en/ski-resort/hochlitten-riefensberg/,Austria,Vorarlberg,Bregenz / Bregenzerwald,200,1000,1200,3,4,"€ 40,-",slope+alt
Junker – St. Antönien,https://www.skiresort.com/en/ski-resort/junker-st-antoenien/,Switzerland,Eastern Switzerland,Graubünden / Prättigau,251,1405,1656,3,2,"SFr. 32,- / approx. € 34,-",slope+alt
Embach – Hörndl,https://www.skiresort.com/en/ski-resort/embach-hoerndl/,Austria,Salzburg (Salzburger Land),Pinzgau,284,1012,1296,3,2,"€ 32,-",slope+alt
Obersalzberg,https://www.skiresort.com/en/ski-resort/obersalzberg/,Germany,Bavaria (Bayern),Upper Bavaria (Oberbayern) / Berchtesgadener Land,150,795,945,3,5,"€ 25,-",slope
Gröllerkopf – Übersaxen,https://www.skiresort.com/en/ski-resort/groellerkopf-uebersaxen/,Austria,Vorarlberg,Bodensee-Vorarlberg,181,1013,1194,3,2,"€ 28,-",slope+alt
Münster-Geschinen,https://www.skiresort.com/en/ski-resort/muenster-geschinen/,Switzerland,Lemanic Region,Valais (Wallis) / Obergoms,282,1363,1645,3,2,"SFr. 27,- / approx. € 29,-",slope+alt
Obermutten,https://www.skiresort.com/en/ski-resort/obermutten/,Switzerland,Eastern Switzerland,Graubünden / Viamala,136,1731,1867,3,,"SFr. 23,- / approx. € 24,-",slope+alt
Bessans,https://www.skiresort.com/en/ski-resort/bessans/,France,Auvergne-Rhône-Alpes,Savoie Mont Blanc / Savoie / Maurienne / Haute Maurienne Vanoise,136,1706,1842,3,2,"€ 13,-",slope+alt
Degersheim – Fuchsacker,https://www.skiresort.com/en/ski-resort/degersheim-fuchsacker/,Switzerland,Eastern Switzerland,St. Gallen / St. Gallen-Bodensee,219,815,1034,3,3,"SFr. 32,- / approx. € 34,-",slope
Palot (Pisogne),https://www.skiresort.com/en/ski-resort/palot-pisogne/,Italy,Lombardy,Camonica Valley (Val Camonica),290,1060,1350,3,2,"€ 29,-",slope+alt
Sachrang,https://www.skiresort.com/en/ski-resort/sachrang/,Germany,Bavaria (Bayern),Upper Bavaria (Oberbayern) / Chiemsee Alpenland (Chiemsee Alps),92,731,823,3,7,"€ 19,-",slope
Trije Kralji,https://www.skiresort.com/en/ski-resort/trije-kralji/,Slovenia,Podravska,,147,1200,1347,2.8,2,"€ 35,-",slope+alt
Forsteralm,https://www.skiresort.com/en/ski-resort/forsteralm/,Austria,Upper Austria (Oberösterreich),Steyr-Kirchdorf / Steyr-Land,145,680,825,2.8,3,"€ 28,-",slope
Pian delle Betulle – Margno,https://www.skiresort.com/en/ski-resort/pian-delle-betulle-margno/,Italy,Lombardy,Lecco,251,1550,1801,2.6,4,"€ 25,-",slope+alt
Holzmeisterlifts Sommeralm,https://www.skiresort.com/en/ski-resort/holzmeisterlifts-sommeralm/,Austria,Styria (Steiermark),Oststeiermark / Naturpark Almenland,160,1240,1400,2.6,2,"€ 31,-",slope+alt
La Stass' – St. Pierre de Chartreuse,https://www.skiresort.com/en/ski-resort/la-stass-st-pierre-de-chartreuse/,France,Auvergne-Rhône-Alpes,Isère / Grenoble,300,1350,1650,2.6,5,,slope+alt
Unternberg (Ruhpolding),https://www.skiresort.com/en/ski-resort/unternberg-ruhpolding/,Germany,Bavaria (Bayern),Upper Bavaria (Oberbayern) / Chiemgau,707,710,1417,2.5,3,"€ 32,-",slope+alt
Elfer – Neustift,https://www.skiresort.com/en/ski-resort/elfer-neustift/,Austria,Tyrol (Tirol),Innsbruck / Innsbruck-Land / Stubai,1099,981,2080,2.5,3,€ 48.50,slope+alt
Les Planards,https://www.skiresort.com/en/ski-resort/les-planards/,France,Auvergne-Rhône-Alpes,Savoie Mont Blanc / Haute-Savoie / Bonneville / Pays du Mont Blanc / Chamonix-Mont-Blanc,187,1062,1249,2.5,4,€ 30.20,slope+alt
Seebodenalp – Küssnacht,https://www.skiresort.com/en/ski-resort/seebodenalp-kuessnacht/,Switzerland,Central Switzerland,Schwyz,189,1036,1225,2.5,3,"SFr. 15,- / approx. € 16,-",slope+alt
Obdach,https://www.skiresort.com/en/ski-resort/obdach/,Austria,Styria (Steiermark),Murtal,294,899,1193,2.5,,"€ 32,-",slope+alt
Alberschwende – Brüggelekopf,https://www.skiresort.com/en/ski-resort/alberschwende-brueggelekopf/,Austria,Vorarlberg,Bregenz / Bregenzerwald,480,720,1200,2.5,2,"€ 34,-",slope+alt
Brülisau-Leugangen,https://www.skiresort.com/en/ski-resort/bruelisau-leugangen/,Switzerland,Eastern Switzerland,Appenzellerland / Appenzell Innerrhoden,167,905,1072,2.5,,"SFr. 18,- / approx. € 19,-",slope
Col du Granier,https://www.skiresort.com/en/ski-resort/col-du-granier/,France,Auvergne-Rhône-Alpes,Savoie Mont Blanc / Savoie / Chambéry,409,990,1399,2.5,4,"€ 11,-",slope+alt
Kaiserau – Admont,https://www.skiresort.com/en/ski-resort/kaiserau-admont/,Austria,Styria (Steiermark),Liezen / Alpenregion Nationalpark Gesäuse,240,1130,1370,2.5,5,"€ 38,-",slope+alt
Rankenlift,https://www.skiresort.com/en/ski-resort/rankenlift/,Germany,Bavaria (Bayern),Upper Bavaria (Oberbayern) / Chiemsee Alpenland (Chiemsee Alps),171,1076,1247,2.5,2,"€ 14,-",slope+alt
Hahnbaum – St. Johann im Pongau,https://www.skiresort.com/en/ski-resort/hahnbaum-st-johann-im-pongau/,Austria,Salzburg (Salzburger Land),Pongau / Salzburger Sportwelt,212,673,885,2.5,2,"€ 29,-",slope
Gföllberglift – Holzgau,https://www.skiresort.com/en/ski-resort/gfoellberglift-holzgau/,Austria,Tyrol (Tirol),Reutte / Lechtal,221,1108,1329,2.5,2,"€ 32,-",slope+alt
Heumöser – Ebnit (Dornbirn),https://www.skiresort.com/en/ski-resort/heumoeser-ebnit-dornbirn/,Austria,Vorarlberg,Bodensee-Vorarlberg,178,1027,1205,2.5,2,€ 24.60,slope+alt
Hirschberglifte – Kreuth,https://www.skiresort.com/en/ski-resort/hirschberglifte-kreuth/,Germany,Bavaria (Bayern),Upper Bavaria (Oberbayern) / Tegernsee-Schliersee,413,778,1191,2.4,6,"€ 24,-",slope+alt
Spechtenseelift – Pürgg (Stainach-Pürgg),https://www.skiresort.com/en/ski-resort/spechtenseelift-puergg-stainach-puergg/,Austria,Styria (Steiermark),Liezen,160,1100,1260,2.3,,€ 29.50,slope+alt
Ribniška koča – Ribniško Pohorje,https://www.skiresort.com/en/ski-resort/ribniska-koca-ribnisko-pohorje/,Slovenia,Carinthia (Koroška),,157,1368,1525,2.3,2,"€ 29,-",slope+alt
Ribnica na Pohorju – Ribniško Pohorje,https://www.skiresort.com/en/ski-resort/ribnica-na-pohorju-ribnisko-pohorje/,Slovenia,Carinthia (Koroška),,206,715,921,2.2,3,"€ 29,-",slope
Kessellifts – Inzell,https://www.skiresort.com/en/ski-resort/kessellifts-inzell/,Germany,Bavaria (Bayern),Upper Bavaria (Oberbayern) / Chiemgau,95,715,810,2.2,3,"€ 19,-",slope
Oberiberg,https://www.skiresort.com/en/ski-resort/oberiberg/,Switzerland,Central Switzerland,Schwyz,275,1080,1355,2.2,4,"SFr. 32,- / approx. € 34,-",slope+alt
Linden – Schindelberg,https://www.skiresort.com/en/ski-resort/linden-schindelberg/,Switzerland,Espace Mittelland,Bern,168,920,1088,2.2,3,"SFr. 33,- / approx. € 35,-",slope
Tristeli – St. Margrethenberg,https://www.skiresort.com/en/ski-resort/tristeli-st-margrethenberg/,Switzerland,Eastern Switzerland,Heidiland,261,1190,1451,2.1,,"SFr. 28,- / approx. € 30,-",slope+alt
Les Thays – La Forclaz,https://www.skiresort.com/en/ski-resort/les-thays-la-forclaz/,Switzerland,Lemanic Region,Waadt,172,1259,1431,2.1,2,"SFr. 20,- / approx. € 21,-",slope+alt
Mendelpass – Monte Roen,https://www.skiresort.com/en/ski-resort/mendelpass-monte-roen/,Italy,Trentino-Alto Adige (Trentino-Südtirol),Trentino / Val di Non (Non Valley),226,1368,1594,2,2,"€ 32,-",slope+alt
Silvretta Bielerhöhe – Partenen,https://www.skiresort.com/en/ski-resort/silvretta-bielerhoehe-partenen/,Austria,Vorarlberg,Bludenz / Montafon,120,1910,2030,2,2,€ 53.50,slope+alt
Bolbeno,https://www.skiresort.com/en/ski-resort/bolbeno/,Italy,Trentino-Alto Adige (Trentino-Südtirol),Trentino / Valli Giudicarie/​Valle del Chiese,208,584,792,2,3,"€ 33,-",slope
Prägraten am Großvenediger,https://www.skiresort.com/en/ski-resort/praegraten-am-grossvenediger/,Austria,Tyrol (Tirol),Osttirol (East Tyrol) / Virgental,128,1312,1440,2,2,"€ 32,-",slope+alt
Schmolllifte – Steinhaus am Semmering,https://www.skiresort.com/en/ski-resort/schmolllifte-steinhaus-am-semmering/,Austria,Styria (Steiermark),Hochsteiermark,126,831,957,2,2,"€ 25,-",slope
Predaia-Coredo,https://www.skiresort.com/en/ski-resort/predaia-coredo/,Italy,Trentino-Alto Adige (Trentino-Südtirol),Trentino / Val di Non (Non Valley),150,1250,1400,2,,"€ 32,-",slope+alt
Sauris di Sopra,https://www.skiresort.com/en/ski-resort/sauris-di-sopra/,Italy,Friuli-Venezia Giulia,Udine,176,1244,1420,2,2,"€ 44,-",slope+alt
Flensa – Seewis,https://www.skiresort.com/en/ski-resort/flensa-seewis/,Switzerland,Eastern Switzerland,Graubünden / Prättigau,170,1015,1185,2,2,"SFr. 20,- / approx. € 21,-",slope+alt
Les Signaraux – La Motte d'Aveillans,https://www.skiresort.com/en/ski-resort/les-signaraux-la-motte-daveillans/,France,Auvergne-Rhône-Alpes,Isère / Grenoble,140,1290,1430,2,,"€ 6,-",slope+alt
Hittisberg – Hittisau,https://www.skiresort.com/en/ski-resort/hittisberg-hittisau/,Austria,Vorarlberg,Bregenz / Bregenzerwald,218,807,1025,2,2,"€ 23,-",slope
Wildentallift,https://www.skiresort.com/en/ski-resort/wildentallift/,Austria,Vorarlberg,Bregenz / Kleinwalsertal,120,1120,1240,2,,,slope+alt
Névache,https://www.skiresort.com/en/ski-resort/nevache/,France,Provence-Alpes-Côte d’Azur,Hautes-Alpes / Briançon,122,1585,1707,2,2,,slope+alt
Val d'Oronaye – Larche,https://www.skiresort.com/en/ski-resort/val-doronaye-larche/,France,Provence-Alpes-Côte d’Azur,Alpes-de-Haute-Provence / Barcelonnette / Vallée de l'Ubaye,200,1700,1900,2,4,,slope+alt
Tèct/Zinols – Bergün,https://www.skiresort.com/en/ski-resort/tect-zinols-berguen/,Switzerland,Eastern Switzerland,Graubünden / Bergün Filisur,169,1371,1540,2,3,"SFr. 36,- / approx. € 38,-",slope+alt
Wenigzell,https://www.skiresort.com/en/ski-resort/wenigzell/,Austria,Styria (Steiermark),Oststeiermark / Joglland-Waldheimat,180,940,1120,2,3,"€ 33,-",slope
Sonnenhanglifte – Unterjoch,https://www.skiresort.com/en/ski-resort/sonnenhanglifte-unterjoch/,Germany,Bavaria (Bayern),Swabia (Schwaben) / Oberallgäu,115,1052,1167,2,2,"€ 19,-",slope
Karlift – Heiterwang,https://www.skiresort.com/en/ski-resort/karlift-heiterwang/,Austria,Tyrol (Tirol),Außerfern / Tiroler Zugspitz Arena,183,1050,1233,2,,"€ 32,-",slope+alt
Riepenlift – Antholz-Mittertal (Anterselva di Mezzo),https://www.skiresort.com/en/ski-resort/riepenlift-antholz-mittertal-anterselva-di-mezzo/,Italy,Trentino-Alto Adige (Trentino-Südtirol),South Tyrol (Südtirol) / Plan de Corones (Kronplatz) / Antholzertal (Valle die Anterselva),362,1127,1489,2,,"€ 35,-",slope+alt
Druni KidsArena – Valtgeva,https://www.skiresort.com/en/ski-resort/druni-kidsarena-valtgeva/,Switzerland,Eastern Switzerland,Graubünden / Disentis Sedrun,91,1447,1538,2,3,"SFr. 27,- / approx. € 29,-",slope+alt
Lärchenhof – Erpfendorf,https://www.skiresort.com/en/ski-resort/laerchenhof-erpfendorf/,Austria,Tyrol (Tirol),Tiroler Unterland / Kitzbüheler Alpen / St. Johann in Tirol,139,684,823,2,2,€ 27.50,slope
Grub-Kaien,https://www.skiresort.com/en/ski-resort/grub-kaien/,Switzerland,Eastern Switzerland,Appenzellerland / Appenzell Ausserrhoden,220,845,1065,2,,"SFr. 30,- / approx. € 32,-",slope
Wexl Arena – St. Corona am Wechsel,https://www.skiresort.com/en/ski-resort/wexl-arena-st-corona-am-wechsel/,Austria,Lower Austria (Niederösterreich),Wiener Alpen / Neunkirchen,199,840,1039,2,5,"€ 35,-",slope
Campo Blenio,https://www.skiresort.com/en/ski-resort/campo-blenio/,Switzerland,Ticino,Bellinzonese and Upper Ticino / Blenio Valley (Valle di Blenio),371,1207,1578,2,3,"SFr. 32,- / approx. € 34,-",slope+alt
Gaugen – Greifenburg,https://www.skiresort.com/en/ski-resort/gaugen-greifenburg/,Austria,Carinthia (Kärnten),Upper Carinthia (Oberkärnten) / Spittal an der Drau / Outdoorpark Oberdrautal,287,1713,2000,2,,,slope+alt
Andolla Ski – Alpe Cheggio,https://www.skiresort.com/en/ski-resort/andolla-ski-alpe-cheggio/,Italy,Piedmont (Piemonte),Verbano-Cusio-Ossola,85,1468,1553,2,,,slope+alt
Krähenberg – Sibratsgfäll,https://www.skiresort.com/en/ski-resort/kraehenberg-sibratsgfaell/,Austria,Vorarlberg,Bregenz / Bregenzerwald,197,842,1039,2,2,"€ 27,-",slope
Nagelköpfl – Piesendorf,https://www.skiresort.com/en/ski-resort/nagelkoepfl-piesendorf/,Austria,Salzburg (Salzburger Land),Pinzgau,115,785,900,2,3,"€ 25,-",slope
Zlaim – Grundlsee,https://www.skiresort.com/en/ski-resort/zlaim-grundlsee/,Austria,Styria (Steiermark),Salzkammergut / Ausseerland,126,770,896,2,2,"€ 20,-",slope
La Poya – Vallorcine,https://www.skiresort.com/en/ski-resort/la-poya-vallorcine/,France,Auvergne-Rhône-Alpes,Savoie Mont Blanc / Haute-Savoie / Bonneville / Pays du Mont Blanc / Chamonix-Mont-Blanc,200,1350,1550,2,4,"€ 20,-",slope+alt
Le Reposoir/Châlet Neuf,https://www.skiresort.com/en/ski-resort/le-reposoir-chalet-neuf/,France,Auvergne-Rhône-Alpes,Savoie Mont Blanc / Haute-Savoie / Bonneville / Faucigny,300,1300,1600,2,2,"€ 15,-",slope+alt
Nollen – Unterägeri,https://www.skiresort.com/en/ski-resort/nollen-unteraegeri/,Switzerland,Central Switzerland,Zug,281,765,1046,2,2,"SFr. 20,- / approx. € 21,-",slope
Friherrenberg – Einsiedeln,https://www.skiresort.com/en/ski-resort/friherrenberg-einsiedeln/,Switzerland,Central Switzerland,Schwyz / Mythen Region,195,918,1113,2,2,"SFr. 27,- / approx. € 29,-",slope
Knittellifte – Elbigenalp,https://www.skiresort.com/en/ski-resort/knittellifte-elbigenalp/,Austria,Tyrol (Tirol),Reutte / Lechtal,170,1050,1220,2,3,"€ 28,-",slope+alt
Tegelberg – Schwangau,https://www.skiresort.com/en/ski-resort/tegelberg-schwangau/,Germany,Bavaria (Bayern),Swabia (Schwaben) / Ostallgäu,900,830,1730,1.9,5,"€ 34,-",slope+alt
Feistritzsattel – Trattenbach,https://www.skiresort.com/en/ski-resort/feistritzsattel-trattenbach/,Austria,Lower Austria (Niederösterreich),Wiener Alpen / Neunkirchen,168,1114,1282,1.9,2,"€ 22,-",slope+alt
Reith bei Kitzbühel,https://www.skiresort.com/en/ski-resort/reith-bei-kitzbuehel/,Austria,Tyrol (Tirol),Tiroler Unterland / Kitzbühel (District) / Kitzbühel,95,770,865,1.8,2,,slope
Vigiljoch (Monte San Vigilio) – Lana,https://www.skiresort.com/en/ski-resort/vigiljoch-monte-san-vigilio-lana/,Italy,Trentino-Alto Adige (Trentino-Südtirol),South Tyrol (Südtirol) / Merano and Environs,328,1486,1814,1.8,2,"€ 22,-",slope+alt
Hochwacht – Mosnang,https://www.skiresort.com/en/ski-resort/hochwacht-mosnang/,Switzerland,Eastern Switzerland,St. Gallen / Toggenburg,115,720,835,1.8,,"SFr. 18,- / approx. € 19,-",slope
Schönfeld – Thomatal,https://www.skiresort.com/en/ski-resort/schoenfeld-thomatal/,Austria,Salzburg (Salzburger Land),Lungau,360,1740,2100,1.8,2,"€ 32,-",slope+alt
St. Hemma – Edelschrott,https://www.skiresort.com/en/ski-resort/st-hemma-edelschrott/,Austria,Styria (Steiermark),Voitsberg,128,1007,1135,1.8,,"€ 20,-",slope
"Payel di Valsavarenche – Dégioz <span class=""closed-resort red""> (temporarily closed)</span>",https://www.skiresort.com/en/ski-resort/payel-di-valsavarenche-degioz/,Italy,Aosta Valley (Valle d'Aosta),Gran Paradiso,141,1540,1681,1.7,,,slope+alt
Télégiettes,https://www.skiresort.com/en/ski-resort/telegiettes/,Switzerland,Lemanic Region,Valais (Wallis) / Val d'Illiez,420,1280,1700,1.7,2,,slope+alt
Monte Poieto – Aviatico,https://www.skiresort.com/en/ski-resort/monte-poieto-aviatico/,Italy,Lombardy,Bergamo,178,1197,1375,1.7,2,,slope+alt
Poseka – Ravne na Koroškem,https://www.skiresort.com/en/ski-resort/poseka-ravne-na-koroskem/,Slovenia,Carinthia (Koroška),,155,432,587,1.7,,€ 17.50,slope
Urnäsch – Osteregg,https://www.skiresort.com/en/ski-resort/urnaesch-osteregg/,Switzerland,Eastern Switzerland,Appenzellerland / Appenzell Ausserrhoden,230,850,1080,1.7,2,"SFr. 29,- / approx. € 31,-",slope
Gähwil,https://www.skiresort.com/en/ski-resort/gaehwil/,Switzerland,Eastern Switzerland,St. Gallen / Toggenburg,155,750,905,1.7,3,"SFr. 28,- / approx. € 30,-",slope
Stanzach,https://www.skiresort.com/en/ski-resort/stanzach/,Austria,Tyrol (Tirol),Reutte / Lechtal,109,940,1049,1.7,3,"€ 30,-",slope
Ötzlifte (Rabenkopf) – Kochel am See,https://www.skiresort.com/en/ski-resort/oetzlifte-rabenkopf-kochel-am-see/,Germany,Bavaria (Bayern),Upper Bavaria (Oberbayern) / Tölzer Land,210,650,860,1.6,3,"€ 25,-",slope
Brüsti – Attinghausen,https://www.skiresort.com/en/ski-resort/bruesti-attinghausen/,Switzerland,Central Switzerland,Uri / Reuss Valley (Reusstal),173,1428,1601,1.5,4,"SFr. 32,- / approx. € 34,-",slope+alt
Macesnovc Rateče,https://www.skiresort.com/en/ski-resort/macesnovc-ratece/,Slovenia,Gorenjska (Upper Carniola),,316,866,1182,1.5,2,,slope
Feldthurns (Velturno),https://www.skiresort.com/en/ski-resort/feldthurns-velturno/,Italy,Trentino-Alto Adige (Trentino-Südtirol),South Tyrol (Südtirol) / Eisacktal,115,1050,1165,1.5,,"€ 19,-",slope
Les Égaux,https://www.skiresort.com/en/ski-resort/les-egaux/,France,Auvergne-Rhône-Alpes,Isère / Grenoble,129,951,1080,1.5,4,€ 15.50,slope
Pirstingerkogellift Sommeralm,https://www.skiresort.com/en/ski-resort/pirstingerkogellift-sommeralm/,Austria,Styria (Steiermark),Oststeiermark / Naturpark Almenland,85,1290,1375,1.5,2,"€ 29,-",slope+alt
Schneiderkopf – Buch,https://www.skiresort.com/en/ski-resort/schneiderkopf-buch/,Austria,Vorarlberg,Bodensee-Vorarlberg,175,705,880,1.5,2,,slope
St. Magdalena (Gsies/Valle di Casies),https://www.skiresort.com/en/ski-resort/st-magdalena-gsies-valle-di-casies/,Italy,Trentino-Alto Adige (Trentino-Südtirol),South Tyrol (Südtirol) / Gsies Valley (Valle di Casies),235,1444,1679,1.5,,"€ 28,-",slope+alt
Martinaux,https://www.skiresort.com/en/ski-resort/martinaux/,Switzerland,Lemanic Region,Waadt,196,1485,1681,1.5,,"SFr. 10,- / approx. € 11,-",slope+alt
Gurnigelbad,https://www.skiresort.com/en/ski-resort/gurnigelbad/,Switzerland,Espace Mittelland,Bern,95,1197,1292,1.5,,"SFr. 28,- / approx. € 30,-",slope+alt
Hüttegglift – Weerberg,https://www.skiresort.com/en/ski-resort/huettegglift-weerberg/,Austria,Tyrol (Tirol),Silberregion Karwendel,250,1250,1500,1.5,2,"€ 25,-",slope+alt
Montmin,https://www.skiresort.com/en/ski-resort/montmin/,France,Auvergne-Rhône-Alpes,Savoie Mont Blanc / Haute-Savoie / Annecy / Lac d’Annecy,85,1110,1195,1.5,2,"€ 12,-",slope+alt
Birkenlift/Geigenbühel,https://www.skiresort.com/en/ski-resort/birkenlift-geigenbuehel/,Austria,Tyrol (Tirol),Innsbruck / Innsbruck-Land / Region Seefeld – Tirols Hochplateau,50,1167,1217,1.5,8,"€ 38,-",slope+alt
Hemberg,https://www.skiresort.com/en/ski-resort/hemberg/,Switzerland,Eastern Switzerland,St. Gallen / Toggenburg,58,1069,1127,1.5,2,"SFr. 27,- / approx. € 29,-",slope
Malga Varena – Passo Lavazè,https://www.skiresort.com/en/ski-resort/malga-varena-passo-lavaze/,Italy,Trentino-Alto Adige (Trentino-Südtirol),Trentino / Val di Fiemme,71,1769,1840,1.5,,,slope+alt
Lechnerberg,https://www.skiresort.com/en/ski-resort/lechnerberg/,Austria,Salzburg (Salzburger Land),Pinzgau / Zell am See-Kaprun,65,770,835,1.5,2,,slope
Survih – Samedan,https://www.skiresort.com/en/ski-resort/survih-samedan/,Switzerland,Eastern Switzerland,Graubünden / Engadin St. Moritz,152,1760,1912,1.5,3,"SFr. 39,- / approx. € 41,-",slope+alt
Hausberglift – Waidring,https://www.skiresort.com/en/ski-resort/hausberglift-waidring/,Austria,Tyrol (Tirol),Tiroler Unterland / Kitzbüheler Alpen / Pillersee Valley (Pillerseetal),100,800,900,1.5,3,,slope
Winterhöh – Wildalpen,https://www.skiresort.com/en/ski-resort/winterhoeh-wildalpen/,Austria,Styria (Steiermark),Hochsteiermark,168,672,840,1.5,2,,slope
Presolana,https://www.skiresort.com/en/ski-resort/presolana/,Italy,Lombardy,Bergamo,174,1194,1368,1.4,4,"€ 32,-",slope+alt
Lammertallift,https://www.skiresort.com/en/ski-resort/lammertallift/,Austria,Salzburg (Salzburger Land),Pongau,120,980,1100,1.4,,€ 31.50,slope
Sonnenbichl – Bad Wiessee,https://www.skiresort.com/en/ski-resort/sonnenbichl-bad-wiessee/,Germany,Bavaria (Bayern),Upper Bavaria (Oberbayern) / Tegernsee-Schliersee,194,832,1026,1.4,2,,slope
Saint-Colomban-des-Villards,https://www.skiresort.com/en/ski-resort/saint-colomban-des-villards/,France,Auvergne-Rhône-Alpes,Savoie Mont Blanc / Savoie / Maurienne,149,1084,1233,1.4,3,,slope+alt
Mogno,https://www.skiresort.com/en/ski-resort/mogno/,Switzerland,Ticino,Lago Maggiore and Valleys / Val Lavizzara,106,1156,1262,1.4,2,"SFr. 18,- / approx. € 19,-",slope+alt
Compedal – Assling,https://www.skiresort.com/en/ski-resort/compedal-assling/,Austria,Tyrol (Tirol),Osttirol (East Tyrol) / Lienz Dolomites,365,1312,1677,1.4,,,slope+alt
Brenneralm – Breitenfurt bei Wien,https://www.skiresort.com/en/ski-resort/brenneralm-breitenfurt-bei-wien/,Austria,Lower Austria (Niederösterreich),Wienerwald Holiday Region,90,385,475,1.4,,,slope
Hochplett – Oberaschau,https://www.skiresort.com/en/ski-resort/hochplett-oberaschau/,Austria,Upper Austria (Oberösterreich),Traunviertel / Vöcklabruck,109,650,759,1.4,3,,slope
Herzogstand – Walchensee,https://www.skiresort.com/en/ski-resort/herzogstand-walchensee/,Germany,Bavaria (Bayern),Upper Bavaria (Oberbayern) / Tölzer Land,194,1440,1634,1.3,2,"€ 24,-",slope+alt
Straža – Bled,https://www.skiresort.com/en/ski-resort/straza-bled/,Slovenia,Gorenjska (Upper Carniola),,131,503,634,1.3,3,"€ 17,-",slope
Brunni – Alpthal,https://www.skiresort.com/en/ski-resort/brunni-alpthal/,Switzerland,Central Switzerland,Schwyz / Mythen Region,100,1100,1200,1.3,,"SFr. 29,- / approx. € 31,-",slope+alt
Heiti – Gsteig bei Gstaad,https://www.skiresort.com/en/ski-resort/heiti-gsteig-bei-gstaad/,Switzerland,Espace Mittelland,Bern / Bernese Oberland / Gstaad,143,1227,1370,1.3,,"SFr. 35,- / approx. € 37,-",slope+alt
Le Grand Plan – Col du Barioz,https://www.skiresort.com/en/ski-resort/le-grand-plan-col-du-barioz/,France,Auvergne-Rhône-Alpes,Isère / Grenoble,335,1365,1700,1.3,3,"€ 10,-",slope+alt
Grünberg – Obsteig,https://www.skiresort.com/en/ski-resort/gruenberg-obsteig/,Austria,Tyrol (Tirol),Innsbruck region,72,1030,1102,1.3,5,"€ 26,-",slope
Walterswil,https://www.skiresort.com/en/ski-resort/walterswil/,Switzerland,Espace Mittelland,Bern,91,684,775,1.3,,"SFr. 28,- / approx. € 30,-",slope
Schneeberglifte – Mitterland (Thiersee),https://www.skiresort.com/en/ski-resort/schneeberglifte-mitterland-thiersee/,Austria,Tyrol (Tirol),Tiroler Unterland / Kufstein / Kufsteinerland,60,800,860,1.2,4,"€ 27,-",slope
Roggenboden,https://www.skiresort.com/en/ski-resort/roggenboden/,Austria,Tyrol (Tirol),Tiroler Unterland / Kufstein / Wildschönau,45,955,1000,1.2,2,€ 44.50,slope
Pichl (Gsies),https://www.skiresort.com/en/ski-resort/pichl-gsies/,Italy,Trentino-Alto Adige (Trentino-Südtirol),South Tyrol (Südtirol) / Gsies Valley (Valle di Casies),168,1229,1397,1.2,,"€ 27,-",slope+alt
Lessach,https://www.skiresort.com/en/ski-resort/lessach/,Austria,Salzburg (Salzburger Land),Lungau,156,1181,1337,1.2,,"€ 24,-",slope+alt
Monte Corno – Lusiana,https://www.skiresort.com/en/ski-resort/monte-corno-lusiana/,Italy,Venetia (Veneto),Vicenza / Asiago,140,1260,1400,1.2,,,slope+alt
Péra – Trun,https://www.skiresort.com/en/ski-resort/pera-trun/,Switzerland,Eastern Switzerland,Graubünden / Surselva,120,920,1040,1.2,,"SFr. 24,- / approx. € 25,-",slope
Buchserberg-Malbun – Buchs,https://www.skiresort.com/en/ski-resort/buchserberg-malbun-buchs/,Switzerland,Eastern Switzerland,St. Gallen,106,1379,1485,1.2,,"SFr. 18,- / approx. € 19,-",slope+alt
Johnsbach (Admont),https://www.skiresort.com/en/ski-resort/johnsbach-admont/,Austria,Styria (Steiermark),Liezen / Alpenregion Nationalpark Gesäuse,135,880,1015,1.2,,,slope
Tschardund – Nenzing,https://www.skiresort.com/en/ski-resort/tschardund-nenzing/,Austria,Vorarlberg,Bodensee-Vorarlberg,158,822,980,1.2,,,slope
Senožeta,https://www.skiresort.com/en/ski-resort/senozeta/,Slovenia,Gorenjska (Upper Carniola),,120,570,690,1.2,2,,slope
Selfranga – Klosters,https://www.skiresort.com/en/ski-resort/selfranga-klosters/,Switzerland,Eastern Switzerland,Graubünden / Davos Klosters,168,1186,1354,1.2,2,"SFr. 30,- / approx. € 32,-",slope+alt
Reckingen-Gluringen,https://www.skiresort.com/en/ski-resort/reckingen-gluringen/,Switzerland,Lemanic Region,Valais (Wallis) / Obergoms,112,1333,1445,1.2,2,"SFr. 30,- / approx. € 32,-",slope+alt
Monte Purito – Selvino,https://www.skiresort.com/en/ski-resort/monte-purito-selvino/,Italy,Lombardy,Bergamo,165,946,1111,1.1,3,"€ 20,-",slope
Viševnik na Pokljuki,https://www.skiresort.com/en/ski-resort/visevnik-na-pokljuki/,Slovenia,Gorenjska (Upper Carniola),,205,1370,1575,1.1,2,,slope+alt
Falken,https://www.skiresort.com/en/ski-resort/falken/,Germany,Bavaria (Bayern),Swabia (Schwaben) / Oberallgäu / Nagelfluhkette,137,1443,1580,1.1,,,slope+alt
Gasse – Ridnaun,https://www.skiresort.com/en/ski-resort/gasse-ridnaun/,Italy,Trentino-Alto Adige (Trentino-Südtirol),South Tyrol (Südtirol) / Eisacktal,98,1386,1484,1.1,,"€ 18,-",slope+alt
Bacherleitn – Weißenbach bei Liezen,https://www.skiresort.com/en/ski-resort/bacherleitn-weissenbach-bei-liezen/,Austria,Styria (Steiermark),Liezen,118,663,781,1.1,,"€ 21,-",slope
Funes (Villnöss),https://www.skiresort.com/en/ski-resort/funes-villnoess/,Italy,Trentino-Alto Adige (Trentino-Südtirol),South Tyrol (Südtirol) / Eisacktal / Villnöss,246,1252,1498,1.1,,"€ 25,-",slope+alt
Reithlift – Schwangau,https://www.skiresort.com/en/ski-resort/reithlift-schwangau/,Germany,Bavaria (Bayern),Swabia (Schwaben) / Ostallgäu,120,830,950,1.1,,,slope
Oberwaldlifte – Faistenau,https://www.skiresort.com/en/ski-resort/oberwaldlifte-faistenau/,Austria,Salzburg (Salzburger Land),Salzkammergut / Lake Fuschl (Fuschlsee),85,790,875,1.1,2,"€ 14,-",slope
Bäretswil,https://www.skiresort.com/en/ski-resort/baeretswil/,Switzerland,Zürich,,123,712,835,1.1,3,"SFr. 22,- / approx. € 23,-",slope
Ellegglifte – Faistenoy (Oy-Mittelberg),https://www.skiresort.com/en/ski-resort/ellegglifte-faistenoy-oy-mittelberg/,Germany,Bavaria (Bayern),Swabia (Schwaben) / Oberallgäu,62,937,999,1.1,2,"€ 15,-",slope
Trins,https://www.skiresort.com/en/ski-resort/trins/,Austria,Tyrol (Tirol),Innsbruck / Innsbruck-Land / Wipptal,79,1189,1268,1,,€ 20.50,slope+alt
Languard – Pontresina,https://www.skiresort.com/en/ski-resort/languard-pontresina/,Switzerland,Eastern Switzerland,Graubünden / Engadin St. Moritz / Val Bernina,90,1830,1920,1,5,"SFr. 36.50 / approx. € 39,-",slope+alt
Reiserhang – Gaißach,https://www.skiresort.com/en/ski-resort/reiserhang-gaissach/,Germany,Bavaria (Bayern),Upper Bavaria (Oberbayern) / Tölzer Land,138,722,860,1,2,"€ 24,-",slope
Ruffrè – Monte Nock,https://www.skiresort.com/en/ski-resort/ruffre-monte-nock/,Italy,Trentino-Alto Adige (Trentino-Südtirol),Trentino / Val di Non (Non Valley),124,1218,1342,1,,"€ 32,-",slope+alt
Conca dell'Alben,https://www.skiresort.com/en/ski-resort/conca-dellalben/,Italy,Lombardy,Bergamo / Val Brembana,75,1345,1420,1,,,slope+alt
Wirzweli – Dallenwil,https://www.skiresort.com/en/ski-resort/wirzweli-dallenwil/,Switzerland,Central Switzerland,Engelberg-Titlis,135,1215,1350,1,3,"SFr. 31,- / approx. € 33,-",slope+alt
Col de Porte,https://www.skiresort.com/en/ski-resort/col-de-porte/,France,Auvergne-Rhône-Alpes,Isère / Grenoble,534,1226,1760,1,3,"€ 17,-",slope+alt
Petersbründl – St. Michael im Lungau,https://www.skiresort.com/en/ski-resort/petersbruendl-st-michael-im-lungau/,Austria,Salzburg (Salzburger Land),Lungau,190,1050,1240,1,,"€ 25,-",slope+alt
Chiapili di Sotto – Ceresole Reale,https://www.skiresort.com/en/ski-resort/chiapili-di-sotto-ceresole-reale/,Italy,Piedmont (Piemonte),Turin (Torino) / Orco Valley (Valle dell'Orco),74,1673,1747,1,,"€ 15,-",slope+alt
Smučišče Kotlje,https://www.skiresort.com/en/ski-resort/smucisce-kotlje/,Slovenia,Carinthia (Koroška),,63,495,558,1,2,"€ 16,-",slope
Krpin – Begunje,https://www.skiresort.com/en/ski-resort/krpin-begunje/,Slovenia,Gorenjska (Upper Carniola),,120,600,720,1,,,slope
Colle de Lys,https://www.skiresort.com/en/ski-resort/colle-de-lys/,Italy,Piedmont (Piemonte),Turin (Torino),90,1320,1410,1,,,slope+alt
Baienberg – Reuthe,https://www.skiresort.com/en/ski-resort/baienberg-reuthe/,Austria,Vorarlberg,Bregenz / Bregenzerwald,187,631,818,1,,,slope
Buchsteinlift – Reiflingviertel (St. Gallen),https://www.skiresort.com/en/ski-resort/buchsteinlift-reiflingviertel-st-gallen/,Austria,Styria (Steiermark),Liezen / Alpenregion Nationalpark Gesäuse,160,570,730,1,,,slope
Bodental – Unterbergen (Ferlach),https://www.skiresort.com/en/ski-resort/bodental-unterbergen-ferlach/,Austria,Carinthia (Kärnten),Klagenfurt-Villach / Carnica Region Rosental,145,1010,1155,1,4,"€ 34,-",slope
Steinberg am Rofan,https://www.skiresort.com/en/ski-resort/steinberg-am-rofan/,Austria,Tyrol (Tirol),Tiroler Unterland / Schwaz / Achensee,200,1050,1250,1,3,"€ 33,-",slope+alt
Kleinlobming,https://www.skiresort.com/en/ski-resort/kleinlobming/,Austria,Styria (Steiermark),Murtal,161,742,903,1,2,€ 30.50,slope
Sattelegg – Vorderthal/Einsiedeln-Willerzell,https://www.skiresort.com/en/ski-resort/sattelegg-vorderthal-einsiedeln-willerzell/,Switzerland,Central Switzerland,Schwyz,40,1180,1220,1,,"SFr. 20,- / approx. € 21,-",slope+alt
Le Col du Feu – Lullin,https://www.skiresort.com/en/ski-resort/le-col-du-feu-lullin/,France,Auvergne-Rhône-Alpes,Savoie Mont Blanc / Haute-Savoie / Chablais,90,1085,1175,1,,"€ 10,-",slope
Hapfere – Plaffeien,https://www.skiresort.com/en/ski-resort/hapfere-plaffeien/,Switzerland,Espace Mittelland,Fribourg / Schwarzsee-Senseland,85,850,935,1,,"SFr. 20,- / approx. € 21,-",slope
La Baitina,https://www.skiresort.com/en/ski-resort/la-baitina/,Italy,Piedmont (Piemonte),Verbano-Cusio-Ossola / Vigezzo Valley (Valle Vigezzo),79,830,909,1,2,"€ 20,-",slope
Thalgauberg – Thalgau,https://www.skiresort.com/en/ski-resort/thalgauberg-thalgau/,Austria,Salzburg (Salzburger Land),Salzkammergut / Lake Fuschl (Fuschlsee),130,770,900,1,,"€ 16,-",slope
Jachenau – Mühle,https://www.skiresort.com/en/ski-resort/jachenau-muehle/,Germany,Bavaria (Bayern),Upper Bavaria (Oberbayern) / Tölzer Land,91,776,867,1,,"€ 12,-",slope
Schwellbrunn,https://www.skiresort.com/en/ski-resort/schwellbrunn/,Switzerland,Eastern Switzerland,Appenzellerland / Appenzell Ausserrhoden,62,1022,1084,1,,"SFr. 28,- / approx. € 30,-",slope
Oberau (Wildschönau),https://www.skiresort.com/en/ski-resort/oberau-wildschoenau/,Austria,Tyrol (Tirol),Tiroler Unterland / Kufstein / Wildschönau,65,930,995,1,2,€ 37.50,slope
Lüina – Airolo,https://www.skiresort.com/en/ski-resort/lueina-airolo/,Switzerland,Ticino,Bellinzonese and Upper Ticino / Valle Leventina,70,1180,1250,1,2,"SFr. 22,- / approx. € 23,-",slope+alt
Heimenschwand – Buchholterberg,https://www.skiresort.com/en/ski-resort/heimenschwand-buchholterberg/,Switzerland,Espace Mittelland,Bern,178,1006,1184,1,,"SFr. 28,- / approx. € 30,-",slope
Chuderhüsi – Röthenbach,https://www.skiresort.com/en/ski-resort/chuderhuesi-roethenbach/,Switzerland,Espace Mittelland,Bern / Emmental,73,1018,1091,1,,"SFr. 24,- / approx. € 25,-",slope
Vögelinsegg – Speicher,https://www.skiresort.com/en/ski-resort/voegelinsegg-speicher/,Switzerland,Eastern Switzerland,Appenzellerland / Appenzell Ausserrhoden,85,943,1028,1,,"SFr. 30,- / approx. € 32,-",slope
Ristolas,https://www.skiresort.com/en/ski-resort/ristolas/,France,Provence-Alpes-Côte d’Azur,Hautes-Alpes / Briançon,48,1600,1648,1,2,€ 39.90,slope+alt
Mathon,https://www.skiresort.com/en/ski-resort/mathon/,Austria,Tyrol (Tirol),Tiroler Oberland (region) / Landeck / Paznaun-Ischgl,40,1450,1490,1,,€ 24.50,slope+alt
Hätzingen – Loh,https://www.skiresort.com/en/ski-resort/haetzingen-loh/,Switzerland,Eastern Switzerland,Glarus,86,615,701,1,,"SFr. 14,- / approx. € 15,-",slope
Grunholzlift – Au,https://www.skiresort.com/en/ski-resort/grunholzlift-au/,Austria,Vorarlberg,Bregenz / Bregenzerwald,116,835,951,1,2,"€ 33,-",slope
Ollomont,https://www.skiresort.com/en/ski-resort/ollomont/,Italy,Aosta Valley (Valle d'Aosta),Great Saint Bernard (Gran San Bernardo),93,1381,1474,1,2,"€ 19,-",slope+alt
Zederhaus,https://www.skiresort.com/en/ski-resort/zederhaus/,Austria,Salzburg (Salzburger Land),Lungau / «,134,1256,1390,1,,"€ 10,-",slope+alt
Passo Forcora – Monte Cadrigna,https://www.skiresort.com/en/ski-resort/passo-forcora-monte-cadrigna/,Italy,Lombardy,,125,1179,1304,1,,"€ 20,-",slope+alt
Téléconthey – Mayens de Conthey,https://www.skiresort.com/en/ski-resort/teleconthey-mayens-de-conthey/,Switzerland,Lemanic Region,Valais (Wallis),158,1281,1439,1,,"SFr. 20,- / approx. € 21,-",slope+alt
Müsella – La Punt,https://www.skiresort.com/en/ski-resort/muesella-la-punt/,Switzerland,Eastern Switzerland,Graubünden / Engadin St. Moritz,89,1698,1787,1,2,"SFr. 35,- / approx. € 37,-",slope+alt
Nocksteinlifte – Koppl,https://www.skiresort.com/en/ski-resort/nocksteinlifte-koppl/,Austria,Salzburg (Salzburger Land),Salzkammergut / Lake Fuschl (Fuschlsee),101,694,795,1,2,"€ 16,-",slope
Druckerhof – Unterach am Attersee,https://www.skiresort.com/en/ski-resort/druckerhof-unterach-am-attersee/,Austria,Salzkammergut,Lake Attersee,125,655,780,1,,,slope
Neukirchen am Teisenberg (Teisendorf),https://www.skiresort.com/en/ski-resort/neukirchen-am-teisenberg-teisendorf/,Germany,Bavaria (Bayern),Upper Bavaria (Oberbayern) / Berchtesgadener Land,120,710,830,1,,,slope
Raunigwiese – Kolbnitz (Reisseck),https://www.skiresort.com/en/ski-resort/raunigwiese-kolbnitz-reisseck/,Austria,Carinthia (Kärnten),Upper Carinthia (Oberkärnten) / Spittal an der Drau / Mölltal,77,626,703,1,,,slope
"Birgitz <span class=""closed-resort red""> (temporarily closed)</span>",https://www.skiresort.com/en/ski-resort/birgitz/,Austria,Tyrol (Tirol),Innsbruck region,65,875,940,1,,,slope
Parc de loisirs de l'Aigle – Lans en Vercors,https://www.skiresort.com/en/ski-resort/parc-de-loisirs-de-laigle-lans-en-vercors/,France,Auvergne-Rhône-Alpes,Isère / Grenoble,67,1020,1087,1,2,,slope
"Dreieck – Glarus <span class=""closed-resort red""> (temporarily closed)</span>",https://www.skiresort.com/en/ski-resort/dreieck-glarus/,Switzerland,Eastern Switzerland,Glarus,169,513,682,1,,,slope
"Wiesenhofer – Miesenbach bei Birkfeld <span class=""closed-resort red""> (temporarily closed)</span>",https://www.skiresort.com/en/ski-resort/wiesenhofer-miesenbach-bei-birkfeld/,Austria,Styria (Steiermark),Oststeiermark / Joglland-Waldheimat,100,800,900,1,,,slope
Kirchdorf,https://www.skiresort.com/en/ski-resort/kirchdorf/,Austria,Tyrol (Tirol),Tiroler Unterland / Kitzbüheler Alpen / St. Johann in Tirol,50,650,700,1,3,€ 27.50,slope
Bennau – Einsiedeln,https://www.skiresort.com/en/ski-resort/bennau-einsiedeln/,Switzerland,Central Switzerland,Schwyz / Mythen Region,174,882,1056,1,3,,slope
Planberg- and Wiesenlifte – Pertisau,https://www.skiresort.com/en/ski-resort/planberg-and-wiesenlifte-pertisau/,Austria,Tyrol (Tirol),Tiroler Unterland / Schwaz / Achensee,91,946,1037,1,4,"€ 20,-",slope
Schwoich,https://www.skiresort.com/en/ski-resort/schwoich/,Austria,Tyrol (Tirol),Tiroler Unterland / Kufstein / Kufsteinerland,96,630,726,1,2,"€ 25,-",slope
Niedernsill,https://www.skiresort.com/en/ski-resort/niedernsill/,Austria,Salzburg (Salzburger Land),Pinzgau,152,817,969,1,2,"€ 15,-",slope
Pokljuka – Goreljek,https://www.skiresort.com/en/ski-resort/pokljuka-goreljek/,Slovenia,Gorenjska (Upper Carniola),,47,1283,1330,1,3,,slope+alt
Hotz – Oberweng (Spital am Pyhrn),https://www.skiresort.com/en/ski-resort/hotz-oberweng-spital-am-pyhrn/,Austria,Upper Austria (Oberösterreich),Steyr-Kirchdorf / Kirchdorf an der Krems / Pyhrn-Priel,59,839,898,1,2,"€ 17,-",slope
Wasen im Emmental,https://www.skiresort.com/en/ski-resort/wasen-im-emmental/,Switzerland,Espace Mittelland,Bern / Emmental,126,845,971,1,2,"SFr. 22,- / approx. € 23,-",slope
"Schwannerlift – Weerberg <span class=""closed-resort red""> (temporarily closed)</span>",https://www.skiresort.com/en/ski-resort/schwannerlift-weerberg/,Austria,Tyrol (Tirol),Silberregion Karwendel,100,900,1000,1,2,,slope
Alpe di Neggia,https://www.skiresort.com/en/ski-resort/alpe-di-neggia/,Switzerland,Ticino,Lago Maggiore and Valleys,153,1374,1527,1,2,,slope+alt
Kronberg – Attergau,https://www.skiresort.com/en/ski-resort/kronberg-attergau/,Austria,Upper Austria (Oberösterreich),Salzkammergut / Lake Attersee,88,544,632,1,2,"€ 20,-",slope
Realp,https://www.skiresort.com/en/ski-resort/realp/,Switzerland,Central Switzerland,Uri / Andermatt,110,1550,1660,1,2,"SFr. 29,- / approx. € 31,-",slope+alt
Benzeck – Blindau (Reit im Winkl),https://www.skiresort.com/en/ski-resort/benzeck-blindau-reit-im-winkl/,Germany,Bavaria (Bayern),Upper Bavaria (Oberbayern) / Chiemgau,80,690,770,1,4,"€ 22,-",slope
Kirchberglifte – Kreuth,https://www.skiresort.com/en/ski-resort/kirchberglifte-kreuth/,Germany,Bavaria (Bayern),Upper Bavaria (Oberbayern) / Tegernsee-Schliersee,110,780,890,1,4,"€ 17,-",slope
Auf der Rieder – Eschenlohe,https://www.skiresort.com/en/ski-resort/auf-der-rieder-eschenlohe/,Germany,Bavaria (Bayern),Upper Bavaria (Oberbayern) / Zugspitz Region / Zugspitzland,50,650,700,1,,,slope
Osovje,https://www.skiresort.com/en/ski-resort/osovje/,Slovenia,Osrednjeslovenska (Central Slovenia),,82,740,822,1,,"€ 10,-",slope
Saualpe – Eberstein,https://www.skiresort.com/en/ski-resort/saualpe-eberstein/,Austria,Carinthia (Kärnten),Mittelkärnten (Central Carinthia),110,1540,1650,0.9,,"€ 29,-",slope+alt
Kesselmannlifte – Faistenau,https://www.skiresort.com/en/ski-resort/kesselmannlifte-faistenau/,Austria,Salzburg (Salzburger Land),Salzkammergut / Lake Fuschl (Fuschlsee),55,800,855,0.9,2,"€ 18,-",slope
Schmiedhornlift – Wald (Faistenau),https://www.skiresort.com/en/ski-resort/schmiedhornlift-wald-faistenau/,Austria,Salzburg (Salzburger Land),Salzkammergut / Lake Fuschl (Fuschlsee),186,800,986,0.8,2,"€ 12,-",slope
Sauris di Sotto,https://www.skiresort.com/en/ski-resort/sauris-di-sotto/,Italy,Friuli-Venezia Giulia,Udine,118,1212,1330,0.8,2,"€ 44,-",slope+alt
Hübeli – Hergiswil bei Willisau,https://www.skiresort.com/en/ski-resort/huebeli-hergiswil-bei-willisau/,Switzerland,Central Switzerland,Lucerne,120,720,840,0.8,,"SFr. 25,- / approx. € 27,-",slope
Brandlwiese – Kaumberg,https://www.skiresort.com/en/ski-resort/brandlwiese-kaumberg/,Austria,Lower Austria (Niederösterreich),Mostviertel / Lilienfeld,70,510,580,0.8,,"€ 20,-",slope
Pianeta Neve – Piamprato/Valprato Soana,https://www.skiresort.com/en/ski-resort/pianeta-neve-piamprato-valprato-soana/,Italy,Piedmont (Piemonte),Turin (Torino),88,1550,1638,0.8,2,"€ 15,-",slope+alt
Taisten (Tesido),https://www.skiresort.com/en/ski-resort/taisten-tesido/,Italy,Trentino-Alto Adige (Trentino-Südtirol),South Tyrol (Südtirol),168,1227,1395,0.8,,"€ 25,-",slope+alt
Terenten (Terento),https://www.skiresort.com/en/ski-resort/terenten-terento/,Italy,Trentino-Alto Adige (Trentino-Südtirol),South Tyrol (Südtirol),169,1235,1404,0.8,2,"€ 25,-",slope+alt
Lantsch/Lenz,https://www.skiresort.com/en/ski-resort/lantsch-lenz/,Switzerland,Eastern Switzerland,Graubünden / Lenzerheide,92,1290,1382,0.8,,,slope+alt
Archamps,https://www.skiresort.com/en/ski-resort/archamps/,France,Auvergne-Rhône-Alpes,Savoie Mont Blanc / Haute-Savoie / Saint-Julien-en-Genevois / Genevois,120,1170,1290,0.8,,,slope+alt
Kellerberg – Haldi,https://www.skiresort.com/en/ski-resort/kellerberg-haldi/,Switzerland,Central Switzerland,Uri,155,1238,1393,0.8,,,slope+alt
Lifinar – Partenen,https://www.skiresort.com/en/ski-resort/lifinar-partenen/,Austria,Vorarlberg,Bludenz / Montafon,80,1080,1160,0.8,,,slope
Lüsen (Luson),https://www.skiresort.com/en/ski-resort/luesen-luson/,Italy,Trentino-Alto Adige (Trentino-Südtirol),South Tyrol (Südtirol) / Eisacktal,119,1070,1189,0.8,,,slope+alt
Kaiserlindenlift – Gams bei Hieflau,https://www.skiresort.com/en/ski-resort/kaiserlindenlift-gams-bei-hieflau/,Austria,Styria (Steiermark),Liezen / Alpenregion Nationalpark Gesäuse,105,528,633,0.8,,,slope
Pradibosco – Prato Carnico,https://www.skiresort.com/en/ski-resort/pradibosco-prato-carnico/,Italy,Friuli-Venezia Giulia,Udine,110,1135,1245,0.8,,,slope+alt
Oberwangen,https://www.skiresort.com/en/ski-resort/oberwangen/,Switzerland,Eastern Switzerland,Thurgau,137,627,764,0.8,2,"SFr. 22,- / approx. € 23,-",slope
Sonnenlifts – Röfleuten (Pfronten),https://www.skiresort.com/en/ski-resort/sonnenlifts-roefleuten-pfronten/,Germany,Bavaria (Bayern),Swabia (Schwaben) / Ostallgäu,250,850,1100,0.8,2,"€ 20,-",slope
Ghöch,https://www.skiresort.com/en/ski-resort/ghoech/,Switzerland,Zürich,,62,958,1020,0.8,2,"SFr. 22,- / approx. € 23,-",slope
Logarska dolina,https://www.skiresort.com/en/ski-resort/logarska-dolina/,Slovenia,Savinjska,,110,740,850,0.8,2,"€ 10,-",slope
Wanklifte – Oberammergau,https://www.skiresort.com/en/ski-resort/wanklifte-oberammergau/,Germany,Bavaria (Bayern),Upper Bavaria (Oberbayern) / Zugspitz Region / Ammergauer Alpen,70,860,930,0.8,3,"€ 23,-",slope
Waldskilift – Wald (Faistenau),https://www.skiresort.com/en/ski-resort/waldskilift-wald-faistenau/,Austria,Salzburg (Salzburger Land),Salzkammergut / Lake Fuschl (Fuschlsee),142,802,944,0.8,2,,slope
Raten – Oberägeri,https://www.skiresort.com/en/ski-resort/raten-oberaegeri/,Switzerland,Central Switzerland,Zug,42,1077,1119,0.8,2,"SFr. 14,- / approx. € 15,-",slope
Buchberg – Goldegg,https://www.skiresort.com/en/ski-resort/buchberg-goldegg/,Austria,Salzburg (Salzburger Land),Pongau,393,832,1225,0.8,,"€ 5,-",slope+alt
Pradel – Molveno,https://www.skiresort.com/en/ski-resort/pradel-molveno/,Italy,Trentino-Alto Adige (Trentino-Südtirol),Trentino / Altopiano della Paganella/​Dolomiti di Brenta/​Lago di Molveno,160,1370,1530,0.7,2,"€ 35,-",slope+alt
Weissenbach (Alpinwellt),https://www.skiresort.com/en/ski-resort/weissenbach-alpinwellt/,Italy,Trentino-Alto Adige (Trentino-Südtirol),South Tyrol (Südtirol) / Tauferer Ahrntal (Valli di Tures e Aurina) / Skiworld Ahrntal,61,1372,1433,0.7,,"€ 24,-",slope+alt
Schüpfheim,https://www.skiresort.com/en/ski-resort/schuepfheim/,Switzerland,Central Switzerland,Lucerne,132,756,888,0.7,,,slope
Alvaneu – Sontg Antoni,https://www.skiresort.com/en/ski-resort/alvaneu-sontg-antoni/,Switzerland,Eastern Switzerland,Graubünden / Savognin Bivio Albula,53,1141,1194,0.7,,"SFr. 18,- / approx. € 19,-",slope+alt
Navis,https://www.skiresort.com/en/ski-resort/navis/,Austria,Tyrol (Tirol),Innsbruck / Innsbruck-Land / Wipptal,190,1395,1585,0.7,,"€ 10,-",slope+alt
Langis,https://www.skiresort.com/en/ski-resort/langis/,Switzerland,Central Switzerland,Obwalden,67,1450,1517,0.7,,"SFr. 24,- / approx. € 25,-",slope+alt
Griminitzen (Kirchbach),https://www.skiresort.com/en/ski-resort/griminitzen-kirchbach/,Austria,Carinthia (Kärnten),Nassfeld-Pressegger See,130,652,782,0.7,,"€ 14,-",slope
Nova Ponente (Deutschnofen),https://www.skiresort.com/en/ski-resort/nova-ponente-deutschnofen/,Italy,Trentino-Alto Adige (Trentino-Südtirol),South Tyrol (Südtirol) / Eggental Valley (Val D’ega),135,1385,1520,0.7,,"€ 25,-",slope+alt
Schilpario,https://www.skiresort.com/en/ski-resort/schilpario/,Italy,Lombardy,Bergamo,465,1135,1600,0.7,,"€ 22,-",slope+alt
Antermoia (San Martin de Tor),https://www.skiresort.com/en/ski-resort/antermoia-san-martin-de-tor/,Italy,Trentino-Alto Adige (Trentino-Südtirol),South Tyrol (Südtirol) / Val Badia (Gadertal),172,1524,1696,0.7,,,slope+alt
Moosberglift – Weißenbach am Lech,https://www.skiresort.com/en/ski-resort/moosberglift-weissenbach-am-lech/,Austria,Tyrol (Tirol),Außerfern / Naturparkregion Reutte,125,905,1030,0.7,,,slope
Schatzerlift – Kirchberg,https://www.skiresort.com/en/ski-resort/schatzerlift-kirchberg/,Austria,Tyrol (Tirol),Tiroler Unterland / Kitzbüheler Alpen / Brixental,54,824,878,0.7,,,slope
Krispl,https://www.skiresort.com/en/ski-resort/krispl/,Austria,Salzburg (Salzburger Land),Tennengau,120,919,1039,0.7,2,,slope
Petersberg (Monte S. Pietro),https://www.skiresort.com/en/ski-resort/petersberg-monte-s-pietro/,Italy,Trentino-Alto Adige (Trentino-Südtirol),South Tyrol (Südtirol) / Eggental Valley (Val D’ega),121,1355,1476,0.7,,,slope+alt
Archenstadel – Rinn,https://www.skiresort.com/en/ski-resort/archenstadel-rinn/,Austria,Tyrol (Tirol),Innsbruck region,86,918,1004,0.6,2,"€ 24,-",slope
Stinesser Lifte – Fischen i. Allgäu,https://www.skiresort.com/en/ski-resort/stinesser-lifte-fischen-i-allgaeu/,Germany,Bavaria (Bayern),Swabia (Schwaben) / Oberallgäu / Hörnerdörfer,130,761,891,0.6,,"€ 26,-",slope
Le Tourchet,https://www.skiresort.com/en/ski-resort/le-tourchet/,France,Auvergne-Rhône-Alpes,Savoie Mont Blanc / Haute-Savoie / Bonneville / Pays du Mont Blanc / Chamonix-Mont-Blanc,62,1007,1069,0.6,2,"€ 20,-",slope
Bukovnik,https://www.skiresort.com/en/ski-resort/bukovnik/,Slovenia,Carinthia (Koroška),,125,500,625,0.6,2,"€ 12,-",slope
Krinau,https://www.skiresort.com/en/ski-resort/krinau/,Switzerland,Eastern Switzerland,St. Gallen / Toggenburg,88,820,908,0.6,,,slope
Casaccia,https://www.skiresort.com/en/ski-resort/casaccia/,Switzerland,Eastern Switzerland,Graubünden / Bregaglia Engadin,130,1471,1601,0.6,,"SFr. 35,- / approx. € 37,-",slope+alt
Bündalift – Davos,https://www.skiresort.com/en/ski-resort/buendalift-davos/,Switzerland,Eastern Switzerland,Graubünden / Davos Klosters,158,1556,1714,0.6,,"SFr. 35,- / approx. € 37,-",slope+alt
Schanz – Fischbach,https://www.skiresort.com/en/ski-resort/schanz-fischbach/,Austria,Styria (Steiermark),Oststeiermark / Joglland-Waldheimat,80,1170,1250,0.6,,"€ 18,-",slope+alt
Mojstrana,https://www.skiresort.com/en/ski-resort/mojstrana/,Slovenia,Gorenjska (Upper Carniola),,120,650,770,0.6,,"€ 21,-",slope
Kolsassberg,https://www.skiresort.com/en/ski-resort/kolsassberg/,Austria,Tyrol (Tirol),Silberregion Karwendel,60,750,810,0.6,2,"€ 28,-",slope
Hrastlift – Feistritz an der Gail,https://www.skiresort.com/en/ski-resort/hrastlift-feistritz-an-der-gail/,Austria,Carinthia (Kärnten),Nassfeld-Pressegger See,120,550,670,0.6,,"€ 29,-",slope
Sonnenberglift – Gries im Sellrain,https://www.skiresort.com/en/ski-resort/sonnenberglift-gries-im-sellrain/,Austria,Tyrol (Tirol),Innsbruck region / Sellraintal,90,1185,1275,0.6,2,€ 19.50,slope+alt
Mitteldorflift – Döllach (Großkirchheim),https://www.skiresort.com/en/ski-resort/mitteldorflift-doellach-grosskirchheim/,Austria,Carinthia (Kärnten),Upper Carinthia (Oberkärnten) / Spittal an der Drau / Mölltal,85,1060,1145,0.6,,€ 12.50,slope
Fellachlift – Virgen,https://www.skiresort.com/en/ski-resort/fellachlift-virgen/,Austria,Tyrol (Tirol),Osttirol (East Tyrol) / Virgental,80,1110,1190,0.6,,"€ 16,-",slope+alt
Stadtwaldlift – Rottenmann,https://www.skiresort.com/en/ski-resort/stadtwaldlift-rottenmann/,Austria,Styria (Steiermark),Murtal,122,788,910,0.6,,,slope
Chrachenhütte – Blumenstein,https://www.skiresort.com/en/ski-resort/chrachenhuette-blumenstein/,Switzerland,Espace Mittelland,Bern,93,739,832,0.6,,,slope
Baumschlagerberg – Vorderstoder,https://www.skiresort.com/en/ski-resort/baumschlagerberg-vorderstoder/,Austria,Upper Austria (Oberösterreich),Steyr-Kirchdorf / Kirchdorf an der Krems / Pyhrn-Priel / Stodertal,153,829,982,0.6,,,slope
Dzora – Lourtier,https://www.skiresort.com/en/ski-resort/dzora-lourtier/,Switzerland,Lemanic Region,Valais (Wallis) / Val de Bagnes,88,1100,1188,0.6,,,slope+alt
Saint Nizier du Moucherotte,https://www.skiresort.com/en/ski-resort/saint-nizier-du-moucherotte/,France,Auvergne-Rhône-Alpes,Isère / Grenoble,39,1161,1200,0.6,,,slope+alt
Laimerlift – St. Gilgen,https://www.skiresort.com/en/ski-resort/laimerlift-st-gilgen/,Austria,Salzburg (Salzburger Land),Salzkammergut / Lake Wolfgang (Wolfgangsee),53,610,663,0.6,,,slope
Am Ried – Farchant,https://www.skiresort.com/en/ski-resort/am-ried-farchant/,Germany,Bavaria (Bayern),Upper Bavaria (Oberbayern) / Zugspitz Region / Zugspitzland,102,670,772,0.6,,"€ 17,-",slope
Bildhaus – Gommiswald am Ricken,https://www.skiresort.com/en/ski-resort/bildhaus-gommiswald-am-ricken/,Switzerland,Eastern Switzerland,St. Gallen,55,805,860,0.6,2,"SFr. 25,- / approx. € 27,-",slope
Cioss Prato – Bedretto,https://www.skiresort.com/en/ski-resort/cioss-prato-bedretto/,Switzerland,Ticino,Bellinzonese and Upper Ticino / Valle Leventina / Val Bedretto (Bedrettotal),60,1550,1610,0.6,2,"SFr. 19,- / approx. € 20,-",slope+alt
Burglift – Stans,https://www.skiresort.com/en/ski-resort/burglift-stans/,Austria,Tyrol (Tirol),Silberregion Karwendel,130,560,690,0.5,3,"€ 30,-",slope
Castelrotto (Kastelruth),https://www.skiresort.com/en/ski-resort/castelrotto-kastelruth/,Italy,Trentino-Alto Adige (Trentino-Südtirol),South Tyrol (Südtirol) / Seiser Alm,62,1092,1154,0.5,3,,slope
Rabenkopf – Oberau,https://www.skiresort.com/en/ski-resort/rabenkopf-oberau/,Germany,Bavaria (Bayern),Upper Bavaria (Oberbayern) / Zugspitz Region / Zugspitzland,78,682,760,0.5,,"€ 17,-",slope
Piani di Artavaggio – Moggio,https://www.skiresort.com/en/ski-resort/piani-di-artavaggio-moggio/,Italy,Lombardy,Lecco,19,1625,1644,0.5,5,"€ 30,-",slope+alt
Pusterwald,https://www.skiresort.com/en/ski-resort/pusterwald/,Austria,Styria (Steiermark),Murtal,132,1080,1212,0.5,,"€ 15,-",slope+alt
Alfaierlift – Gschnitz,https://www.skiresort.com/en/ski-resort/alfaierlift-gschnitz/,Austria,Tyrol (Tirol),Innsbruck / Innsbruck-Land / Wipptal,85,1265,1350,0.5,,,slope+alt
Saas-Balen,https://www.skiresort.com/en/ski-resort/saas-balen/,Switzerland,Lemanic Region,Valais (Wallis) / Saas-Fee/​Saastal,49,1472,1521,0.5,,"SFr. 16,- / approx. € 17,-",slope+alt
Les Chosalets,https://www.skiresort.com/en/ski-resort/les-chosalets/,France,Auvergne-Rhône-Alpes,Savoie Mont Blanc / Haute-Savoie / Bonneville / Pays du Mont Blanc / Chamonix-Mont-Blanc,90,1200,1290,0.5,2,"€ 19,-",slope+alt
Vögelsberg (Wattens),https://www.skiresort.com/en/ski-resort/voegelsberg-wattens/,Austria,Tyrol (Tirol),Innsbruck / Innsbruck-Land / Hall-Wattens Region,105,869,974,0.5,2,€ 19.50,slope
Mühldorf,https://www.skiresort.com/en/ski-resort/muehldorf/,Austria,Carinthia (Kärnten),Upper Carinthia (Oberkärnten) / Spittal an der Drau / Mölltal,60,620,680,0.5,,"€ 10,-",slope
Lanalift – Anras,https://www.skiresort.com/en/ski-resort/lanalift-anras/,Austria,Tyrol (Tirol),Osttirol (East Tyrol) / East Tyrolean Hochpustertal,110,1265,1375,0.5,,"€ 13,-",slope+alt
Rietschach – Dellach im Drautal,https://www.skiresort.com/en/ski-resort/rietschach-dellach-im-drautal/,Austria,Carinthia (Kärnten),Upper Carinthia (Oberkärnten) / Spittal an der Drau / Outdoorpark Oberdrautal,76,703,779,0.5,,"€ 15,-",slope
Riesenlehen – St. Georgen am Reith,https://www.skiresort.com/en/ski-resort/riesenlehen-st-georgen-am-reith/,Austria,Lower Austria (Niederösterreich),Mostviertel / Amstetten,120,505,625,0.5,,"€ 14,-",slope
Gries (Längenfeld),https://www.skiresort.com/en/ski-resort/gries-laengenfeld/,Austria,Tyrol (Tirol),Tiroler Oberland (region) / Imst (District) / Ötztal,66,1597,1663,0.5,,"€ 25,-",slope+alt
Grünsteinlift – Schönau am Königssee,https://www.skiresort.com/en/ski-resort/gruensteinlift-schoenau-am-koenigssee/,Germany,Bavaria (Bayern),Upper Bavaria (Oberbayern) / Berchtesgadener Land,120,642,762,0.5,,"€ 24,-",slope
Kobla – Bohinj,https://www.skiresort.com/en/ski-resort/kobla-bohinj/,Slovenia,Gorenjska (Upper Carniola),,78,555,633,0.5,,"€ 20,-",slope
"Neuleutasch (Leutasch) <span class=""closed-resort red""> (temporarily closed)</span>",https://www.skiresort.com/en/ski-resort/neuleutasch-leutasch/,Austria,Tyrol (Tirol),Innsbruck / Innsbruck-Land / Region Seefeld – Tirols Hochplateau,67,1222,1289,0.5,,"€ 18,-",slope+alt
"Raffelmoos – Elbach (Fischbachau) <span class=""closed-resort red""> (temporarily closed)</span>",https://www.skiresort.com/en/ski-resort/raffelmoos-elbach-fischbachau/,Germany,Bavaria (Bayern),Upper Bavaria (Oberbayern) / Tegernsee-Schliersee,80,834,914,0.5,,"€ 15,-",slope
Amberglift – Walchsee,https://www.skiresort.com/en/ski-resort/amberglift-walchsee/,Austria,Tyrol (Tirol),Tiroler Unterland / Kaiserwinkl,90,660,750,0.5,,"€ 26,-",slope
La Lorette – Bourg-Saint-Pierre,https://www.skiresort.com/en/ski-resort/la-lorette-bourg-saint-pierre/,Switzerland,Lemanic Region,Valais (Wallis) / Pays du St-Bernard,65,1578,1643,0.5,,"SFr. 15,- / approx. € 16,-",slope+alt
Gadmen,https://www.skiresort.com/en/ski-resort/gadmen/,Switzerland,Espace Mittelland,Bern / Bernese Oberland / Haslital,88,1203,1291,0.5,,"SFr. 18,- / approx. € 19,-",slope+alt
Rhêmes Notre Dame,https://www.skiresort.com/en/ski-resort/rhemes-notre-dame/,Italy,Aosta Valley (Valle d'Aosta),Gran Paradiso,27,1732,1759,0.5,3,"€ 19,-",slope+alt
Cogolo,https://www.skiresort.com/en/ski-resort/cogolo/,Italy,Trentino-Alto Adige (Trentino-Südtirol),Trentino / Val di Sole (Sole Valley),73,1180,1253,0.5,2,,slope+alt
Sonnenlift Axams,https://www.skiresort.com/en/ski-resort/sonnenlift-axams/,Austria,Tyrol (Tirol),Innsbruck region,90,910,1000,0.5,,,slope
Kreuthlift – Bad Oberdorf,https://www.skiresort.com/en/ski-resort/kreuthlift-bad-oberdorf/,Germany,Bavaria (Bayern),Swabia (Schwaben) / Oberallgäu,50,840,890,0.5,,,slope
Katschwald (Obdach),https://www.skiresort.com/en/ski-resort/katschwald-obdach/,Austria,Styria (Steiermark),Murtal,77,1200,1277,0.5,,,slope+alt
Bachrain – Golling an der Salzach,https://www.skiresort.com/en/ski-resort/bachrain-golling-an-der-salzach/,Austria,Salzburg (Salzburger Land),Tennengau,55,845,900,0.5,2,,slope
Galtwiesen – Wald im Pitztal,https://www.skiresort.com/en/ski-resort/galtwiesen-wald-im-pitztal/,Austria,Tyrol (Tirol),Tiroler Oberland (region) / Imst (District) / Pitztal,93,1187,1280,0.5,,,slope+alt
Mühlegglift – Hopfgarten in Defereggen,https://www.skiresort.com/en/ski-resort/muehlegglift-hopfgarten-in-defereggen/,Austria,Tyrol (Tirol),Osttirol (East Tyrol) / Deferreggen Valley (Defereggental),58,1097,1155,0.5,,,slope
Reitdorf (Flachau),https://www.skiresort.com/en/ski-resort/reitdorf-flachau/,Austria,Salzburg (Salzburger Land),Pongau / Salzburger Sportwelt,65,880,945,0.5,,,slope
Rossbachlift – Nassereith,https://www.skiresort.com/en/ski-resort/rossbachlift-nassereith/,Austria,Tyrol (Tirol),Tiroler Oberland (region) / Imst (District) / Imst,137,905,1042,0.5,,,slope
Cui Dariolo – Malesco,https://www.skiresort.com/en/ski-resort/cui-dariolo-malesco/,Italy,Piedmont (Piemonte),Verbano-Cusio-Ossola,123,793,916,0.5,,,slope
Westernberg (Ruhpolding),https://www.skiresort.com/en/ski-resort/westernberg-ruhpolding/,Germany,Bavaria (Bayern),Upper Bavaria (Oberbayern) / Chiemgau,80,670,750,0.5,2,€ 21.50,slope
Rudno – Železniki,https://www.skiresort.com/en/ski-resort/rudno-zelezniki/,Slovenia,Gorenjska (Upper Carniola),,81,490,571,0.5,2,"€ 17,-",slope
Kalte Kuchl – Innerhalbach,https://www.skiresort.com/en/ski-resort/kalte-kuchl-innerhalbach/,Austria,Lower Austria (Niederösterreich),Mostviertel / Lilienfeld,46,713,759,0.5,2,"€ 10,-",slope
Annerlbauer – Krieglach,https://www.skiresort.com/en/ski-resort/annerlbauer-krieglach/,Austria,Styria (Steiermark),Hochsteiermark / Mürztal,56,870,926,0.5,2,"€ 26,-",slope
Bedrina Dalpe,https://www.skiresort.com/en/ski-resort/bedrina-dalpe/,Switzerland,Ticino,Bellinzonese and Upper Ticino / Valle Leventina,36,1212,1248,0.5,2,,slope+alt
Zatrnik,https://www.skiresort.com/en/ski-resort/zatrnik/,Slovenia,Gorenjska (Upper Carniola),,70,910,980,0.5,3,"€ 12,-",slope
Rettenbach (Bernstein),https://www.skiresort.com/en/ski-resort/rettenbach-bernstein/,Austria,Burgenland,Southern Burgenland / Oberwart,82,458,540,0.5,2,€ 8.50,slope
Maiergschwendt (Ruhpolding),https://www.skiresort.com/en/ski-resort/maiergschwendt-ruhpolding/,Germany,Bavaria (Bayern),Upper Bavaria (Oberbayern) / Chiemgau,40,710,750,0.5,2,"€ 16,-",slope
Petersthal – Oy-Mittelberg,https://www.skiresort.com/en/ski-resort/petersthal-oy-mittelberg/,Germany,Bavaria (Bayern),Swabia (Schwaben) / Oberallgäu,20,885,905,0.5,,"€ 9,-",slope
Trachselwald,https://www.skiresort.com/en/ski-resort/trachselwald/,Switzerland,Espace Mittelland,Bern / Emmental,53,697,750,0.5,,"SFr. 10,- / approx. € 11,-",slope
Astenlift – St. Veit im Pongau,https://www.skiresort.com/en/ski-resort/astenlift-st-veit-im-pongau/,Austria,Salzburg (Salzburger Land),Pongau,20,750,770,0.5,,,slope
Pommernlift – Inzell,https://www.skiresort.com/en/ski-resort/pommernlift-inzell/,Germany,Bavaria (Bayern),Upper Bavaria (Oberbayern) / Chiemgau,45,740,785,0.5,,,slope
Aschaulift – Koppl,https://www.skiresort.com/en/ski-resort/aschaulift-koppl/,Austria,Salzburg (Salzburger Land),Salzkammergut / Lake Fuschl (Fuschlsee),15,765,780,0.5,2,,slope
Kramsach,https://www.skiresort.com/en/ski-resort/kramsach/,Austria,Tyrol (Tirol),Tiroler Unterland / Kufstein / Holiday Region Alpbachtal,75,575,650,0.4,2,"€ 25,-",slope
Böglerlift – Alpbach,https://www.skiresort.com/en/ski-resort/boeglerlift-alpbach/,Austria,Tyrol (Tirol),Tiroler Unterland / Kufstein / Holiday Region Alpbachtal,60,987,1047,0.4,,€ 71.50,slope
Oberzeiring (Pölstal),https://www.skiresort.com/en/ski-resort/oberzeiring-poelstal/,Austria,Styria (Steiermark),Murtal,48,944,992,0.4,,"€ 21,-",slope
Kanterlift – Kartitsch,https://www.skiresort.com/en/ski-resort/kanterlift-kartitsch/,Austria,Tyrol (Tirol),Osttirol (East Tyrol) / East Tyrolean Hochpustertal,97,1322,1419,0.4,,"€ 49,-",slope+alt
Waldrastlift – Ehenbichl,https://www.skiresort.com/en/ski-resort/waldrastlift-ehenbichl/,Austria,Tyrol (Tirol),Außerfern / Naturparkregion Reutte,115,850,965,0.4,,"€ 20,-",slope
Wildstättlift – Wattenberg,https://www.skiresort.com/en/ski-resort/wildstaettlift-wattenberg/,Austria,Tyrol (Tirol),Innsbruck / Innsbruck-Land / Hall-Wattens Region,117,1200,1317,0.4,,"€ 10,-",slope+alt
Wilern (Binn),https://www.skiresort.com/en/ski-resort/wilern-binn/,Switzerland,Lemanic Region,Valais (Wallis) / Goms,115,1427,1542,0.4,,"SFr. 10,- / approx. € 11,-",slope+alt
Kienleitenlift – Brandenberg,https://www.skiresort.com/en/ski-resort/kienleitenlift-brandenberg/,Austria,Tyrol (Tirol),Tiroler Unterland / Kufstein / Holiday Region Alpbachtal,66,916,982,0.4,,"€ 12,-",slope
Beckenhalde – St. Gallen,https://www.skiresort.com/en/ski-resort/beckenhalde-st-gallen/,Switzerland,Eastern Switzerland,St. Gallen / St. Gallen-Bodensee,90,764,854,0.4,,"SFr. 19,- / approx. € 20,-",slope
Schnee-Erlebnisland Flattach,https://www.skiresort.com/en/ski-resort/schnee-erlebnisland-flattach/,Austria,Carinthia (Kärnten),Upper Carinthia (Oberkärnten) / Spittal an der Drau / Mölltal,70,718,788,0.4,,"€ 15,-",slope
Oberhelfenschwil,https://www.skiresort.com/en/ski-resort/oberhelfenschwil/,Switzerland,Eastern Switzerland,St. Gallen / Toggenburg,68,798,866,0.4,,"SFr. 22,- / approx. € 23,-",slope
Zenitzen – Winklern,https://www.skiresort.com/en/ski-resort/zenitzen-winklern/,Austria,Carinthia (Kärnten),Upper Carinthia (Oberkärnten) / Spittal an der Drau,56,924,980,0.4,,€ 12.50,slope
Hörnli – Hemberg-Bächli,https://www.skiresort.com/en/ski-resort/hoernli-hemberg-baechli/,Switzerland,Eastern Switzerland,St. Gallen / Toggenburg,80,890,970,0.4,,"SFr. 25,- / approx. € 27,-",slope
Langmattli – Hergiswil,https://www.skiresort.com/en/ski-resort/langmattli-hergiswil/,Switzerland,Central Switzerland,Nidwalden,108,838,946,0.4,,"SFr. 12,- / approx. € 13,-",slope
Eichfeldlift – Turnau,https://www.skiresort.com/en/ski-resort/eichfeldlift-turnau/,Austria,Styria (Steiermark),Hochsteiermark,66,784,850,0.4,,"€ 25,-",slope
Krößbach,https://www.skiresort.com/en/ski-resort/kroessbach/,Austria,Tyrol (Tirol),Innsbruck / Innsbruck-Land / Stubai,66,1102,1168,0.4,,€ 25.50,slope
Les Prévondes,https://www.skiresort.com/en/ski-resort/les-prevondes/,Switzerland,Lemanic Region,Waadt,103,987,1090,0.4,,"SFr. 10,- / approx. € 11,-",slope
Hammerbodenlift – Großreifling (Landl),https://www.skiresort.com/en/ski-resort/hammerbodenlift-grossreifling-landl/,Austria,Styria (Steiermark),Liezen / Alpenregion Nationalpark Gesäuse,112,489,601,0.4,,,slope
Ramudla – Matsch (Mazia),https://www.skiresort.com/en/ski-resort/ramudla-matsch-mazia/,Italy,Trentino-Alto Adige (Trentino-Südtirol),South Tyrol (Südtirol) / Venosta Valley (Vinschgau) / Upper Venosta Valley (Obervinschgau),72,1786,1858,0.4,,,slope+alt
Fahrendorf (Velden),https://www.skiresort.com/en/ski-resort/fahrendorf-velden/,Austria,Carinthia (Kärnten),Klagenfurt-Villach / Villach-Land,51,535,586,0.4,,,slope
Schöder,https://www.skiresort.com/en/ski-resort/schoeder/,Austria,Styria (Steiermark),Murtal / Europe / Austria / Styria (Steiermark) / Murau,63,892,955,0.4,,,slope
Sonnenberglift – Milders,https://www.skiresort.com/en/ski-resort/sonnenberglift-milders/,Austria,Tyrol (Tirol),Innsbruck / Innsbruck-Land / Stubai,112,1037,1149,0.4,,,slope
Stockerfeldlift Mößna – St. Nikolai im Sölktal (Sölk),https://www.skiresort.com/en/ski-resort/stockerfeldlift-moessna-st-nikolai-im-soelktal-soelk/,Austria,Styria (Steiermark),Liezen / Schladming-Dachstein / Sölktal,95,1001,1096,0.4,,,slope
Mittlerwengi – Kaltbrunn,https://www.skiresort.com/en/ski-resort/mittlerwengi-kaltbrunn/,Switzerland,Eastern Switzerland,St. Gallen,100,1153,1253,0.4,,,slope+alt
"Bungerloch – Tarrenz <span class=""closed-resort red""> (temporarily closed)</span>",https://www.skiresort.com/en/ski-resort/bungerloch-tarrenz/,Austria,Tyrol (Tirol),Tiroler Oberland (region) / Imst (District) / Imst,100,850,950,0.4,,,slope
Bedea – Novaggio,https://www.skiresort.com/en/ski-resort/bedea-novaggio/,Switzerland,Ticino,,67,625,692,0.4,,,slope
Hochgallmigg,https://www.skiresort.com/en/ski-resort/hochgallmigg/,Austria,Tyrol (Tirol),Tiroler Oberland (region) / Landeck / Tirol West,115,1365,1480,0.4,,,slope+alt
Encijan,https://www.skiresort.com/en/ski-resort/encijan/,Slovenia,Goriška,,55,630,685,0.4,2,,slope
Hartmannsdorf,https://www.skiresort.com/en/ski-resort/hartmannsdorf/,Austria,Styria (Steiermark),Weiz,59,346,405,0.4,2,,slope
Mugi – Netstal,https://www.skiresort.com/en/ski-resort/mugi-netstal/,Switzerland,Eastern Switzerland,Glarus,80,465,545,0.4,2,"SFr. 10,- / approx. € 11,-",slope
Mottalift – Serneus,https://www.skiresort.com/en/ski-resort/mottalift-serneus/,Switzerland,Eastern Switzerland,Graubünden / Davos Klosters,15,999,1014,0.4,,"SFr. 15,- / approx. € 16,-",slope
Rossa,https://www.skiresort.com/en/ski-resort/rossa/,Switzerland,Eastern Switzerland,Graubünden / San Bernardino Mesolcina Calanca / Val Calanca (Calancatal),64,1082,1146,0.4,2,"SFr. 15,- / approx. € 16,-",slope
Balsberg – Unterwössen,https://www.skiresort.com/en/ski-resort/balsberg-unterwoessen/,Germany,Bavaria (Bayern),Upper Bavaria (Oberbayern) / Chiemgau,45,570,615,0.4,,"€ 7,-",slope
Baldramsdorf,https://www.skiresort.com/en/ski-resort/baldramsdorf/,Austria,Carinthia (Kärnten),Upper Carinthia (Oberkärnten) / Millstätter See,67,587,654,0.4,,,slope
Stauderlift – Innervillgraten,https://www.skiresort.com/en/ski-resort/stauderlift-innervillgraten/,Austria,Tyrol (Tirol),Osttirol (East Tyrol) / East Tyrolean Hochpustertal,41,1399,1440,0.4,,,slope+alt
"Wildmooslift – Oberau (Berchtesgaden) <span class=""closed-resort red""> (temporarily closed)</span>",https://www.skiresort.com/en/ski-resort/wildmooslift-oberau-berchtesgaden/,Germany,Bavaria (Bayern),Upper Bavaria (Oberbayern) / Berchtesgadener Land,44,836,880,0.4,,,slope
Tannerfeld – Bayrischzell,https://www.skiresort.com/en/ski-resort/tannerfeld-bayrischzell/,Germany,Bavaria (Bayern),Upper Bavaria (Oberbayern) / Tegernsee-Schliersee,18,797,815,0.3,,"€ 15,-",slope
Hütten – Bizau,https://www.skiresort.com/en/ski-resort/huetten-bizau/,Austria,Vorarlberg,Bregenz / Bregenzerwald,24,742,766,0.3,,"€ 6,-",slope
Sternenberg – Rossweid,https://www.skiresort.com/en/ski-resort/sternenberg-rossweid/,Switzerland,Zürich,,47,837,884,0.3,,"SFr. 10,- / approx. € 11,-",slope
Balme di Lanzo,https://www.skiresort.com/en/ski-resort/balme-di-lanzo/,Italy,Piedmont (Piemonte),Turin (Torino),60,1452,1512,0.3,,"€ 5,-",slope+alt
Feichten,https://www.skiresort.com/en/ski-resort/feichten/,Austria,Tyrol (Tirol),Tiroler Oberland (region) / Landeck / Tiroler Oberland,35,1275,1310,0.3,,"€ 19,-",slope+alt
Telli – Morschach,https://www.skiresort.com/en/ski-resort/telli-morschach/,Switzerland,Central Switzerland,Schwyz,36,640,676,0.3,2,"SFr. 14,- / approx. € 15,-",slope
Pragelato,https://www.skiresort.com/en/ski-resort/pragelato/,Italy,Piedmont (Piemonte),Turin (Torino) / Val Chisone,52,1532,1584,0.3,,"€ 15,-",slope+alt
Notre-Dame-de-Vaulx,https://www.skiresort.com/en/ski-resort/notre-dame-de-vaulx/,France,Auvergne-Rhône-Alpes,Isère / Grenoble,55,1030,1085,0.3,,€ 2.50,slope
Hampy – Adelboden,https://www.skiresort.com/en/ski-resort/hampy-adelboden/,Switzerland,Espace Mittelland,Bern / Bernese Oberland / Adelboden-Frutigen,62,1289,1351,0.3,,"SFr. 28,- / approx. € 30,-",slope+alt
Schnabelsberg – Bennau (Einsiedeln),https://www.skiresort.com/en/ski-resort/schnabelsberg-bennau-einsiedeln/,Switzerland,Central Switzerland,Schwyz / Mythen Region,70,950,1020,0.3,,"SFr. 17,- / approx. € 18,-",slope
Hubelweid – Heiligenschwendi,https://www.skiresort.com/en/ski-resort/hubelweid-heiligenschwendi/,Switzerland,Espace Mittelland,Bern / Lake Thun (Thunersee),50,1102,1152,0.3,,"SFr. 20,- / approx. € 21,-",slope
La Magdeleine,https://www.skiresort.com/en/ski-resort/la-magdeleine/,Italy,Aosta Valley (Valle d'Aosta),Matterhorn (Monte Cervino),30,1667,1697,0.3,3,"€ 10,-",slope+alt
Ochsengarten – Paternion,https://www.skiresort.com/en/ski-resort/ochsengarten-paternion/,Austria,Carinthia (Kärnten),Villach Region,13,582,595,0.3,2,"€ 13,-",slope
Happylift – Semmering,https://www.skiresort.com/en/ski-resort/happylift-semmering/,Austria,Lower Austria (Niederösterreich),Wiener Alpen / Europe / Austria / Styria (Steiermark) / Hochsteiermark,60,1010,1070,0.3,,"€ 26,-",slope
Pfannilift – Neuhaus (Schliersee),https://www.skiresort.com/en/ski-resort/pfannilift-neuhaus-schliersee/,Germany,Bavaria (Bayern),Upper Bavaria (Oberbayern) / Tegernsee-Schliersee,42,840,882,0.3,,"€ 10,-",slope
Schäffern,https://www.skiresort.com/en/ski-resort/schaeffern/,Austria,Styria (Steiermark),Oststeiermark,98,628,726,0.3,,,slope
Lainach (Rangersdorf),https://www.skiresort.com/en/ski-resort/lainach-rangersdorf/,Austria,Carinthia (Kärnten),Upper Carinthia (Oberkärnten) / Spittal an der Drau / Mölltal,88,862,950,0.3,,,slope
Haidenhoflift – Lienz,https://www.skiresort.com/en/ski-resort/haidenhoflift-lienz/,Austria,Tyrol (Tirol),Osttirol (East Tyrol) / Lienz Dolomites,34,697,731,0.3,,,slope
Rettenegg,https://www.skiresort.com/en/ski-resort/rettenegg/,Austria,Styria (Steiermark),Oststeiermark / Joglland-Waldheimat,44,881,925,0.3,,,slope
Rodel Jet – Flachau,https://www.skiresort.com/en/ski-resort/rodel-jet-flachau/,Austria,Salzburg (Salzburger Land),Pongau / Salzburger Sportwelt,42,901,943,0.3,,,slope
Bruggen (Greifenburg),https://www.skiresort.com/en/ski-resort/bruggen-greifenburg/,Austria,Carinthia (Kärnten),Upper Carinthia (Oberkärnten) / Spittal an der Drau / Outdoorpark Oberdrautal,70,590,660,0.3,,,slope
Flirsch,https://www.skiresort.com/en/ski-resort/flirsch/,Austria,Tyrol (Tirol),Tiroler Oberland (region) / Landeck / St. Anton am Arlberg,59,1157,1216,0.3,,,slope+alt
Lochwiesen – Tiefenbach,https://www.skiresort.com/en/ski-resort/lochwiesen-tiefenbach/,Germany,Bavaria (Bayern),Swabia (Schwaben) / Oberallgäu,45,849,894,0.3,,,slope
Gaisrückleiten – Wiesen,https://www.skiresort.com/en/ski-resort/gaisrueckleiten-wiesen/,Austria,Burgenland,Northern Burgenland / Mattersburg,40,340,380,0.3,,,slope
Walchlift – Oberpiller,https://www.skiresort.com/en/ski-resort/walchlift-oberpiller/,Austria,Tyrol (Tirol),Tiroler Oberland (region) / Imst (District) / Pitztal / Europe / Austria / Tyrol (Tirol) / Tiroler Oberland (region) / Landeck / Tirol West,34,1370,1404,0.3,,,slope+alt
Stadlhof – Falkenstein,https://www.skiresort.com/en/ski-resort/stadlhof-falkenstein/,Austria,Styria (Steiermark),Oststeiermark / Joglland-Waldheimat,44,876,920,0.3,,,slope
Turcio,https://www.skiresort.com/en/ski-resort/turcio/,Italy,Venetia (Veneto),Vicenza / Asiago,40,1095,1135,0.3,,,slope
Ohlstadt,https://www.skiresort.com/en/ski-resort/ohlstadt/,Germany,Bavaria (Bayern),Upper Bavaria (Oberbayern) / Garmisch-Partenkirchen,37,717,754,0.3,,€ 3.50,slope
Jardin des Neiges – Château-d'Œx,https://www.skiresort.com/en/ski-resort/jardin-des-neiges-chateau-doex/,Switzerland,Lemanic Region,Waadt,13,920,933,0.3,3,"SFr. 5,- / approx. € 5,-",slope
Gramais,https://www.skiresort.com/en/ski-resort/gramais/,Austria,Tyrol (Tirol),Reutte / Lechtal,60,1330,1390,0.3,,"€ 15,-",slope+alt
Fanas,https://www.skiresort.com/en/ski-resort/fanas/,Switzerland,Eastern Switzerland,Graubünden / Prättigau / «,21,910,931,0.3,,"SFr. 4,- / approx. € 4,-",slope
Luče,https://www.skiresort.com/en/ski-resort/luce/,Slovenia,Savinjska,,70,525,595,0.3,,"€ 10,-",slope
Nollen – Hosenruck (Wuppenau),https://www.skiresort.com/en/ski-resort/nollen-hosenruck-wuppenau/,Switzerland,Eastern Switzerland,Thurgau,38,687,725,0.3,,"SFr. 15,- / approx. € 16,-",slope
Steinrückenlift – Ettenhausen (Schleching),https://www.skiresort.com/en/ski-resort/steinrueckenlift-ettenhausen-schleching/,Germany,Bavaria (Bayern),Upper Bavaria (Oberbayern) / Chiemgau,46,587,633,0.3,,"€ 7,-",slope
Hallstatt,https://www.skiresort.com/en/ski-resort/hallstatt/,Austria,Upper Austria (Oberösterreich),Salzkammergut / Dachstein-Salzkammergut,30,522,552,0.3,,"€ 6,-",slope
LiFu – Furom,https://www.skiresort.com/en/ski-resort/lifu-furom/,Switzerland,Eastern Switzerland,Graubünden / Engadin Samnaun Val Müstair,29,1611,1640,0.3,,"SFr. 10,- / approx. € 11,-",slope+alt
Bügls – S-chanf,https://www.skiresort.com/en/ski-resort/buegls-s-chanf/,Switzerland,Eastern Switzerland,Graubünden / Engadin St. Moritz,25,1670,1695,0.3,,"SFr. 10,- / approx. € 11,-",slope+alt
Blatten – Speicher,https://www.skiresort.com/en/ski-resort/blatten-speicher/,Switzerland,Eastern Switzerland,Appenzellerland / Appenzell Ausserrhoden,35,919,954,0.3,,"SFr. 14,- / approx. € 15,-",slope
Bad Häring,https://www.skiresort.com/en/ski-resort/bad-haering/,Austria,Tyrol (Tirol),Tiroler Unterland / Kufstein / Kufsteinerland,35,650,685,0.3,,€ 7.50,slope
Lucky – Aeschi,https://www.skiresort.com/en/ski-resort/lucky-aeschi/,Switzerland,Espace Mittelland,Bern,30,860,890,0.3,,"SFr. 15,- / approx. € 16,-",slope
Barmsee (Krün),https://www.skiresort.com/en/ski-resort/barmsee-kruen/,Germany,Bavaria (Bayern),Upper Bavaria (Oberbayern) / Zugspitz Region / Alpenwelt Karwendel,50,900,950,0.3,,"€ 5,-",slope
Schlösslihang – St. Gallen,https://www.skiresort.com/en/ski-resort/schloesslihang-st-gallen/,Switzerland,Eastern Switzerland,St. Gallen / St. Gallen-Bodensee,37,686,723,0.3,2,"SFr. 16,- / approx. € 17,-",slope
Platzhaus-Leit'n – Stuhlfelden,https://www.skiresort.com/en/ski-resort/platzhaus-leitn-stuhlfelden/,Austria,Salzburg (Salzburger Land),Pinzgau,47,811,858,0.3,,€ 8.70,slope
Tschagäl – Schaan,https://www.skiresort.com/en/ski-resort/tschagael-schaan/,Liechtenstein,,,31,549,580,0.3,,,slope
"Gedersberg – Seiersberg <span class=""closed-resort red""> (temporarily closed)</span>",https://www.skiresort.com/en/ski-resort/gedersberg-seiersberg/,Austria,Styria (Steiermark),Graz-Umgebung,25,378,403,0.3,,,slope
Fuchslochbühel – Klösterle,https://www.skiresort.com/en/ski-resort/fuchslochbuehel-kloesterle/,Austria,Vorarlberg,Bludenz,12,1074,1086,0.3,,,slope
Tarasp,https://www.skiresort.com/en/ski-resort/tarasp/,Switzerland,Eastern Switzerland,Graubünden / Engadin Samnaun Val Müstair,40,1410,1450,0.3,,,slope+alt
Vals,https://www.skiresort.com/en/ski-resort/vals/,Austria,Tyrol (Tirol),Innsbruck / Innsbruck-Land / Wipptal,30,1340,1370,0.3,,,slope+alt
Walenstadtberg,https://www.skiresort.com/en/ski-resort/walenstadtberg/,Switzerland,Eastern Switzerland,Heidiland,80,850,930,0.3,,,slope
Boden (Pfafflar),https://www.skiresort.com/en/ski-resort/boden-pfafflar/,Austria,Tyrol (Tirol),Reutte / Lechtal,35,1335,1370,0.3,,,slope+alt
Ardez,https://www.skiresort.com/en/ski-resort/ardez/,Switzerland,Eastern Switzerland,Graubünden / Engadin Samnaun Val Müstair,50,1476,1526,0.3,,,slope+alt
Urnerboden,https://www.skiresort.com/en/ski-resort/urnerboden/,Switzerland,Central Switzerland,Uri,60,1360,1420,0.3,,,slope+alt
Riffenmatt Winterpark,https://www.skiresort.com/en/ski-resort/riffenmatt-winterpark/,Switzerland,Espace Mittelland,Bern,60,1080,1140,0.3,,,slope
"Crissolo – Monviso <span class=""closed-resort red""> (temporarily closed)</span>",https://www.skiresort.com/en/ski-resort/crissolo-monviso/,Italy,Piedmont (Piemonte),Cuneo,467,1333,1800,0.2,2,,slope+alt
Zugerberg,https://www.skiresort.com/en/ski-resort/zugerberg/,Switzerland,Central Switzerland,Zug,15,925,940,0.2,3,"SFr. 5,- / approx. € 5,-",slope
Floitenlift – Ginzling,https://www.skiresort.com/en/ski-resort/floitenlift-ginzling/,Austria,Tyrol (Tirol),Tiroler Unterland / Schwaz / Zillertal / Mayrhofen-Hippach,30,990,1020,0.2,,"€ 9,-",slope
Hinterfeld – Mösern (Telfs),https://www.skiresort.com/en/ski-resort/hinterfeld-moesern-telfs/,Austria,Tyrol (Tirol),Innsbruck / Innsbruck-Land / Region Seefeld – Tirols Hochplateau,30,1235,1265,0.2,,€ 28.50,slope+alt
St. Oyen Flassin,https://www.skiresort.com/en/ski-resort/st-oyen-flassin/,Italy,Aosta Valley (Valle d'Aosta),Great Saint Bernard (Gran San Bernardo),24,1374,1398,0.2,2,"€ 15,-",slope+alt
Schildhoflift – Ratschendorf,https://www.skiresort.com/en/ski-resort/schildhoflift-ratschendorf/,Austria,Styria (Steiermark),Südöststeiermark,29,256,285,0.2,,,slope
Dollwiese – Vienna,https://www.skiresort.com/en/ski-resort/dollwiese-vienna/,Austria,Vienna (Wien),,13,309,322,0.2,,,slope
Ausserschwand,https://www.skiresort.com/en/ski-resort/ausserschwand/,Switzerland,Espace Mittelland,Bern / Bernese Oberland / Adelboden-Frutigen,51,1341,1392,0.2,,,slope+alt
Pfalzen,https://www.skiresort.com/en/ski-resort/pfalzen/,Italy,Trentino-Alto Adige (Trentino-Südtirol),South Tyrol (Südtirol),48,1000,1048,0.2,2,,slope
Alpe Furx – Furx (Zwischenwasser),https://www.skiresort.com/en/ski-resort/alpe-furx-furx-zwischenwasser/,Austria,Vorarlberg,Bodensee-Vorarlberg,15,1135,1150,0.2,2,"€ 22,-",slope
Dicki – Weisslingen,https://www.skiresort.com/en/ski-resort/dicki-weisslingen/,Switzerland,Zürich,,37,576,613,0.2,,"SFr. 18,- / approx. € 19,-",slope
Saxeten – Pintli,https://www.skiresort.com/en/ski-resort/saxeten-pintli/,Switzerland,Espace Mittelland,Bern,27,1162,1189,0.2,,"SFr. 8,- / approx. € 8,-",slope+alt
Gries am Brenner,https://www.skiresort.com/en/ski-resort/gries-am-brenner/,Austria,Tyrol (Tirol),Innsbruck / Innsbruck-Land / Wipptal,13,1203,1216,0.2,,"€ 2,-",slope+alt
Goldiwil – Multenegg (Heiligenschwendi),https://www.skiresort.com/en/ski-resort/goldiwil-multenegg-heiligenschwendi/,Switzerland,Espace Mittelland,Bern / Lake Thun (Thunersee),11,1096,1107,0.2,,"SFr. 5,- / approx. € 5,-",slope
Sitzberg,https://www.skiresort.com/en/ski-resort/sitzberg/,Switzerland,Eastern Switzerland,Thurgau,30,770,800,0.2,,"SFr. 8,- / approx. € 8,-",slope
Randa,https://www.skiresort.com/en/ski-resort/randa/,Switzerland,Lemanic Region,Valais (Wallis) / Zermatt-Matterhorn,14,1421,1435,0.2,,"SFr. 8,- / approx. € 8,-",slope+alt
Wildberg – Schafbüel,https://www.skiresort.com/en/ski-resort/wildberg-schafbueel/,Switzerland,Zürich,,25,685,710,0.2,,"SFr. 15,- / approx. € 16,-",slope
Oberwald,https://www.skiresort.com/en/ski-resort/oberwald/,Switzerland,Lemanic Region,Valais (Wallis) / Obergoms,31,1373,1404,0.2,,"SFr. 7,- / approx. € 7,-",slope+alt
Norro-Lift – Adelboden,https://www.skiresort.com/en/ski-resort/norro-lift-adelboden/,Switzerland,Espace Mittelland,Bern / Bernese Oberland / Adelboden-Frutigen,27,1305,1332,0.2,,"SFr. 18,- / approx. € 19,-",slope+alt
Guttannen,https://www.skiresort.com/en/ski-resort/guttannen/,Switzerland,Espace Mittelland,Bern / Bernese Oberland / Haslital,41,1065,1106,0.2,,,slope
Obersdorf (Bad Mitterndorf),https://www.skiresort.com/en/ski-resort/obersdorf-bad-mitterndorf/,Austria,Salzkammergut,Ausseerland,9,811,820,0.2,,,slope
Tauchnerfeld – Stall,https://www.skiresort.com/en/ski-resort/tauchnerfeld-stall/,Austria,Carinthia (Kärnten),Upper Carinthia (Oberkärnten) / Spittal an der Drau / Mölltal,32,844,876,0.2,,,slope
Auf dem Ried – Burgberg,https://www.skiresort.com/en/ski-resort/auf-dem-ried-burgberg/,Germany,Bavaria (Bayern),Swabia (Schwaben) / Oberallgäu / Alpsee Grünten,14,968,982,0.2,,,slope
Kaisers,https://www.skiresort.com/en/ski-resort/kaisers/,Austria,Tyrol (Tirol),Reutte / Lechtal,17,1546,1563,0.2,,,slope+alt
"Astenlift – Bischofshofen <span class=""closed-resort red""> (temporarily closed)</span>",https://www.skiresort.com/en/ski-resort/astenlift-bischofshofen/,Austria,Salzburg (Salzburger Land),Sankt Johann im Pongau / Europe / Austria / Salzburg (Salzburger Land) / Pongau,25,575,600,0.2,,,slope
Bonderlen,https://www.skiresort.com/en/ski-resort/bonderlen/,Switzerland,Espace Mittelland,Bern / Bernese Oberland / Adelboden-Frutigen,10,1354,1364,0.2,,,slope+alt
Pradis-ci – Bedollo,https://www.skiresort.com/en/ski-resort/pradis-ci-bedollo/,Italy,Trentino-Alto Adige (Trentino-Südtirol),Trentino / Altopiano di Pine'/​Valle di Cembra,30,1020,1050,0.2,,,slope
Pfaring – Angerberg,https://www.skiresort.com/en/ski-resort/pfaring-angerberg/,Austria,Tyrol (Tirol),Tiroler Unterland / Kitzbüheler Alpen / Holiday Region Hohe Salve,30,650,680,0.2,,,slope
Orgevaux/Les Avants,https://www.skiresort.com/en/ski-resort/orgevaux-les-avants/,Switzerland,Lemanic Region,Waadt,44,1304,1348,0.2,,,slope+alt
Lukaslift – Grabs,https://www.skiresort.com/en/ski-resort/lukaslift-grabs/,Switzerland,Eastern Switzerland,St. Gallen,13,469,482,0.2,,,slope
Oberau (Berchtesgaden),https://www.skiresort.com/en/ski-resort/oberau-berchtesgaden/,Germany,Bavaria (Bayern),Upper Bavaria (Oberbayern) / Berchtesgadener Land,30,730,760,0.2,,,slope
Etmißl (Thörl),https://www.skiresort.com/en/ski-resort/etmissl-thoerl/,Austria,Styria (Steiermark),Hochsteiermark / Alpenregion Hochschwab,74,723,797,0.2,,,slope
Langkampfen,https://www.skiresort.com/en/ski-resort/langkampfen/,Austria,Tyrol (Tirol),Tiroler Unterland / Kufstein / Kufsteinerland,16,500,516,0.2,,,slope
Weisstannen,https://www.skiresort.com/en/ski-resort/weisstannen/,Switzerland,Eastern Switzerland,Heidiland,38,984,1022,0.2,,,slope
Schermtanne – Stiegelschwand,https://www.skiresort.com/en/ski-resort/schermtanne-stiegelschwand/,Switzerland,Espace Mittelland,Bern / Bernese Oberland / Adelboden-Frutigen,28,1481,1509,0.2,,,slope+alt
Täsch,https://www.skiresort.com/en/ski-resort/taesch/,Switzerland,Lemanic Region,Valais (Wallis) / Zermatt-Matterhorn,13,1445,1458,0.2,,,slope+alt
Moosenlift – Uttendorf,https://www.skiresort.com/en/ski-resort/moosenlift-uttendorf/,Austria,Salzburg (Salzburger Land),Pinzgau / Europe / Austria / Salzburg (Salzburger Land) / Zell am See,23,794,817,0.2,,,slope
Idealhanglift Niederdorf – Obermaiselstein,https://www.skiresort.com/en/ski-resort/idealhanglift-niederdorf-obermaiselstein/,Germany,Bavaria (Bayern),Swabia (Schwaben) / Oberallgäu / Hörnerdörfer,21,829,850,0.2,,,slope
Astenberg – Wiesing,https://www.skiresort.com/en/ski-resort/astenberg-wiesing/,Austria,Tyrol (Tirol),Tiroler Unterland / Schwaz / Achensee,14,760,774,0.2,,,slope
Dorflift – Kirchenlandl (Landl),https://www.skiresort.com/en/ski-resort/dorflift-kirchenlandl-landl/,Austria,Styria (Steiermark),Liezen / Alpenregion Nationalpark Gesäuse,36,554,590,0.2,,,slope
Katzenkopf – Walchensee,https://www.skiresort.com/en/ski-resort/katzenkopf-walchensee/,Germany,Bavaria (Bayern),Upper Bavaria (Oberbayern) / Tölzer Land,42,823,865,0.2,,,slope
Bonka – Kirchbach (St. Andrä-Wördern),https://www.skiresort.com/en/ski-resort/bonka-kirchbach-st-andrae-woerdern/,Austria,Lower Austria (Niederösterreich),Kamptal-Wagram-Tullner Donauraum Region,41,362,403,0.2,,,slope
Häselgehr,https://www.skiresort.com/en/ski-resort/haeselgehr/,Austria,Tyrol (Tirol),Reutte / Lechtal,25,1000,1025,0.2,,,slope
"Pian San Giacomo <span class=""closed-resort red""> (temporarily closed)</span>",https://www.skiresort.com/en/ski-resort/pian-san-giacomo/,Switzerland,Eastern Switzerland,Graubünden / San Bernardino Mesolcina Calanca / Val Mesolcina (Misox),20,1180,1200,0.2,,,slope+alt
Berger Anger – Berg im Drautal,https://www.skiresort.com/en/ski-resort/berger-anger-berg-im-drautal/,Austria,Carinthia (Kärnten),Upper Carinthia (Oberkärnten) / Spittal an der Drau / Outdoorpark Oberdrautal,16,670,686,0.2,,,slope
Scherbauerwiese – St. Radegund bei Graz,https://www.skiresort.com/en/ski-resort/scherbauerwiese-st-radegund-bei-graz/,Austria,Styria (Steiermark),Graz-Umgebung,11,767,778,0.2,,,slope
Provi-Snowpark – Proveis,https://www.skiresort.com/en/ski-resort/provi-snowpark-proveis/,Italy,Trentino-Alto Adige (Trentino-Südtirol),South Tyrol (Südtirol) / Merano and Environs / Val d’Ultimo (Ultental),15,1415,1430,0.1,,"€ 9,-",slope+alt
Winterwichtelland Sillian,https://www.skiresort.com/en/ski-resort/winterwichtelland-sillian/,Austria,Tyrol (Tirol),Osttirol (East Tyrol) / East Tyrolean Hochpustertal,8,1093,1101,0.1,,"€ 6,-",slope
Winterpark Neustift,https://www.skiresort.com/en/ski-resort/winterpark-neustift/,Austria,Tyrol (Tirol),Innsbruck / Innsbruck-Land / Stubai,4,991,995,0.1,,,slope
Haut-de-Caux,https://www.skiresort.com/en/ski-resort/haut-de-caux/,Switzerland,Lemanic Region,Waadt,10,1156,1166,0.1,,,slope
Kelchsau,https://www.skiresort.com/en/ski-resort/kelchsau/,Austria,Tyrol (Tirol),Tiroler Unterland / Kitzbüheler Alpen / Holiday Region Hohe Salve,5,775,780,0.1,,,slope
Holzeis-Bichl – Obermieming,https://www.skiresort.com/en/ski-resort/holzeis-bichl-obermieming/,Austria,Tyrol (Tirol),Innsbruck region,13,870,883,0.1,,,slope
Belmonte – Treschè Conca,https://www.skiresort.com/en/ski-resort/belmonte-tresche-conca/,Italy,Venetia (Veneto),Vicenza / Asiago,15,1055,1070,0.1,,,slope
Oberaichwald – Faak am See,https://www.skiresort.com/en/ski-resort/oberaichwald-faak-am-see/,Austria,Carinthia (Kärnten),Villach Region,5,641,646,0.1,,,slope
Kufstein,https://www.skiresort.com/en/ski-resort/kufstein/,Austria,Tyrol (Tirol),Tiroler Unterland / Kufstein / Kufsteinerland,10,521,531,0.1,,,slope
"Markt Piesting <span class=""closed-resort red""> (temporarily closed)</span>",https://www.skiresort.com/en/ski-resort/markt-piesting/,Austria,Lower Austria (Niederösterreich),Wiener Alpen,16,347,363,0.1,,,slope
Villard-Saint-Pancrace,https://www.skiresort.com/en/ski-resort/villard-saint-pancrace/,France,Provence-Alpes-Côte d’Azur,Hautes-Alpes / Briançon,10,1280,1290,0.1,,,slope+alt
Sonnenpark Stuls,https://www.skiresort.com/en/ski-resort/sonnenpark-stuls/,Italy,Trentino-Alto Adige (Trentino-Südtirol),South Tyrol (Südtirol) / Merano and Environs / Passeier Valley (Passeiertal),18,1300,1318,0.1,,,slope+alt
Hohe Wand Wiese – Vienna (dry slopes),https://www.skiresort.com/en/ski-resort/hohe-wand-wiese-vienna/,Austria,Vienna (Wien),,6,254,260,0.1,2,,slope
Guarda,https://www.skiresort.com/en/ski-resort/guarda/,Switzerland,Eastern Switzerland,Graubünden / Engadin Samnaun Val Müstair,23,1657,1680,0.1,,,slope+alt
Wiesen – Gruob,https://www.skiresort.com/en/ski-resort/wiesen-gruob/,Switzerland,Eastern Switzerland,Graubünden / Davos Klosters,10,1400,1410,0.1,,,slope+alt
Dola – Planken,https://www.skiresort.com/en/ski-resort/dola-planken/,Liechtenstein,,,22,793,815,0.1,,,slope
Arzleiten – Altaussee,https://www.skiresort.com/en/ski-resort/arzleiten-altaussee/,Austria,Salzkammergut,Ausseerland,9,771,780,0.1,,,slope
Trient,https://www.skiresort.com/en/ski-resort/trient/,Switzerland,Lemanic Region,Valais (Wallis) / Martigny,8,1274,1282,0.1,,,slope+alt
Pungrat – Besnica,https://www.skiresort.com/en/ski-resort/pungrat-besnica/,Slovenia,Gorenjska (Upper Carniola),,15,415,430,0.1,,,slope
Homazo – Les Haudères,https://www.skiresort.com/en/ski-resort/homazo-les-hauderes/,Switzerland,Lemanic Region,Valais (Wallis) / Val d’Hérens / Espace Dent-Blanche,6,1441,1447,0.1,,,slope+alt
Mogelsberg,https://www.skiresort.com/en/ski-resort/mogelsberg/,Switzerland,Eastern Switzerland,St. Gallen,21,805,826,0.1,,,slope
Loco Ski Academy – Saillon (dry slopes),https://www.skiresort.com/en/ski-resort/loco-ski-academy-saillon/,Switzerland,Lemanic Region,Valais (Wallis) / Martigny,3,468,471,0.1,,,slope
Ski Indoor 4810 – Passy (dry slopes),https://www.skiresort.com/en/ski-resort/ski-indoor-4810-passy/,France,Auvergne-Rhône-Alpes,Savoie Mont Blanc / Haute-Savoie / Bonneville / Pays du Mont Blanc,4,587,591,0.1,,,slope
Motrain – Glarus (dry slopes),https://www.skiresort.com/en/ski-resort/motrain-glarus/,Switzerland,Eastern Switzerland,Glarus,4,476,480,0.1,,,slope
Monte Bianco – Courmayeur,https://www.skiresort.com/en/ski-resort/monte-bianco-courmayeur/,Italy,Aosta Valley (Valle d'Aosta),Mont Blanc (Monte Bianco),2096,1370,3466,,2,"€ 80,-",slope+alt+glacier
Hochgrat (Oberstaufen),https://www.skiresort.com/en/ski-resort/hochgrat-oberstaufen/,Germany,Bavaria (Bayern),Swabia (Schwaben) / Oberallgäu / Nagelfluhkette,852,856,1708,,,"€ 44,-",slope+alt
Aiguille du Midi (Chamonix),https://www.skiresort.com/en/ski-resort/aiguille-du-midi-chamonix/,France,Auvergne-Rhône-Alpes,Savoie Mont Blanc / Haute-Savoie / Bonneville / Pays du Mont Blanc / Chamonix-Mont-Blanc,2807,1035,3842,,5,"€ 71,-",slope+alt+glacier
Pischa (Davos Klosters),https://www.skiresort.com/en/ski-resort/pischa-davos-klosters/,Switzerland,Eastern Switzerland,Graubünden / Davos Klosters,683,1800,2483,,,"SFr. 53,- / approx. € 56,-",slope+alt
Jenner – Schönau am Königssee,https://www.skiresort.com/en/ski-resort/jenner-schoenau-am-koenigssee/,Germany,Bavaria (Bayern),Upper Bavaria (Oberbayern) / Berchtesgadener Land,270,1530,1800,,3,"€ 45,-",slope+alt
Säntis – Schwägalp,https://www.skiresort.com/en/ski-resort/saentis-schwaegalp/,Switzerland,Eastern Switzerland,Appenzellerland / Appenzell Ausserrhoden,1122,1351,2473,,,,slope+alt
Dammkar – Mittenwald,https://www.skiresort.com/en/ski-resort/dammkar-mittenwald/,Germany,Bavaria (Bayern),Upper Bavaria (Oberbayern) / Zugspitz Region / Alpenwelt Karwendel,1311,933,2244,,,€ 57.90,slope+alt
Untersberg – Grödig,https://www.skiresort.com/en/ski-resort/untersberg-groedig/,Austria,Salzburg (Salzburger Land),Flachgau,1307,469,1776,,,,slope+alt
Blomberg – Bad Tölz/Wackersberg,https://www.skiresort.com/en/ski-resort/blomberg-bad-toelz-wackersberg/,Germany,Bavaria (Bayern),Upper Bavaria (Oberbayern) / Tölzer Land,533,703,1236,,,"€ 32,-",slope+alt
Schnifisberg – Schnifis,https://www.skiresort.com/en/ski-resort/schnifisberg-schnifis/,Austria,Vorarlberg,Feldkirch,654,674,1328,,,,slope+alt
Haldigrat,https://www.skiresort.com/en/ski-resort/haldigrat/,Switzerland,Central Switzerland,Engelberg-Titlis,707,1230,1937,,,,slope+alt
Kolbensattel – Oberammergau,https://www.skiresort.com/en/ski-resort/kolbensattel-oberammergau/,Germany,Bavaria (Bayern),Upper Bavaria (Oberbayern) / Zugspitz Region / Ammergauer Alpen,416,860,1276,,,,slope+alt
"Alpe Cainallo – Esino Lario <span class=""closed-resort red""> (temporarily closed)</span>",https://www.skiresort.com/en/ski-resort/alpe-cainallo-esino-lario/,Italy,Lombardy,Lecco,87,1245,1332,,2,"€ 10,-",slope+alt
"Val Maron – Enego 2000 <span class=""closed-resort red""> (temporarily closed)</span>",https://www.skiresort.com/en/ski-resort/val-maron-enego-2000/,Italy,Venetia (Veneto),Vicenza / Asiago,240,1380,1620,,6,,slope+alt
Valpelline – Ollomont (Heliski Grand Combin),https://www.skiresort.com/en/ski-resort/valpelline-ollomont-heliski-grand-combin/,Italy,Aosta Valley (Valle d'Aosta),Great Saint Bernard (Gran San Bernardo),2068,1450,3518,,,,slope
Bernina Heliski,https://www.skiresort.com/en/ski-resort/bernina-heliski/,Switzerland,Eastern Switzerland,Graubünden / Engadin St. Moritz / «,1300,2000,3300,,,,slope
